bloco;id;titulo;orgao;estudo;decisao;abrangencia;iniciativa;regime;prazo;fonte_oficial;resolvidos_12;historico_3_anos;aplica_amc;livro;Objeto;Prazo de inscrição;Resultado;Prazo de recurso;Valor;Órgão / financiador;Território;Esfera;Requisitos;Anexos;Destinação;Área de atuação;parecer
GO · Assistência social;op-op-d9564733a007;FAPEG — Chamada Pública nº 24/2024 – Programa de Auxílio à Pesquisa – Projetos de pesquisa em Cannabis Medicinal;Fundação de Amparo à Pesquisa do Estado de Goiás (FAPEG);verificação individual na fonte oficial;arquivada_encerrada;dentro;poder_publico;chamamento_publico;;https://goias.gov.br/fapeg/chamada-publica-no-24-2024-programa-de-auxilio-a-pesquisa-projetos-de-pesquisa-em-canabis-medicinal/;4;edicao_unica_no_periodo;False;op-d9564733a007;confirmado;não localizado;confirmado;não localizado;não localizado;confirmado;não localizado;confirmado;não localizado;não localizado;não localizado;não localizado;Chamada de pesquisa em cannabis medicinal da FAPEG (nº 24/2024), já encerrada com resultado final em jan/2025. Não serve à A.M.C. (fomento a pesquisador). A notícia de 2026 na base é um resíduo: a página só mostra o aviso eleitoral. Sem próximo passo além do monitoramento.
GO · Assistência social;op-op-5513f1928192;FAPEG — Chamada Brasil–Espanha (notícia) / Chamada Pública FAPEG nº 33/2025 – Enfrentamento da Violência contra Mulheres e Meninas;Fundação de Amparo à Pesquisa do Estado de Goiás (FAPEG);verificação individual na fonte oficial;arquivada_encerrada;dentro;poder_publico;chamamento_publico;;https://goias.gov.br/fapeg/chamada-publica-fapeg-no-33-2025-apoio-a-projetos-para-o-enfrentamento-da-violencia-contra-mulheres-e-meninas/;5;edicao_unica_no_periodo;False;op-5513f1928192;confirmado;não localizado;confirmado;não localizado;não localizado;confirmado;não localizado;confirmado;não localizado;confirmado;não localizado;não localizado;O registro funde uma notícia Brasil–Espanha (página hoje sem conteúdo, chamada inexistente nas listas abertas) com a Chamada 33/2025, já com resultado final em 05/08/2026. Arquivar. Próximo passo: corrigir o vínculo notícia→edital no motor.
GO · Assistência social;707269f0509a2fa20e3f;Goiás Social (SEDS) — Edital de Credenciamento em fluxo contínuo nº 001/2026 – Auxílio Nutricional e Auxílio Água e Energia;Secretaria de Estado de Desenvolvimento Social de Goiás (SEDS / Goiás Social);verificação individual na fonte oficial;valida_aberta;dentro;poder_publico;credenciamento;;https://goias.gov.br/social/edital-de-credenciamento-em-fluxo-continuo-n001-2026/;12;sem_evidencia;True;nova-9c02d7750df1;confirmado;dispensado pelo tipo;confirmado;confirmado;confirmado;confirmado;confirmado;confirmado;confirmado;confirmado;confirmado;confirmado;Credenciamento estadual aberto em fluxo contínuo (vigência de 12 meses desde 14/09/2026), com valor fixo de R$ 2,50 per capita/dia e auxílio para água e energia. Serve à A.M.C. se ela comprovar 2 anos de CNPJ e inscrição em conselho. Próximo passo: baixar o edital, a errata e os anexos e protocolar a inscrição.
GO · Assistência social;op-op-733a80818856;Goiás Social — Goiás Social abre edital no valor de R$ 10 milhões para atender entidades filantrópicas — Goiás;Goiás Social;verificação individual na fonte oficial;arquivada_encerrada;dentro;poder_publico;chamamento_publico;2024-11-04;https://goias.gov.br/social/goias-social-abre-edital-no-valor-de-r-10-milhoes-para-atender-entidades-filantropicas/;10;edicao_unica_no_periodo;False;op-733a80818856;confirmado;confirmado;confirmado;não localizado;confirmado;confirmado;confirmado;confirmado;confirmado;não localizado;confirmado;confirmado;"Chamamento estadual de 2024 para custeio de entidades assistenciais (R$ 10 mi/ano), encerrado em 04/11/2024. Serve de referência para o próximo ciclo. Falta o PDF do edital; próximo passo: monitorar a SEDS após as eleições."
GO · Assistência social;agr-5e681382ec1a;Fundo Municipal de Assistência Social de Silvânia/GO — Credenciamento de pessoas físicas e jurídicas para serviços artísticos musicais (forró) — Ofíci;Fundo Municipal de Assistência Social de Silvânia;verificação individual na fonte oficial;descartada;fora;poder_publico;credenciamento;2026-12-31;https://pncp.gov.br/app/editais/14650536000167/2026/16;7;sem_evidencia;False;sem livro: não é seleção aberta a associações (dispensa/inexigibilidade de chamamento, credenciamento de pessoa física ou compra);confirmado;confirmado;não localizado;não localizado;confirmado;confirmado;confirmado;confirmado;não localizado;não localizado;não localizado;confirmado;Credenciamento para contratar shows de forró pelo fundo de assistência de Silvânia. Não é oportunidade de recurso. Descartar.
GO · Chamamentos em diário oficial;b6c489de964c39fa1e71;Prefeitura de Goiânia / SEGENP — Edital de Chamamento Público nº 001/2026 – Natal no Parque – A Magia de Brincar (Parque Mutirama);Secretaria Municipal de Gestão de Negócios e Parcerias de Goiânia (SEGENP);verificação individual na fonte oficial;valida_aberta;dentro;poder_publico;chamamento_publico;2026-10-26;https://www.goiania.go.gov.br/Download/legislacao/diariooficial/2026/do_20260925_000008871.pdf;10;sem_evidencia;True;op-b6129b4007f2;confirmado;confirmado;confirmado;não localizado;confirmado;confirmado;confirmado;confirmado;confirmado;não localizado;confirmado;confirmado;Chamamento municipal de Goiânia para o Natal no Parque 2026, de R$ 5 mi, por termo de colaboração, com inscrições até 26/10/2026 e resultado em 06/11. Juridicamente serve à A.M.C., mas o porte exige atuação em rede. Próximo passo: baixar o edital completo (prazo de recurso e anexos) e decidir sobre um consórcio até 10/10.
GO · Criança e adolescente;op-op-554a802f5fc0;Goiás Social — Conselho da Juventude abre inscrições para seleção de OSC e eleição da mesa diretora;Conselho Estadual da Juventude de Goiás (SEDS/GO);verificação individual na fonte oficial;descartada;dentro;poder_publico;chamamento_publico;;;2;sem_evidencia;False;op-554a802f5fc0;não localizado;não localizado;não localizado;não localizado;não localizado;confirmado;não localizado;confirmado;não localizado;não localizado;não localizado;não localizado;Eleição de representantes no Conselho da Juventude, sem recurso. O registro herdou por engano os dados do edital socioeducativo (duplicata de op-op-047d2afbc2f2). Descartar.
GO · Criança e adolescente;op-op-047d2afbc2f2;SEDS/GO — Edital de Chamamento Público nº 001/2026 – Socioeducativo (CASER Rio Verde e Unidade Feminina de Anápolis);Secretaria de Estado de Desenvolvimento Social de Goiás (SEDS);verificação individual na fonte oficial;valida_aberta;dentro;poder_publico;chamamento_publico;2026-10-16;https://goias.gov.br/social/wp-content/uploads/sites/24/2026/09/SEI_95571621_Edital.pdf;12;sem_evidencia;True;op-047d2afbc2f2;confirmado;confirmado;confirmado;confirmado;confirmado;confirmado;confirmado;confirmado;confirmado;confirmado;confirmado;confirmado;Chamamento estadual aberto até 16/10/2026 para a cogestão de duas unidades socioeducativas (R$ 8,6 mi e R$ 4,3 mi). Os 12 itens estão resolvidos. Para a A.M.C. não é recomendável, pela exigência técnica e pela distância. Próximo passo: apenas monitorar o resultado (16/11).
GO · Criança e adolescente;op-op-b7fa89c45add;Goiás Social — CEDCA-GO abre edital de convocação para representantes da sociedade civil;Conselho Estadual dos Direitos da Criança e do Adolescente de Goiás (CEDCA-GO);verificação individual na fonte oficial;descartada;dentro;poder_publico;chamamento_publico;;https://goias.gov.br/social/conselho-estadual-dos-direitos-da-crianca-e-do-adolescente-abre-edital-de-convocacao-para-representantes-da-sociedade-civil/;2;sem_evidencia;False;op-b7fa89c45add;não localizado;não localizado;não localizado;não localizado;não localizado;confirmado;não localizado;confirmado;não localizado;não localizado;não localizado;não localizado;Eleição de representantes no CEDCA-GO, não é fomento. Descartar como recurso. Se a diretoria quiser concorrer a um assento, é preciso localizar o edital no DOE-GO.
GO · Criança e adolescente;op-op-6545c843a8c7;Goiás Social — Edital de seleção de representantes de entidades da sociedade civil para o CEDHIRCOP;Conselho Estadual de Direitos Humanos, Igualdade Racial e Combate ao Preconceito (CEDHIRCOP);verificação individual na fonte oficial;descartada;dentro;poder_publico;chamamento_publico;;https://goias.gov.br/social/edital-de-selecao-para-representantes-de-entidades-da-sociedade-civil-para-integrar-o-conselho-estadual-de-direitos-humanos-igualdade-racial-e-combate-ao-preconceito-cedhircop/;2;sem_evidencia;False;op-6545c843a8c7;não localizado;não localizado;não localizado;não localizado;não localizado;confirmado;não localizado;confirmado;não localizado;não localizado;não localizado;não localizado;"Eleição de conselho, não é recurso; os dados socioeducativos no registro são de outra oportunidade (op-op-047d2afbc2f2). Descartar."
GO · Criança e adolescente;op-op-dbbd50fe9427;Goiás Social — Goiás lança edital do Programa de Proteção a Crianças e Adolescentes Ameaçados de Morte para or… — Goiás;Governo do Estado de Goiás;verificação individual na fonte oficial;arquivada_encerrada;dentro;poder_publico;chamamento_publico;2025-01-02;https://goias.gov.br/social/goias-lanca-edital-do-programa-de-protecao-a-criancas-e-adolescentes-ameacados-de-morte-para-organizacoes-da-sociedade-civil/;7;edicao_unica_no_periodo;False;op-dbbd50fe9427;confirmado;confirmado;confirmado;não localizado;não localizado;confirmado;não localizado;confirmado;confirmado;não localizado;não localizado;confirmado;Chamamento PPCAM de 2024, encerrado em 02/01/2025. Não serve agora e o perfil exigido é muito especializado. Sem próximo passo além do registro histórico.
GO · Cultura;agr-95d5431aea72;Edital Cultura Goiatuba 2026: PNAB Ciclo 2;Prefeitura Municipal de Goiatuba;verificação individual na fonte oficial;valida_fora_abrangencia;fora;poder_publico;chamamento_publico;2026-10-13;https://goiatuba.go.gov.br/wp-content/uploads/2026/09/Edital-Chamamento-Publico-no-004-2026-Selecao-de-Projetos-Politica-Nacional-Aldir-Blanc-de-Fomento-a-Cultura_Ciclo-2_.pdf;12;sem_evidencia;False;op-5a86483ad0ac;confirmado;confirmado;confirmado;confirmado;confirmado;confirmado;confirmado;confirmado;confirmado;confirmado;confirmado;confirmado;Edital 004/2026 de Goiatuba (PNAB Ciclo 2), inscrições de 01 a 13/10/2026, R$ 156 mil. É aberto, mas só para pessoas físicas e coletivos sem CNPJ com ações no município, por isso não serve à A.M.C. Nenhum passo além de registrar.
GO · Cultura;53e16dff2aeb300819dd;SEGENP — Edital nº 001/2026 — Termo de Colaboração com OSC: 'Natal no Parque – A Magia de Brincar' (Parque Mutirama);Prefeitura de Goiânia — SEGENP (Secretaria de Gestão de Negócios e Parcerias);verificação individual na fonte oficial;valida_aberta;dentro;poder_publico;chamamento_publico;2026-10-26;https://www.goiania.go.gov.br/Download/legislacao/diariooficial/2026/do_20260925_000008871.pdf;12;sem_evidencia;True;op-415e2d6da023;confirmado;confirmado;confirmado;confirmado;confirmado;confirmado;confirmado;confirmado;confirmado;confirmado;confirmado;confirmado;"Chamamento da Prefeitura de Goiânia para OSC executar o Natal no Parque Mutirama, até R$ 5 milhões, protocolo por e-mail até 26/10/2026. Serve à AMC em tese, mas o porte exige atestados e capacidade; próximo passo: decidir em 1 semana se concorre sozinha ou em rede e montar a habilitação."
GO · Cultura;9e37b9ad76d2ce6ca86c;Edital Ocupa Goiás – Brasilidades & Futuros 2027 (Secult Goiás, Petrobras Futuros – RJ);Secretaria de Estado da Cultura de Goiás (Secult Goiás);verificação individual na fonte oficial;valida_aberta;dentro;mista;chamamento_publico;2026-10-29;https://goias.gov.br/cultura/secult-goias-lanca-edital-para-levar-producao-artistica-goiana-ao-rio-de-janeiro/;7;sem_evidencia;False;op-7e5874e81d84;confirmado;confirmado;não localizado;não localizado;confirmado;confirmado;confirmado;confirmado;não localizado;não localizado;não localizado;confirmado;"Edital estadual de circulação artística (R$ 1 milhão, 7 projetos) aberto até 29/10/2026 na Baru 2.0. Pode servir se a AMC tiver projeto artístico profissional e se PJ/OSC for aceita; próximo passo: ler o edital completo e os requisitos na Baru 2.0."
GO · Cultura;ca043943546c8b82ef8d;Município de Silvânia — Chamamento Público nº 01/2026 — Edital Ciclo 2 da PNAB;Município de Silvânia;verificação individual na fonte oficial;valida_fora_abrangencia;fora;poder_publico;chamamento_publico;2026-10-09;https://pncp.gov.br/app/editais/01068030000100/2026/355;7;sem_evidencia;False;op-e414e809dafe;confirmado;confirmado;não localizado;não localizado;confirmado;confirmado;confirmado;confirmado;não localizado;não localizado;não localizado;confirmado;"PNAB Ciclo 2 de Silvânia, aberto até 09/10/2026 (R$ 179.926). Fora da abrangência da AMC; serve só de referência. Próximo passo: nenhum, além de monitorar o Ciclo 2 de Goiânia."
GO · Cultura;agr-9d8cee25526b;Credenciamento de microempreendedores individuais para prestação de serviços artísticos — Município de Jandaia;Município de Jandaia;verificação individual na fonte oficial;valida_fora_abrangencia;fora;poder_publico;credenciamento;2027-05-10;https://pncp.gov.br/app/editais/02879138000138/2026/8;7;sem_evidencia;False;sem livro: fora da abrangência: oportunidade pública municipal de outro estado (só Goiás tem livros municipais);confirmado;confirmado;não localizado;não localizado;confirmado;confirmado;confirmado;confirmado;não localizado;não localizado;não localizado;confirmado;"Credenciamento municipal de Jandaia para serviços artísticos, aberto até 2027-05-10. Não é fomento a OSC e está fora de Goiânia; serve apenas como referência. Próximo passo: nenhum."
GO · Cultura;op-op-21b31c90e94a;Anápolis — Fundo Municipal de Cultura recebe inscrições até domingo (19) — Goiás / Anápolis;Prefeitura de Anápolis;verificação individual na fonte oficial;arquivada_encerrada;fora;poder_publico;chamamento_publico;2024-05-19;https://www.anapolis.go.gov.br/fundo-municipal-de-cultura-recebe-inscricoes-ate-domingo-19/;7;edicao_unica_no_periodo;False;op-1aa878592994;confirmado;confirmado;não localizado;não localizado;confirmado;confirmado;não localizado;confirmado;não localizado;não localizado;confirmado;confirmado;Edição 2023/2024 do FMC de Anápolis, encerrada em 19/05/2024. Não serve agora e é local. Vale só monitorar a nova regulamentação de 09/2026.
GO · Cultura;agr-6f108836eff1;Credenciamento de artistas regionais para serviços artísticos — calendário cultural 2026 — Município de Goiás;Município de Goiás;verificação individual na fonte oficial;valida_fora_abrangencia;fora;poder_publico;credenciamento;2026-12-31;https://pncp.gov.br/app/editais/02295772000123/2026/75;7;sem_evidencia;False;op-2a4dd855d5ed;confirmado;confirmado;não localizado;não localizado;confirmado;confirmado;confirmado;confirmado;não localizado;não localizado;não localizado;confirmado;"Credenciamento municipal de Goiás para serviços artísticos, aberto até 2026-12-31. Não é fomento a OSC e está fora de Goiânia; serve apenas como referência. Próximo passo: nenhum."
GO · Cultura;agr-7d44ee884d79;Credenciamento de cantores/músicos 'Artistas da Terra' — Município de Uruaçu;Município de Uruaçu;verificação individual na fonte oficial;valida_fora_abrangencia;fora;poder_publico;credenciamento;2026-12-31;https://pncp.gov.br/app/editais/01219807000182/2026/57;7;sem_evidencia;False;op-836cdc6249f5;confirmado;confirmado;não localizado;não localizado;confirmado;confirmado;confirmado;confirmado;não localizado;não localizado;não localizado;confirmado;"Credenciamento municipal de Uruaçu para serviços artísticos, aberto até 2026-12-31. Não é fomento a OSC e está fora de Goiânia; serve apenas como referência. Próximo passo: nenhum."
GO · Cultura;op-op-c79c9e33ec6b;Catalão — Chamamento Público PNAB (Fomento à Execução de Ações Culturais);Prefeitura Municipal de Catalão;verificação individual na fonte oficial;arquivada_encerrada;fora;poder_publico;chamamento_publico;2024-11-05;https://catalao.go.gov.br/producao/public/index.php/avisos/edital-de-chamamento-publico/chamamento-publico-politica-nacional-aldir-blanc-de-fomento-a-cultura-pnab;8;edicao_unica_no_periodo;False;op-c79c9e33ec6b;confirmado;confirmado;não localizado;não localizado;não localizado;confirmado;confirmado;confirmado;não localizado;confirmado;confirmado;confirmado;"PNAB Ciclo 1 de Catalão (2024), encerrado. Não serve à AMC; arquivar e corrigir o título/data no cadastro."
GO · Cultura;8b60c48fd99740591efb;Edital Arranjos Regionais FSA — Secult Goiás (Produção e Comercialização audiovisual);Secretaria de Estado da Cultura de Goiás / Fundo Setorial do Audiovisual (FSA);verificação individual na fonte oficial;valida_aberta;dentro;poder_publico;chamamento_publico;2026-12-01;https://goias.gov.br/cultura/arranjosregionais;8;sem_evidencia;False;op-4bc1784f3e9e;confirmado;confirmado;confirmado;confirmado;confirmado;confirmado;não localizado;confirmado;não localizado;não localizado;não localizado;confirmado;"Edital estadual de R$ 30 milhões do FSA, inscrições de 08/10 a 01/12/2026. Válido, mas a AMC não é elegível (só PJ com fins lucrativos); serve para articular parceria com produtora goiana."
GO · Cultura;op-op-5a86483ad0ac;Edital Cultura Goiatuba 2026: PNAB Ciclo 2 — Goiás / Goiatuba;Prefeitura Municipal de Goiatuba;verificação individual na fonte oficial;valida_fora_abrangencia;fora;poder_publico;chamamento_publico;2026-10-13;https://goiatuba.go.gov.br/prefeitura-de-goiatuba-publica-edital-para-selecao-de-projetos-culturais-com-recursos-da-pnab-ciclo-2/;12;sem_evidencia;False;op-2bcc013bdeac;confirmado;confirmado;confirmado;confirmado;confirmado;confirmado;confirmado;confirmado;confirmado;confirmado;confirmado;confirmado;Edital 004/2026 de Goiatuba (PNAB Ciclo 2), inscrições de 01 a 13/10/2026, R$ 156 mil. É aberto, mas só para pessoas físicas e coletivos sem CNPJ com ações no município, por isso não serve à A.M.C. Nenhum passo além de registrar.
GO · Cultura;op-op-5ddfdaa4d0c5;Goiás Turismo — edital de R$ 2 milhões para apoio a eventos turísticos;Goiás Turismo (Governo de Goiás);verificação individual na fonte oficial;arquivada_encerrada;dentro;poder_publico;chamamento_publico;2025-03-14;https://goias.gov.br/turismo/governo-de-goias-lanca-edital-de-r-2-milhoes-para-apoio-a-eventos-turisticos/;4;recorrente;False;op-5ddfdaa4d0c5;confirmado;confirmado;não localizado;não localizado;confirmado;não localizado;não localizado;não localizado;confirmado;não localizado;não localizado;não localizado;"Patrocínio estadual a eventos turísticos de 2025, encerrado. Recorrente (2023–2025), aceita OSC; monitorar a próxima edição no 1º semestre."
GO · Cultura;agr-e5107ef9b401;HIP HOP LAB;Mapa da Cultura;verificação individual na fonte oficial;descartada;dentro;mista;incentivo_fiscal;2027-06-01;https://mapa.cultura.gov.br/oportunidade/5843/;12;sem_evidencia;False;op-a5a65a1169d5;confirmado;confirmado;não informado no edital;dispensado pelo tipo;não informado no edital;confirmado;confirmado;confirmado;não informado no edital;não informado no edital;confirmado;confirmado;"Página de inscrição de participantes em oficinas de um projeto Rouanet em Goiânia/Aparecida. Não é recurso para a A.M.C.; pode ser divulgada aos jovens atendidos."
GO · Cultura;d1e5ada7b35c5824b9c7;Edital nº 004/2026 — aquisição de gêneros alimentícios da agricultura familiar (município a confirmar);Prefeitura (município a confirmar);verificação individual na fonte oficial;descartada;fora;poder_publico;chamamento_publico;;https://diariooficial.abc.go.gov.br/portal/visualizacoes/pdf/7390/;0;sem_evidencia;False;op-a65f0e054dda;não localizado;não localizado;não localizado;não localizado;não localizado;não localizado;não localizado;não localizado;não localizado;não localizado;não localizado;não localizado;"Chamada de compra de alimentos da agricultura familiar; descartada."
GO · Cultura;agr-397bc4f478e9;Chamamento para credenciamento de pessoas físicas e jurídicas com atuação artística regional — Município de Nova Roma;Município de Nova Roma;verificação individual na fonte oficial;valida_fora_abrangencia;fora;poder_publico;credenciamento;2027-04-27;https://pncp.gov.br/app/editais/01067925000112/2026/23;7;sem_evidencia;False;sem livro: não é seleção aberta a associações (dispensa/inexigibilidade de chamamento, credenciamento de pessoa física ou compra);confirmado;confirmado;não localizado;não localizado;confirmado;confirmado;confirmado;confirmado;não localizado;não localizado;não localizado;confirmado;"Credenciamento municipal de Nova Roma para serviços artísticos, aberto até 2027-04-27. Não é fomento a OSC e está fora de Goiânia; serve apenas como referência. Próximo passo: nenhum."
GO · Cultura;agr-939a52f8b7e0;Credenciamento de pessoas jurídicas para oficinas esportivas, culturais e artísticas — Município de Senador Canedo;Município de Senador Canedo;verificação individual na fonte oficial;valida_fora_abrangencia;fora;poder_publico;credenciamento;2027-08-27;https://pncp.gov.br/app/editais/25107525000151/2026/357;7;sem_evidencia;False;sem livro: não é seleção aberta a associações (dispensa/inexigibilidade de chamamento, credenciamento de pessoa física ou compra);confirmado;confirmado;não localizado;não localizado;confirmado;confirmado;confirmado;confirmado;não localizado;não localizado;não localizado;confirmado;"Credenciamento de PJ para oficinas esportivas e culturais em Senador Canedo, aberto até 27/08/2027 (R$ 792 mil). Fora de Goiânia, mas a AMC, como PJ, pode ser elegível se o edital não exigir sede local; próximo passo: ler o edital 012/2026 no PNCP."
GO · Educação;op-op-0cd7b6ef62a7;FAPEG — Chamada Pública nº 13/2026 — Apoio à Pesquisa e Inovação em Educação Especial Inclusiva;Fundação de Amparo à Pesquisa do Estado de Goiás (FAPEG);verificação individual na fonte oficial;arquivada_encerrada;dentro;poder_publico;chamamento_publico;;https://goias.gov.br/fapeg/chamada-publica-no-13-2026-edital-de-apoio-a-pesquisa-e-inovacao-em-educacao-especial-inclusiva/;5;sem_evidencia;False;op-0cd7b6ef62a7;confirmado;não localizado;confirmado;não localizado;não localizado;confirmado;não localizado;confirmado;não localizado;não localizado;não localizado;confirmado;"Chamada FAPEG 13/2026 de pesquisa em educação inclusiva, com resultado final em 01/10/2026; encerrada. Não serve à AMC salvo como parceira de campo de projetos aprovados."
GO · Educação;4fd88f080ac37762bbd2;Prefeitura de Cachoeira Alta — Edital nº 001/2026 (vinculado a processo seletivo de estagiários);Prefeitura Municipal de Cachoeira Paulista (SP) — registro trocado com Cachoeira Alta (GO);verificação individual na fonte oficial;descartada;fora;poder_publico;chamamento_publico;;https://cachoeirapaulista.sp.gov.br/home/avisos/edital-no-001-2026-processo-seletivo-processo-de-selecao-publica-de-estagiarios/;0;sem_evidencia;False;sem livro: fora da abrangência: oportunidade pública municipal de outro estado (só Goiás tem livros municipais);não localizado;não localizado;não localizado;não localizado;não localizado;não localizado;não localizado;não localizado;não localizado;não localizado;não localizado;não localizado;"Processo seletivo de estagiários; descartado."
GO · Educação;op-op-73c0b982aa92;Processo seletivo de diretores — SME Goiânia (registrado como Nova Iguaçu de Goiás);Secretaria Municipal de Educação de Goiânia;verificação individual na fonte oficial;descartada;dentro;poder_publico;chamamento_publico;;https://sme.goiania.go.gov.br/site/index.php/servicos/processo-seletivo-de-diretores/processo-seletivo-de-diretores-2025;0;sem_evidencia;False;op-225804d1cece;não localizado;não localizado;não localizado;não localizado;não localizado;não localizado;não localizado;não localizado;não localizado;não localizado;não localizado;não localizado;"Processo seletivo de diretores da SME Goiânia; descartado."
GO · Emendas parlamentares;emenda-estadual-goias-2026;Emenda Parlamentar Estadual — Goiás — captação 2026;Assembleia Legislativa do Estado de Goiás (ALEGO);verificação individual na fonte oficial;valida_aberta;dentro;poder_publico;emenda_parlamentar;;https://portal.al.go.leg.br/deputados;7;sem_evidencia;True;op-e4bdb1922e46;não localizado;não localizado;dispensado pelo tipo;dispensado pelo tipo;dispensado pelo tipo;confirmado;não localizado;confirmado;não localizado;dispensado pelo tipo;dispensado pelo tipo;não localizado;Captação de emenda estadual pela ALEGO: válida como frente contínua, sem edital. Falta o calendário oficial da LOA 2027 e a regra de execução. Próximo passo: plano de trabalho pronto e contato com gabinetes em outubro.
GO · Emendas parlamentares;emenda-municipal-goiania-2026;Emenda Parlamentar Municipal — Goiânia — captação 2026;Câmara Municipal de Goiânia;verificação individual na fonte oficial;valida_aberta;dentro;poder_publico;emenda_parlamentar;;https://www.goiania.go.leg.br/sala-de-imprensa/agencia-camara-goiania/Agencia-Camara-Goiania_noticias/comeca-a-tramitar-a-lei-orcamentaria-anual-para-2027;9;sem_evidencia;True;op-f3a394f95c4f;confirmado;não localizado;dispensado pelo tipo;dispensado pelo tipo;dispensado pelo tipo;confirmado;confirmado;confirmado;não localizado;dispensado pelo tipo;dispensado pelo tipo;não localizado;"Rota de emenda à LOA 2027 de Goiânia, já em tramitação segundo a Câmara (02/10/2026). Serve diretamente à A.M.C. Jardim América. Falta o prazo oficial de emendas e as regras de execução; próximo passo é obter o cronograma da Comissão Mista e protocolar pedidos nos gabinetes."
GO · Esporte e lazer;agr-5e4876ad8114;Edital Prefeitura Municipal de Planaltina 2026;Prefeitura Municipal de Planaltina;verificação individual na fonte oficial;pendente;dentro;poder_publico;chamamento_publico;;https://planaltina.go.gov.br/wp-content/uploads/2026/09/Edital_de_chamamento_publico_no_06-2026-.pdf;12;edicao_unica_no_periodo;True;op-5b7729a78e26;confirmado;não informado no edital;não informado no edital;confirmado;confirmado;confirmado;confirmado;confirmado;confirmado;confirmado;confirmado;confirmado;Chamamento de Planaltina (R$ 30 mil, campeonatos de futsal e society), aberto a qualquer OSC, mas sem prazo no edital. A A.M.C. pode concorrer formalmente, mas executar a ~250 km pesa. Próximo passo: ver a data no Portal de Compras Públicas antes de decidir.
GO · Esporte e lazer;op-op-7855b66dd587;Prefeitura de Nova Iguaçu de Goiás — Edital nº 001/2026 — Goiás / Nova Iguaçu de Goiás;Prefeitura de Goiânia — Secretaria Municipal de Educação (SME);verificação individual na fonte oficial;descartada;dentro;poder_publico;chamamento_publico;;https://sme.goiania.go.gov.br/site/index.php/institucional/ultimas-noticias/3169-prefeitura-de-goiania-abre-processo-seletivo-simplificado-com-vagas-temporarias-para-a-educacao;4;sem_evidencia;False;op-73c0b982aa92;confirmado;não localizado;não localizado;não localizado;não localizado;confirmado;confirmado;confirmado;não localizado;não localizado;não localizado;não localizado;Registro inconsistente: título de Nova Iguaçu de Goiás, órgão Prefeitura de Goiânia e páginas de processo seletivo de pessoal da SME. Não é oportunidade de recurso. Descartar e corrigir a coleta.
GO · Meio ambiente e clima;6c8557f6af0d252d6429;GOIAS TRIBUNAL DE JUSTICA DO ESTADO DE GOIAS — Credenciamento de entidades sem fins lucrativos aptas à coleta, transportes, pesagem, triagem e destina;Tribunal de Justiça do Estado de Goiás;verificação individual na fonte oficial;valida_aberta;dentro;poder_publico;credenciamento;2031-07-22;https://pncp.gov.br/api/consulta/v1/orgaos/02292266000180/compras/2026/83;9;sem_evidencia;False;op-d37536d65844;confirmado;dispensado pelo tipo;não localizado;não localizado;confirmado;confirmado;confirmado;confirmado;não localizado;confirmado;confirmado;confirmado;Credenciamento permanente do TJGO para entidades de reciclagem, aberto até 22/07/2031, sem repasse financeiro. Válido, mas não serve à A.M.C. sem parceria com cooperativa. Falta ler o PDF do edital para requisitos e recurso.
GO · Meio ambiente e clima;op-op-60ed2e219908;Pdf edital de credenciamento de no001/2026 - organizações da sociedade civil — Goiás;Município de Goianésia — Secretaria Municipal de Promoção Social;verificação individual na fonte oficial;valida_fora_abrangencia;fora;poder_publico;credenciamento;;https://goianesia.go.gov.br/wp-content/uploads/2023/11/Edital-Credenciamento-Promocao.pdf;12;sem_evidencia;False;op-6dde4cc20d6f;confirmado;dispensado pelo tipo;confirmado;confirmado;confirmado;confirmado;confirmado;confirmado;confirmado;confirmado;confirmado;confirmado;Credenciamento permanente de OSCs de assistência social de Goianésia, aberto desde 17/04/2026, R$ 100 mil. Fonte oficial lida, 12 itens resolvidos. Não serve à A.M.C. (exige CMAS local). Corrigir o objeto do registro, que veio do edital da SEMAD.
GO · Meio ambiente e clima;op-op-6dde4cc20d6f;Pdf edital de credenciamento de no001/2026 - organizações da sociedade civil — Goiás — Goiás / Goianésia;SEMAD — Secretaria de Estado de Meio Ambiente e Desenvolvimento Sustentável de Goiás;verificação individual na fonte oficial;valida_aberta;dentro;poder_publico;credenciamento;;https://goias.gov.br/meioambiente/wp-content/uploads/sites/33/2025/09/Edital-Retificado.pdf;12;recorrente;False;op-6dde4cc20d6f;confirmado;dispensado pelo tipo;confirmado;confirmado;dispensado pelo edital;confirmado;confirmado;confirmado;confirmado;confirmado;confirmado;confirmado;Credenciamento contínuo da SEMAD (Edital 01/2025 retificado) para OSCs da sociobiodiversidade do Cerrado goiano, sem repasse direto. Válido e aberto em Goiás, mas fora do perfil da A.M.C. O número '001/2026' do registro não foi achado na SEMAD.
GO · Meio ambiente e clima;op-op-1cd161221713;Prorrogado prazo para submissão de propostas ao edital de Conservação da Biodiversidade Legado Verdes do Cerrado — FAPEG — Fundação de Amparo à Pesqui;FAPEG — Fundação de Amparo à Pesquisa do Estado de Goiás (com Companhia Brasileira de Alumínio / Reserva Votorantim);verificação individual na fonte oficial;arquivada_encerrada;dentro;mista;chamamento_publico;2026-07-03;https://goias.gov.br/fapeg/chamada-publica-fapeg-companhia-brasileira-de-aluminio-reserva-votorantim-no-11-2026-conservacao-da-biodiversidade-legado-verdes-do-cerrado-2a-edicao/;12;edicao_unica_no_periodo;False;op-1cd161221713;confirmado;confirmado;confirmado;confirmado;confirmado;confirmado;confirmado;confirmado;confirmado;confirmado;confirmado;confirmado;Chamada FAPEG/CBA nº 11/2026 (Legado Verdes do Cerrado), encerrada em 03/07/2026 com resultado final em 03/09/2026. Não serve à A.M.C. O link gravado leva à página de Parques de Goiás, onde está outra oportunidade aberta: o Edital SEMAD nº 13/2026 de Biodiversidade, em fluxo contínuo.
GO · Outras;97773a721bd40ede563f;Prefeitura de Corumbá de Goiás — AVISO DE CHAMAMENTO PÚBLICO Nº 3/2026;Prefeitura de Corumbá de Goiás;verificação individual na fonte oficial;valida_fora_abrangencia;fora;poder_publico;premio;2026-10-15;https://www.in.gov.br/web/dou/-/aviso-de-chamamento-publico-n-3/2026-736008019;8;sem_evidencia;False;op-d6cb09ce46ae;confirmado;confirmado;não localizado;não localizado;não localizado;confirmado;confirmado;confirmado;confirmado;não localizado;confirmado;confirmado;Prêmio PNAB de Corumbá de Goiás, inscrições de 01 a 15/10/2026. É local e não serve à A.M.C. Edital completo não lido (só o aviso do DOU).
GO · Outras;op-op-2c9530c5a031;Aparecida de Goiânia — Diário Oficial de Aparecida de Goiânia — edição (2026-09-23) — chamamento público — Goiás / Aparecida de Goiânia;Município de Aparecida de Goiânia;verificação individual na fonte oficial;descartada;fora;poder_publico;chamamento_publico;;https://data.queridodiario.ok.org.br/5201405/2026-09-23/dbfec72a0b926bf54ccbc0c16e52e4c5cc801a8f.pdf;12;sem_evidencia;False;op-2c9530c5a031;confirmado;não informado no edital;não informado no edital;não informado no edital;não informado no edital;confirmado;confirmado;confirmado;não informado no edital;não informado no edital;não informado no edital;não informado no edital;"Edição do diário de Aparecida de Goiânia sem edital de fomento aberto; os 'chamamentos' citados são extratos de dispensa ou inexigibilidade. Descartar."
GO · Outras;op-op-5149c4f90049;Aparecida de Goiânia — Diário Oficial de Aparecida de Goiânia — edição (2026-09-21) — chamamento público — Goiás / Aparecida de Goiânia;Município de Aparecida de Goiânia;verificação individual na fonte oficial;descartada;fora;poder_publico;chamamento_publico;;https://data.queridodiario.ok.org.br/5201405/2026-09-21/a73ca0c81e950cad487dac54af9a658a94cae73a.pdf;12;sem_evidencia;False;op-5149c4f90049;confirmado;não informado no edital;não informado no edital;não informado no edital;não informado no edital;confirmado;confirmado;confirmado;não informado no edital;não informado no edital;não informado no edital;não informado no edital;"Edição do diário de Aparecida de Goiânia sem edital de fomento aberto; os 'chamamentos' citados são extratos de dispensa ou inexigibilidade. Descartar."
GO · Outras;op-op-5c7ff0f559e6;Aparecida de Goiânia — Diário Oficial de Aparecida de Goiânia — edição (2026-09-24) — chamamento público — Goiás / Aparecida de Goiânia;Município de Aparecida de Goiânia;verificação individual na fonte oficial;descartada;fora;poder_publico;chamamento_publico;;https://data.queridodiario.ok.org.br/5201405/2026-09-24/aa5eb74d97e23a8669f5c614b350d14a2a43b805.pdf;12;sem_evidencia;False;op-5c7ff0f559e6;confirmado;não informado no edital;não informado no edital;não informado no edital;não informado no edital;confirmado;confirmado;confirmado;não informado no edital;não informado no edital;não informado no edital;não informado no edital;"Edição do diário de Aparecida de Goiânia sem edital de fomento aberto; os 'chamamentos' citados são extratos de dispensa ou inexigibilidade. Descartar."
GO · Outras;op-op-de95f8ad694c;Aparecida de Goiânia — Diário Oficial de Aparecida de Goiânia — edição (2026-09-29) — chamamento público — Goiás / Aparecida de Goiânia;Município de Aparecida de Goiânia;verificação individual na fonte oficial;descartada;fora;poder_publico;chamamento_publico;;https://data.queridodiario.ok.org.br/5201405/2026-09-29/4424b90c8416f8c23ec06c5576ada8072e89b0ee.pdf;12;sem_evidencia;False;op-de95f8ad694c;confirmado;não informado no edital;não informado no edital;não informado no edital;não informado no edital;confirmado;confirmado;confirmado;não informado no edital;não informado no edital;não informado no edital;não informado no edital;"Edição do diário de Aparecida de Goiânia sem edital de fomento aberto; os 'chamamentos' citados são extratos de dispensa ou inexigibilidade. Descartar."
GO · Outras;op-op-b6129b4007f2;Prefeitura de Goiânia / SEGENP — Edital de Chamamento Público nº 001/2026 — Natal no Parque – A Magia de Brincar;Prefeitura de Goiânia — Secretaria Municipal de Gestão de Negócios e Parcerias (SEGENP);verificação individual na fonte oficial;valida_aberta;dentro;poder_publico;chamamento_publico;2026-10-26;https://www.goiania.go.gov.br/Download/legislacao/diariooficial/2026/do_20260925_000008871.pdf;11;sem_evidencia;True;op-519ca57560c0;confirmado;confirmado;confirmado;confirmado;confirmado;confirmado;confirmado;confirmado;confirmado;não localizado;confirmado;confirmado;Chamamento municipal de Goiânia para OSC executar o Natal no Parque (R$ 5 mi), propostas até 26/10/2026. Serve à AMC em tese (território e natureza), mas o porte exige capacidade técnica robusta. Próximo passo: baixar edital e anexos no portal de licitações e decidir em até 10 dias se concorre isoladamente ou em rede.
GO · Outras;op-op-519ca57560c0;Chamamento público publicado no Diário Oficial em 25/09/2026 — Goiás / Goiânia — Goiás / Goiânia;Agência da Guarda Civil Metropolitana de Goiânia (AGCMG);verificação individual na fonte oficial;descartada;dentro;poder_publico;credenciamento;;https://www.goiania.go.gov.br/Download/legislacao/diariooficial/2026/do_20260807_000008837.pdf;7;sem_evidencia;False;op-519ca57560c0;confirmado;não localizado;não localizado;não localizado;não localizado;confirmado;confirmado;confirmado;confirmado;não localizado;confirmado;confirmado;Não é oportunidade de recurso: credenciamento de fornecedores de uniformes da Guarda Civil. Descartar.
GO · Outras;op-op-e4a509f2b239;Editais - FAPEG — Goiás — Goiás — Goiás;Fundação de Amparo à Pesquisa do Estado de Goiás (FAPEG);verificação individual na fonte oficial;descartada;dentro;poder_publico;chamamento_publico;;https://goias.gov.br/fapeg/editais/inscricoes-abertas/;5;sem_evidencia;False;op-3e961d92ec0c;confirmado;não localizado;não localizado;não localizado;não localizado;confirmado;confirmado;confirmado;não localizado;não localizado;não localizado;confirmado;Índice de chamadas FAPEG (bolsas, mobilidade, pesquisa). Não serve à A.M.C. como proponente. Só interessa via parceria com universidade.
GO · Outras;2967173dd7ca15136dc1;Editais de Destinação de Recursos ou Bens;Ministério Público do Trabalho em Goiás;verificação individual na fonte oficial;valida_aberta;dentro;poder_publico;destinacao_judicial;2026-10-06;https://www.prt18.mpt.mp.br/servicos/editais-de-destinacao-de-recursos-bens;12;recorrente;True;nova-ac18334f53bb;confirmado;confirmado;não informado no edital;dispensado pelo tipo;confirmado;confirmado;não informado no edital;confirmado;confirmado;não informado no edital;confirmado;confirmado;Página permanente do MPT/PRT18 com edital aberto agora (9220.2026, até R$ 94.428,74, prazo de 5 dias a contar de 01/10/2026). Serve à A.M.C. se apresentar projeto social com viés trabalhista (qualificação, combate ao trabalho infantil). Próximo passo: protocolar até 06/10 e confirmar a contagem do prazo.
GO · Outras;op-op-109a827a27bd;Edital de Chamamento Público de Instituições sem Fins Lucrativos para a ... — Goiás;Governo do Estado de Goiás — Secretaria de Estado de Desenvolvimento Social (SEDS);verificação individual na fonte oficial;arquivada_encerrada;dentro;poder_publico;chamamento_publico;2026-01-23;https://goias.gov.br/social/chamamentopublico-aprendizdofuturo/;9;edicao_unica_no_periodo;False;op-4da58c0b7062;confirmado;confirmado;confirmado;não localizado;não localizado;confirmado;confirmado;confirmado;não localizado;confirmado;confirmado;confirmado;Chamamento estadual do Aprendiz do Futuro, encerrado em janeiro de 2026 e já homologado. Arquivar e monitorar a página da SEDS para novas parcerias com OSC.
GO · Outras;op-op-d377780037cf;Fundação de Amparo à Pesquisa do Estado de Goiás (FAPEG) — Fapeg lança chamada para apoio financeiro a periódi… — Goiás;Fundação de Amparo à Pesquisa do Estado de Goiás (FAPEG);verificação individual na fonte oficial;arquivada_encerrada;dentro;poder_publico;chamamento_publico;;https://goias.gov.br/fapeg/chamada-publica-no-10-2023-programa-de-apoio-a-periodicos-cientificos-de-instituicoes-de-ensino-superior-do-estado-de-goias/;5;edicao_unica_no_periodo;False;op-d377780037cf;confirmado;não localizado;não localizado;não localizado;não localizado;confirmado;confirmado;confirmado;confirmado;não localizado;não localizado;não localizado;"Chamada FAPEG de 2023 para periódicos de universidades; encerrada e fora do perfil da AMC. Arquivar."
GO · Outras;op-op-041f4fa4224e;Fundação de Amparo à Pesquisa do Estado de Goiás (FAPEG) — Prorrogado prazo para chamada pública de seleção de… — Goiás;Fundação de Amparo à Pesquisa do Estado de Goiás (FAPEG);verificação individual na fonte oficial;arquivada_encerrada;dentro;poder_publico;chamamento_publico;;https://goias.gov.br/fapeg/chamda-publica-no-31-2024-edital-de-selecao-de-bolsistas-para-projetos-de-desenvolvimento-tecnologico-e-industrial/;4;edicao_unica_no_periodo;False;op-041f4fa4224e;confirmado;não localizado;não localizado;não localizado;não localizado;confirmado;confirmado;confirmado;não localizado;não localizado;não localizado;não localizado;Seleção de bolsistas FAPEG de 2024, encerrada e destinada a pessoas físicas. Arquivar.
GO · Outras;op-op-23f097ae48eb;Goiás Turismo — Prêmio Nacional do Turismo: saiba quais são as categorias — Goiás;Governo do Estado de Goiás;verificação individual na fonte oficial;arquivada_encerrada;dentro;poder_publico;premio;2025-10-14;https://goias.gov.br/turismo/premio-nacional-do-turismo-saiba-quais-sao-as-categorias/;8;edicao_unica_no_periodo;False;op-706aa566d2e3;confirmado;confirmado;não localizado;não localizado;não localizado;confirmado;confirmado;confirmado;confirmado;não localizado;confirmado;confirmado;Prêmio Nacional do Turismo 2025, encerrado em 14/10/2025. Não serve à A.M.C. (área diferente). Só registrar o histórico.
GO · Outras;8180983cd7b8c2b298aa;Prefeitura de Goiatuba — Edital nº 004/2026;Prefeitura de Goiatuba;verificação individual na fonte oficial;valida_fora_abrangencia;fora;poder_publico;chamamento_publico;2026-10-13;https://diariooficial.abc.go.gov.br/portal/visualizacoes/pdf/7376/#e:7376;12;sem_evidencia;False;op-ff20213995f2;confirmado;confirmado;confirmado;confirmado;confirmado;confirmado;confirmado;confirmado;confirmado;confirmado;confirmado;confirmado;Edital 004/2026 de Goiatuba (PNAB Ciclo 2), inscrições de 01 a 13/10/2026, R$ 156 mil. É aberto, mas só para pessoas físicas e coletivos sem CNPJ com ações no município, por isso não serve à A.M.C. Nenhum passo além de registrar.
GO · Outras;448c8e19f08994a9661f;SECTI-GO (ciência e tecnologia) — Edital nº 002/2026;SECTI-GO;verificação individual na fonte oficial;valida_aberta;dentro;poder_publico;chamamento_publico;2026-10-26;https://goias.gov.br/inovacao/wp-content/uploads/sites/26/2026/09/Edital-1.pdf;12;edicao_unica_no_periodo;True;op-e8af24936609;confirmado;confirmado;não informado no edital;confirmado;confirmado;confirmado;confirmado;confirmado;confirmado;confirmado;confirmado;confirmado;Chamamento SECTI 02/2026 (Cidadão Tech 60+), até R$ 1 milhão, envelopes até 26/10/2026. É a melhor oportunidade do lote para a A.M.C. (idosos, Goiás, OSC). Próximo passo: ler o Termo de Referência (Anexo 2) e montar o dossiê de experiência.
GO · Pessoa idosa;526f5dd9c6f66173a74e;FUNDO MUNICIPAL DE ASSISTENCIA SOCIAL DE INHUMAS - FMAS — CHAMAMENTO PÚBLICO O CREDENCIAMENTO DE INSTITUIÇÕES DE LONGA PERMANÊNCIA PARA IDOSOS  ILPIS;FUNDO MUNICIPAL DE ASSISTENCIA SOCIAL DE INHUMAS - FMAS;verificação individual na fonte oficial;valida_aberta;dentro;poder_publico;credenciamento;2031-08-10;https://pncp.gov.br/app/editais/11598317000198/2026/36;12;sem_evidencia;False;op-662c854db2d6;confirmado;dispensado pelo tipo;confirmado;confirmado;confirmado;confirmado;confirmado;confirmado;confirmado;confirmado;confirmado;confirmado;"Credenciamento permanente de ILPIs em Inhumas/GO, aberto e comprovado no PDF do edital no PNCP. Não serve para a A.M.C., que não opera ILPI; pode ser divulgado a parceiras. 12/12 itens resolvidos."
GO · Saúde;op-op-ea820a4ce757;Editais de Chamamento — Goiás / Goiânia;Secretaria Municipal de Saúde de Goiânia;verificação individual na fonte oficial;descartada;dentro;poder_publico;credenciamento;;https://saude.goiania.go.gov.br/editas-de-chamamento-publico;5;recorrente;False;op-ea820a4ce757;confirmado;não localizado;não localizado;não localizado;não localizado;confirmado;confirmado;confirmado;não localizado;não localizado;não localizado;confirmado;"Página de credenciamentos da SMS de Goiânia; o item é contratação de profissionais de saúde. Descartar, mantendo a página no monitoramento só para eventual chamamento de OSC."
GO · Saúde;op-op-d32b4ceef777;Edital chamamento público nº 001/2026 (oss) — Goiás / Goiânia;Secretaria Municipal de Saúde de Goiânia;verificação individual na fonte oficial;descartada;dentro;poder_publico;credenciamento;;https://saude.goiania.go.gov.br/editas-de-chamamento-publico/edital-de-chamamento-publico-no-001-2026/;6;recorrente;False;op-d32b4ceef777;confirmado;não localizado;não localizado;não localizado;não localizado;confirmado;confirmado;confirmado;confirmado;não localizado;não localizado;confirmado;Credenciamento de prestadores de saúde ao SUS de Goiânia. Não é captação para a AMC. Descartar. Observação: a lista da SMS descreve o 001/2026 como qualificação de OS (08/04/2026), divergente da página — conferir no PDF se houver interesse.
GO · Saúde;e475060d29eeaa47ff5a;Ouvidoria da Secretaria de Saúde;Secretaria Municipal de Saúde de Goiânia;verificação individual na fonte oficial;descartada;dentro;poder_publico;credenciamento;;https://saude.goiania.go.gov.br/editas-de-chamamento-publico/edital-de-chamamento-publico-no-003-2025/;6;recorrente;False;nova-594deb282940;confirmado;não localizado;não localizado;não localizado;não localizado;confirmado;confirmado;confirmado;confirmado;não localizado;não localizado;confirmado;Credenciamento de médicos pessoa física da SMS de Goiânia. Descartar.
GO · Saúde;c17734ef3d6aade9b924;MUNICIPIO DE TRINDADE — CREDENCIAMENTO DE INSTITUIÇÕES DE ASSISTÊNCIA SOCIAL PARA ACOLHIMENTO INSTITUCIONAL DE IDOSOS (ILPI) E, EXCEPCIONALMENTE, PESS;MUNICIPIO DE TRINDADE;verificação individual na fonte oficial;valida_aberta;dentro;poder_publico;credenciamento;2027-08-07;https://pncp.gov.br/app/editais/01217538000115/2026/115;12;sem_evidencia;False;op-1995b432e0e1;confirmado;dispensado pelo tipo;confirmado;confirmado;confirmado;confirmado;confirmado;confirmado;confirmado;confirmado;confirmado;confirmado;Credenciamento de ILPIs em Trindade/GO, aberto até 07/08/2027 e comprovado no edital do PNCP. Não serve à A.M.C. diretamente. 12/12 resolvidos.
BR · Assistência social;agr-081c2ac4a7da;Edital Fundação Aperam Acesita Social 2026;Fundação Aperam Acesita;verificação individual na fonte oficial;valida_fora_abrangencia;fora;iniciativa_privada;patrocinio_privado;2026-10-04;https://brasil.aperam.com/sustentabilidade/social/fundacao-aperam-acesita/editaldeprojetos;12;recorrente;False;op-a1276b2765be;confirmado;confirmado;confirmado;confirmado;confirmado;confirmado;confirmado;confirmado;confirmado;confirmado;confirmado;confirmado;Edital privado da Fundação Aperam, aberto até 04/10/2026, comprovado no regulamento oficial. Fora da abrangência (MG). 12/12 resolvidos.
BR · Assistência social;09590060f0bad9ff9a05;BNDES abre chamada para apoiar projetos de organizações periféricas em todo o país;BNDES;verificação individual na fonte oficial;valida_aberta;dentro;poder_publico;chamamento_publico;2026-12-04;https://www.bndes.gov.br/wps/portal/site/home/onde-atuamos/social/bndes-periferias;10;recorrente;False;op-9b1d2dfcbd4e;confirmado;confirmado;não localizado;não localizado;confirmado;confirmado;confirmado;confirmado;confirmado;confirmado;confirmado;confirmado;"Chamada federal aberta até 04/12/2026, com fonte oficial. Não serve à A.M.C. como proponente direta pelo porte; o próximo passo é procurar gestor de rede em Goiânia e confirmar se o bairro se enquadra nas categorias G a K do IBGE."
BR · Assistência social;1078158fdb0136be112b;Fundo Baobá — Programa de Aceleração do Desenvolvimento de Lideranças Femininas Negras: Marielle Franco;Fundo Baobá;verificação individual na fonte oficial;valida_aberta;dentro;iniciativa_privada;patrocinio_privado;;https://editais.baoba.org.br/programa-marielle-franco-2;10;sem_evidencia;False;op-e646a4e960c3;confirmado;não localizado;não localizado;dispensado pelo tipo;confirmado;confirmado;confirmado;confirmado;confirmado;confirmado;confirmado;confirmado;"Programa nacional privado aberto, com R$ 300 mil e assessoria. Em regra não serve à A.M.C. (critério de composição); falta confirmar a data-limite no PDF. Próximo passo: repassar a coletivos parceiros de mulheres negras."
BR · Assistência social;op-nova-962fbc0ba13a;ONGs e coletivos periféricos do Nordeste podem se inscrever em edital que oferece apoio de R$ 300 mil até o dia 12 — ABCR — Associação Brasileira de C;Banco Nacional de Desenvolvimento Econômico e Social (BNDES);verificação individual na fonte oficial;arquivada_encerrada;fora;mista;chamamento_publico;2026-08-18;https://www.ekloos.org/periferiasfortes;10;edicao_unica_no_periodo;False;nova-962fbc0ba13a;confirmado;confirmado;confirmado;não localizado;confirmado;confirmado;confirmado;confirmado;confirmado;não localizado;confirmado;confirmado;"Edital BNDES/Ekloos de fortalecimento de OSPs do Nordeste, encerrado em 18/08/2026 (resultado em 30/10). Não serve à A.M.C.; vale monitorar uma futura região Centro-Oeste."
BR · Assistência social;agr-69bfeac2a6d5;BNDES abre inscrições para apoiar projetos de até R$ 2 milhões em periferias;BNDES — Fundo Socioambiental;verificação individual na fonte oficial;valida_aberta;dentro;poder_publico;chamamento_publico;2026-12-04;https://www.bndes.gov.br/wps/portal/site/home/onde-atuamos/social/bndes-periferias;10;recorrente;False;op-851f7df4e7ed;confirmado;confirmado;não localizado;não localizado;confirmado;confirmado;confirmado;confirmado;confirmado;confirmado;confirmado;confirmado;BNDES Periferias 6º ciclo aberto até 04/12/2026, nacional, comprovado na página oficial. Serve à A.M.C. só como subprojeto de uma rede proponente. Faltam resultado e recurso do ciclo (10/12).
BR · Assistência social;agr-a6897875c27d;Chamada Pública MCTI/CNPq/MIR/MMulheres/MPI nº 20/2026 - Atlânticas - Programa Beatriz Nascimento de Mulheres na Ciência;MCTI/CNPq;verificação individual na fonte oficial;descartada;dentro;poder_publico;chamamento_publico;;https://www.gov.br/mulheres/pt-br/acesso-a-informacao/editais/2026/chamada-publica-mcti-cnpq-mir-mmulheres-mpi-no-20-2026-atlanticas-programa-beatriz-nascimento-de-mulheres-na-ciencia;6;sem_evidencia;False;op-3510c514c823;confirmado;não localizado;não localizado;não localizado;não localizado;confirmado;não localizado;confirmado;confirmado;não localizado;confirmado;confirmado;"É chamada de bolsas individuais do CNPq, não oportunidade de recurso para OSC. Descartar da base; no máximo divulgar à comunidade."
BR · Assistência social;agr-2d47aef548e2;Chamada de Projetos: Fundo Brasil apoia iniciativas em direitos digitais e regulação de plataformas;Fundo Brasil de Direitos Humanos;verificação individual na fonte oficial;arquivada_encerrada;dentro;iniciativa_privada;patrocinio_privado;2026-05-19;https://www.fundobrasil.org.br/edital/direitos-digitais-2026/;12;sem_evidencia;False;op-1398c8cd5c20;confirmado;confirmado;confirmado;dispensado pelo tipo;confirmado;confirmado;confirmado;confirmado;confirmado;confirmado;confirmado;confirmado;"Edital nacional privado já encerrado em 19/05/2026. Arquivar; servir só de referência de calendário do Fundo Brasil."
BR · Assistência social;agr-2f3208dbaaa8;ESTRUTURAÇÃO DA REDE DE SERVIÇOS DO SUAS - EMENDAS DE COMISSÃO - CUSTEI - GND3 (programa 2026 - 00065);Diretoria-Executiva do Fundo Nacional de Assistência Social;verificação individual na fonte oficial;valida_aberta;dentro;poder_publico;emenda_parlamentar;2026-12-31;https://api-publica.transferegov.gestao.gov.br/parcerias/programa?cd_programa=2026+-+00065;12;sem_evidencia;False;op-ce2cb33441a9;confirmado;confirmado;dispensado pelo tipo;dispensado pelo tipo;dispensado pelo tipo;confirmado;não informado no edital;confirmado;confirmado;dispensado pelo tipo;dispensado pelo tipo;confirmado;"Programa federal aberto até 31/12/2026, mas só para entes via fundo a fundo. Não serve como inscrição direta; próximo passo é articular emenda ao FMAS de Goiânia e parceria posterior com a Prefeitura."
BR · Assistência social;8cb4feb3bc32b59b3b56;Editais de Fomento a Ações de Prevenção e Combate de Incêndios Florestais na Amazônia e Pantanal;;verificação individual na fonte oficial;pendente;fora;poder_publico;chamamento_publico;;;0;sem_evidencia;False;op-939fd24445e2;não localizado;não localizado;não localizado;não localizado;não localizado;não localizado;não localizado;não localizado;não localizado;não localizado;não localizado;não localizado;"Notícia do MMA inacessível (defeso); indícios de que é de 2025. Pendente de fonte oficial e fora do perfil. 0/12."
BR · Assistência social;14082a9a4394d27d3685;Edital nº. 4/2026 - Processo de chamamento público para eleição de organizações da sociedade civil e movimentos sociais para comporem o comitê de impl;;verificação individual na fonte oficial;descartada;dentro;poder_publico;chamamento_publico;;https://www.gov.br/mdh/pt-br/navegue-por-temas/participacao-social/editais;6;sem_evidencia;False;op-2a795d302c0f;confirmado;não localizado;não localizado;não localizado;não localizado;confirmado;confirmado;confirmado;não localizado;não localizado;confirmado;confirmado;Edital de composição de comitê do MDHC, sem repasse. Descartar da base de oportunidades de recurso.
BR · Assistência social;agr-e859ae79b8da;Edital – Soluções Climáticas a partir da Base;Fundo Brasil de Direitos Humanos;verificação individual na fonte oficial;arquivada_encerrada;dentro;iniciativa_privada;patrocinio_privado;2026-05-08;https://www.fundobrasil.org.br/edital/solucoes-climaticas-a-partir-da-base/;12;recorrente;False;op-5b5e178b3cd7;confirmado;confirmado;confirmado;dispensado pelo tipo;confirmado;confirmado;confirmado;confirmado;confirmado;confirmado;confirmado;confirmado;Edital privado nacional encerrado em 08/05/2026. Arquivar como referência de calendário do Fundo Brasil.
BR · Assistência social;agr-20f169d132db;Fundo Brasil oferece apoio emergencial a defensores de direitos humanos em risco;;verificação individual na fonte oficial;valida_aberta;dentro;iniciativa_privada;patrocinio_privado;;https://www.fundobrasil.org.br/nosso-trabalho/apoio-a-sociedade-civil/apoio-emergencial/;11;sem_evidencia;False;op-beb625683100;confirmado;não informado no edital;não informado no edital;dispensado pelo tipo;não informado no edital;confirmado;não localizado;confirmado;confirmado;confirmado;confirmado;confirmado;"Canal emergencial permanente do Fundo Brasil para defensores em risco. Não serve como captação ordinária; registrar no protocolo interno de segurança."
BR · Assistência social;agr-7e98636358e2;Instituto Lojas Renner e Instituto ACP abrem inscrições para formação gratuita de OSCs que promovem os direitos das mulheres;;verificação individual na fonte oficial;arquivada_encerrada;dentro;iniciativa_privada;patrocinio_privado;2026-08-02;https://www.institutolojasrenner.org.br/jornada-fortalecidas/;12;sem_evidencia;False;op-efd148c06742;confirmado;confirmado;confirmado;dispensado pelo tipo;não informado no edital;confirmado;confirmado;confirmado;confirmado;confirmado;confirmado;confirmado;Formação gratuita encerrada em 02/08/2026, sem aporte financeiro. Arquivar.
BR · Chamamentos em diário oficial;op-op-080e80b33a90;"Diário Oficial de Itapeva (SP) 2026-09-23 — ""edital de chamamento público"" associação — Prefeitura Municipal de Itapeva";Prefeitura Municipal de Itapeva;verificação individual na fonte oficial;pendente;fora;poder_publico;chamamento_publico;;;0;sem_evidencia;False;sem livro: fora da abrangência: oportunidade pública municipal de outro estado (só Goiás tem livros municipais);não localizado;não localizado;não localizado;não localizado;não localizado;não localizado;não localizado;não localizado;não localizado;não localizado;não localizado;não localizado;"Menção em diário de Itapeva/SP não lida (Querido Diário inacessível). Fora da abrangência; pendente. 0/12."
BR · Chamamentos em diário oficial;op-op-2a1d1202ac04;"Diário Oficial de Macatuba (SP) 2026-09-22 — ""edital de chamamento público"" associação — Prefeitura Municipal de Macatuba/SP";Prefeitura Municipal de Macatuba/SP (lote indica Macaé — divergente);verificação individual na fonte oficial;pendente;fora;poder_publico;chamamento_publico;;;0;sem_evidencia;False;sem livro: fora da abrangência: oportunidade pública municipal de outro estado (só Goiás tem livros municipais);não localizado;não localizado;não localizado;não localizado;não localizado;não localizado;não localizado;não localizado;não localizado;não localizado;não localizado;não localizado;Registro confuso (Macatuba/Macaé) e diário não lido. Pendente e fora da abrangência. 0/12.
BR · Criança e adolescente;agr-43a5be98b190;BNDES abre edital de até R$ 15 milhões para projetos voltados à infância e adolescência;BNDES;verificação individual na fonte oficial;arquivada_encerrada;fora;mista;incentivo_fiscal;2026-08-25;https://www.bndes.gov.br/wps/portal/site/home/onde-atuamos/social/edital-projetos-fdca;12;sem_evidencia;False;op-7b8b20999b37;confirmado;confirmado;confirmado;dispensado pelo tipo;confirmado;confirmado;confirmado;confirmado;confirmado;confirmado;confirmado;confirmado;Edital FCA 01/2026 do BNDES, inscrições encerradas em 25/08/2026 e território fora de Goiás. Arquivar. 12/12 resolvidos.
BR · Criança e adolescente;agr-e42d8518a11e;Juventude Solidária está com inscrições abertas para projetos sociais em todo o país;Presidência da República — Secretaria-Geral;verificação individual na fonte oficial;arquivada_encerrada;dentro;poder_publico;chamamento_publico;2026-06-11;https://brasilparticipativo.presidencia.gov.br/processes/juventudesolidaria;7;sem_evidencia;False;op-6ddffdbfa2d9;confirmado;confirmado;confirmado;confirmado;não localizado;confirmado;confirmado;confirmado;não localizado;não localizado;não localizado;não localizado;Juventude Solidária, nacional, adesão de projetos encerrada em 11/06/2026. Arquivar e acompanhar próximo ciclo. 7/12 resolvidos.
BR · Criança e adolescente;agr-177403802e2c;Prêmio nacional da Enap oferece até R$ 20 mil para iniciativas que protegem crianças e adolescentes em situação de rua;;verificação individual na fonte oficial;valida_aberta;dentro;poder_publico;premio;2026-10-13;https://enap.gov.br/educacao-e-capacitacao/programa-de-aperfeicoamento-para-carreiras/premios/concurso-premio-mdhc/;11;primeira_edicao;True;op-0d2ab7638fd7;confirmado;confirmado;confirmado;confirmado;confirmado;confirmado;confirmado;confirmado;confirmado;não localizado;confirmado;confirmado;"Prêmio federal aberto até 13/10/2026, nacional e com categoria para OSC. Serve se a A.M.C. tiver prática documentada com crianças em situação de rua; próximo passo é ler o edital no repositório da Enap e redigir o relato esta semana."
BR · Cultura;cat-1c9eb96c5d47;Zurich abre edital nacional para apoiar projetos sociais via leis de incentivo fiscal;Zurich Seguros;verificação individual na fonte oficial;valida_aberta;dentro;mista;incentivo_fiscal;2026-10-19;https://edge.sitecorecloud.io/zurichinsurf8c0-zwpshared-prod-d824/media/project/zurich-headless/brazil/docs/lei-incentivo/regulamento-edital-de-incentivados-zurich-seguros-2026.pdf;12;sem_evidencia;True;op-db32e97cc7a4;confirmado;confirmado;confirmado;dispensado pelo edital;dispensado pelo edital;confirmado;confirmado;confirmado;confirmado;confirmado;confirmado;confirmado;"Edital privado incentivado, aberto até 19/10/2026 e nacional. Serve à A.M.C. desde que já tenha projeto aprovado em lei federal; sem isso, não há como concorrer nesta edição. Próximo passo: verificar projetos aprovados da associação e inscrever pelo formulário (Anexo II)."
BR · Cultura;agr-63e537851550;Delfina Foundation promove residência em Londres para artistas visuais de Portugal e de Países Africanos de Língua Portuguesa;Delfina Foundation;verificação individual na fonte oficial;valida_fora_abrangencia;fora;iniciativa_privada;patrocinio_privado;2026-10-04;https://www.dgartes.gov.pt/pt/node/10265;10;sem_evidencia;False;op-64a8ce750549;confirmado;confirmado;não localizado;dispensado pelo tipo;confirmado;confirmado;confirmado;confirmado;confirmado;não localizado;confirmado;confirmado;Residência da Delfina Foundation, aberta até 04/10/2026, mas só para artistas de Portugal/PALOP. Fora da abrangência. 10/12.
BR · Cultura;agr-9976989216a8;Braunschweig Projects 2027/2028;HBK Braunschweig (Hochschule für Bildende Künste Braunschweig);verificação individual na fonte oficial;valida_fora_abrangencia;fora;poder_publico;chamamento_publico;2026-10-04;https://www.hbk-bs.de/bs-projects-english/call-and-application-1/;12;sem_evidencia;False;op-817af71f13e0;confirmado;confirmado;não informado no edital;não informado no edital;confirmado;confirmado;confirmado;confirmado;confirmado;confirmado;confirmado;confirmado;"Bolsa de residência pública alemã para artistas individuais, com prazo em 04/10/2026. Não serve à A.M.C.; no máximo, divulgar a artista formado que atenda à janela de diplomação."
BR · Cultura;op-op-114cf6cd87f5;Edital Ambev 2026: R$ 67M para Cultura e Esporte — Ambev;AMBEV;verificação individual na fonte oficial;valida_aberta;dentro;mista;incentivo_fiscal;2026-10-31;https://prosas.com.br/editais/16452-edital-ambev-brasilidade;11;sem_evidencia;True;op-8bf4f201ccc1;confirmado;confirmado;não localizado;dispensado pelo tipo;confirmado;confirmado;confirmado;confirmado;confirmado;confirmado;confirmado;confirmado;Ambev Brasilidades 2026 segue aberto até 31/10/2026 apenas para projetos de Carnaval, com Goiás aceito. Serve à A.M.C. se houver projeto de Carnaval no Goyazes. 11/12 (falta Resultado).
BR · Cultura;agr-209362601d48;2027 A4 Residency Art Center International Residency Program launch;Res Artis (rede de residências);verificação individual na fonte oficial;pendente;fora;iniciativa_privada;patrocinio_privado;;https://www.a4artmuseum.com/en/a4-residencyartcenter/about-residency/;7;recorrente;False;op-3ccf31d1eba4;confirmado;não localizado;não localizado;dispensado pelo tipo;não localizado;confirmado;confirmado;confirmado;confirmado;não localizado;não localizado;confirmado;Chamada 2027 do A4 sem prazo na fonte oficial. Pendente e sem aderência à A.M.C. 7/12.
BR · Cultura;agr-fafb001052af;A desFrutada #05 - quem tem medo da cultura woke?.;Mapa da Cultura (cadastro de agente pessoa física);verificação individual na fonte oficial;descartada;fora;iniciativa_privada;chamamento_publico;;https://mapa.cultura.gov.br/api/opportunity/find?id=EQ(5706);12;sem_evidencia;False;op-cdb2845c3a6c;confirmado;confirmado;não informado no edital;não informado no edital;não informado no edital;confirmado;não informado no edital;não informado no edital;não informado no edital;confirmado;não informado no edital;confirmado;Falso positivo: cadastro pessoal no Mapa da Cultura com prazo 2111. Descartar.
BR · Cultura;agr-419f3e193ac0;AVISO DE SELEÇÃO PÚBLICA Nº 4/2026;Fundação de Apoio à Cultura, Ensino, Pesquisa e Extensão de Alfenas;verificação individual na fonte oficial;descartada;fora;poder_publico;chamamento_publico;;https://facepevirtual.org.br/facepe/selecao-publica;5;sem_evidencia;False;op-ac70c8d73581;confirmado;não localizado;não localizado;não localizado;não localizado;confirmado;não localizado;confirmado;não localizado;não localizado;confirmado;confirmado;Falso positivo: seleção de fornecedor por menor preço. Descartar.
BR · Cultura;agr-725ffa0f3158;Abre la convocatoria para el Premio Iberoamericano de Danza: un reconocimiento a la trayectoria colectiva y la cooperación regional;Iberescena;verificação individual na fonte oficial;arquivada_encerrada;fora;poder_publico;premio;2026-05-21;https://iberescena.org/Noticias/2535;8;primeira_edicao;False;op-a2f98d3f2546;confirmado;confirmado;não localizado;não localizado;confirmado;confirmado;confirmado;confirmado;confirmado;não localizado;não localizado;confirmado;Prêmio Ibero-americano de Dança 2026, inscrições encerradas em 21/05/2026. Arquivar. 8/12.
BR · Cultura;agr-2f980b977537;Aesthetica Art Prize 2026 — £10 mil para artistas de qualquer disciplina (Reino Unido);Aesthetica Magazine;verificação individual na fonte oficial;valida_fora_abrangencia;fora;iniciativa_privada;premio;2026-10-11;https://shop.aestheticamagazine.com/products/aesthetica-art-prize-entry;12;recorrente;False;op-d06887a0efce;confirmado;confirmado;não informado no edital;não informado no edital;confirmado;confirmado;não informado no edital;confirmado;não informado no edital;não informado no edital;confirmado;confirmado;"Prêmio privado britânico, aberto até 11/10/2026. Não serve à A.M.C. como entidade; atenção: o site já exibe a 'shortlist 2026', então a inscrição atual pode ser da edição seguinte."
BR · Cultura;agr-22c7a96b8e88;Art Explora – Cité internationale des arts Residency programme 2027;TransArtists / DutchCulture;verificação individual na fonte oficial;valida_fora_abrangencia;fora;iniciativa_privada;patrocinio_privado;2026-10-30;https://www.artexplora.org/en/the-artists-residencies-programme-presentation;10;recorrente;False;op-48369fa6ce4d;confirmado;confirmado;não localizado;dispensado pelo tipo;confirmado;confirmado;confirmado;confirmado;confirmado;não localizado;confirmado;confirmado;Residência Art Explora 2027 aberta até 30/10/2026, confirmada no site oficial. Fora do perfil da A.M.C. 10/12.
BR · Cultura;agr-3a34baa9b397;Arte-educador(a) com atuação em contação de histórias e educação antirracista;Mapa da Cultura (agente pessoa física);verificação individual na fonte oficial;descartada;fora;iniciativa_privada;chamamento_publico;2026-12-31;https://mapa.cultura.gov.br/api/opportunity/find?id=EQ(6806);12;sem_evidencia;False;op-09fee20fa3c4;confirmado;confirmado;não informado no edital;não informado no edital;não informado no edital;confirmado;não informado no edital;não informado no edital;não informado no edital;confirmado;não informado no edital;confirmado;"Falso positivo (autodivulgação profissional). Descartar; eventualmente, o perfil pode ser contato para oficinas, mas não é captação."
BR · Cultura;agr-7c58a6167e5f;Assssoria Gratuita individual e Municipal;Agência Itapecuruense de Artes e Cultura (espaço cadastrado no Mapa da Cultura);verificação individual na fonte oficial;descartada;fora;iniciativa_privada;premio;;https://mapa.cultura.gov.br/api/opportunity/find?id=EQ(5691);12;sem_evidencia;False;sem livro: fora da abrangência: oportunidade pública municipal de outro estado (só Goiás tem livros municipais);confirmado;confirmado;não informado no edital;não informado no edital;não informado no edital;confirmado;não informado no edital;confirmado;não informado no edital;não informado no edital;confirmado;confirmado;Falso positivo: oferta de consultoria por sorteio, com prazo fictício (2111). Descartar.
BR · Cultura;agr-c67932871a7f;Batalha de rima do jacaré;Agente pessoa física (Mapa da Cultura);verificação individual na fonte oficial;descartada;fora;iniciativa_privada;premio;;https://mapa.cultura.gov.br/api/opportunity/find?id=EQ(8365);12;sem_evidencia;False;op-d9f0876ee6d1;confirmado;confirmado;não informado no edital;não informado no edital;não informado no edital;confirmado;confirmado;confirmado;não informado no edital;não informado no edital;não informado no edital;confirmado;Falso positivo (evento local). Descartar.
BR · Cultura;agr-fe227e03d7ef;Cadastro Nacional de Pontos e Pontões de Cultura;Ministério da Cultura — Cadastro Nacional Cultura Viva;verificação individual na fonte oficial;valida_aberta;dentro;poder_publico;fluxo_continuo;;https://mapa.cultura.gov.br/oportunidade/5386/;6;recorrente;True;op-cd7c576fd820;confirmado;dispensado pelo tipo;não localizado;não localizado;não localizado;confirmado;confirmado;confirmado;não localizado;não localizado;não localizado;confirmado;Não é edital com dinheiro, e sim a certificação permanente de Pontos de Cultura do MinC, aberta em fluxo contínuo. Serve à A.M.C. como habilitação estratégica. Próximo passo: ler o regulamento no Mapa da Cultura e inscrever a entidade com portfólio cultural documentado.
BR · Cultura;agr-325fae5641cd;Compartilhamos a chamada do V Prêmio Internacional de Composição «Portus Apostoli» para harpa solista e orquestra de cordas;Asociación Noia Harp Fest (Espanha) — divulgado pelo Ibermúsicas;verificação individual na fonte oficial;valida_fora_abrangencia;fora;iniciativa_privada;premio;2026-12-23;https://noiaharpfest.gal/?page_id=3990;11;recorrente;False;op-2381270f9778;confirmado;confirmado;confirmado;não localizado;confirmado;confirmado;confirmado;confirmado;confirmado;confirmado;confirmado;confirmado;"Prêmio internacional de composição aberto até 23/12/2026. Fora do perfil da A.M.C.; só divulgar a compositores da comunidade."
BR · Cultura;agr-1c217330eb66;Compartimos la convocatoria del V Premio Internacional de Composición «Portus Apostoli» para arpa solista y orquesta de cuerda;Asociación Noia Harp Fest (Espanha) — divulgado pelo Ibermúsicas;verificação individual na fonte oficial;valida_fora_abrangencia;fora;iniciativa_privada;premio;2026-12-23;https://noiaharpfest.gal/?page_id=3990;11;recorrente;False;op-67d7185c3df5;confirmado;confirmado;confirmado;não localizado;confirmado;confirmado;confirmado;confirmado;confirmado;confirmado;confirmado;confirmado;"Prêmio internacional de composição aberto até 23/12/2026. Fora do perfil da A.M.C.; só divulgar a compositores da comunidade. Duplicata (versão em espanhol) de agr-325fae5641cd."
BR · Cultura;agr-eca6ec50b54e;Concurso ‘Talentos contemporâneos’ 16ª edição, Fondation François Schneider;Fondation François Schneider (França) — divulgado pela DGARTES;verificação individual na fonte oficial;valida_fora_abrangencia;fora;iniciativa_privada;premio;2026-11-22;https://www.fondationfrancoisschneider.org/;6;recorrente;False;op-67ec4f84c8f2;confirmado;confirmado;não localizado;dispensado pelo tipo;não localizado;confirmado;não localizado;confirmado;não localizado;não localizado;não localizado;confirmado;"Concurso internacional privado de artes visuais, aberto até 22/11/2026. Fora do perfil da A.M.C.; só divulgar a artistas locais."
BR · Cultura;agr-088f996265b1;Concursos de Teatro e Prêmios 2026;editaisculturais.com.br (agregador);verificação individual na fonte oficial;descartada;fora;iniciativa_privada;premio;;;0;sem_evidencia;False;op-3f58b70caa55;não localizado;não localizado;não localizado;não localizado;não localizado;não localizado;não localizado;não localizado;não localizado;não localizado;não localizado;não localizado;Falso positivo (lista genérica de agregador). Descartar.
BR · Cultura;agr-32a1ce5b7a36;Convocatoria Festival ANCLA, Festival Internacional de Danza Contemporánea de Colón 2026 [Panamá];Iberescena;verificação individual na fonte oficial;arquivada_encerrada;fora;mista;chamamento_publico;2026-03-01;https://iberescena.org/Noticias/2508;8;recorrente;False;op-af9d2f407c00;confirmado;confirmado;não localizado;não localizado;não localizado;confirmado;confirmado;confirmado;confirmado;não localizado;confirmado;confirmado;Convocatória do Festival ANCLA 2026 encerrada em 01/03/2026. Arquivar. 8/12.
BR · Cultura;agr-17028aeea2a7;Convocatoria Internacional de Residencias EiMa Creació 2026 [Mallorca, España];Iberescena;verificação individual na fonte oficial;arquivada_encerrada;fora;mista;chamamento_publico;2026-03-15;https://iberescena.org/Noticias/2502;7;sem_evidencia;False;op-2638da05808b;confirmado;confirmado;não localizado;não localizado;não localizado;confirmado;confirmado;confirmado;confirmado;não localizado;não localizado;confirmado;Residências EiMa Creació 2026 encerradas em 15/03/2026, sem o Brasil entre elegíveis. Arquivar. 7/12.
BR · Cultura;agr-b0ebfb1a4a72;Convocatoria VI Encuentro Internacional de Artes Escénicas para los Primeros Años “Infancia, territorio de paz” [Tijuana, México];Iberescena;verificação individual na fonte oficial;arquivada_encerrada;fora;mista;chamamento_publico;2026-03-08;https://iberescena.org/Noticias/2498;8;sem_evidencia;False;op-ce220502a666;confirmado;confirmado;não localizado;não localizado;não localizado;confirmado;confirmado;confirmado;confirmado;não localizado;confirmado;confirmado;VI Encontro Infancia, Territorio de Paz: prazo encerrado em 08/03/2026. Arquivar. 8/12.
BR · Cultura;agr-0936a548e1eb;Convocatoria VIII Festival Internacional Danzando en Pareja [El Salvador];Iberescena;verificação individual na fonte oficial;arquivada_encerrada;fora;mista;chamamento_publico;2026-09-07;https://iberescena.org/Noticias/2642;8;sem_evidencia;False;op-93f941e8ae89;confirmado;confirmado;não localizado;não localizado;não localizado;confirmado;confirmado;confirmado;confirmado;não localizado;confirmado;confirmado;Festival Danzando en Pareja: prazo encerrado em 07/09/2026, sem o Brasil. Arquivar. 8/12.
BR · Cultura;agr-4a0c49e700a2;Convocatoria a Residencia Internacional “Pedagogías Clown” dentro del Encuentro Caminos hacia el Clown [Quito, Ecuador];Corporación Quijotadas Ecuador (apoio Iberescena);verificação individual na fonte oficial;arquivada_encerrada;fora;mista;patrocinio_privado;;https://iberescena.org/Noticias/2488;7;sem_evidencia;False;op-b99c3b2af827;confirmado;não localizado;não localizado;dispensado pelo tipo;não localizado;confirmado;confirmado;confirmado;confirmado;não localizado;não localizado;confirmado;Residência internacional para artistas-docentes de clown, apoiada pelo Iberescena, realizada em março de 2026. Não serve à A.M.C. (pessoa física, encerrada). Arquivar.
BR · Cultura;agr-01e8397d6640;Convocatoria abierta para el 3º Encuentro de Mujeres Artistas Latinoamericanas (ELLAS) y el 8º Encuentro Nacional de Arte Queer (ENAQ);Fundación TEATRO del PRESAGIO (apoio Iberescena);verificação individual na fonte oficial;arquivada_encerrada;fora;mista;patrocinio_privado;;https://iberescena.org/Noticias/2512;7;sem_evidencia;False;op-8d784b0b980a;confirmado;não localizado;não localizado;dispensado pelo tipo;não localizado;confirmado;confirmado;confirmado;confirmado;não localizado;não localizado;confirmado;Chamada de programação artística de encontros em Cali, com apoio do Iberescena. Período já encerrado e público-alvo são artistas. Arquivar.
BR · Cultura;agr-e66400387f7d;Convocatoria abierta para participar en el Diagnóstico Iberoamericano de Políticas Públicas para las Artes Circenses;Programa Iberescena;verificação individual na fonte oficial;descartada;fora;poder_publico;patrocinio_privado;2026-05-22;https://iberescena.org/Noticias/2566;9;sem_evidencia;False;op-f8e3e77214f8;confirmado;confirmado;não localizado;dispensado pelo tipo;não localizado;confirmado;confirmado;confirmado;confirmado;não localizado;confirmado;confirmado;Chamada do Iberescena para compor um diagnóstico de políticas do circo, sem apoio financeiro. Inscrições encerradas em 22/05/2026. Descartar do painel de recursos.
BR · Cultura;agr-c1f1769c2d7b;Convocatoria abierta: Residencias Internacionales Escena Colonche [Santa Elena, Ecuador];ESTACIÓN 2050 – Residencia Cultural Olón (apoio Iberescena);verificação individual na fonte oficial;arquivada_encerrada;fora;mista;patrocinio_privado;;https://iberescena.org/Noticias/2374;7;edicao_unica_no_periodo;False;op-f8a1e6054c2e;confirmado;não localizado;não localizado;dispensado pelo tipo;não localizado;confirmado;confirmado;confirmado;confirmado;não localizado;não localizado;confirmado;Residências de artes vivas no Equador, edição 2025. Encerrada e voltada a artistas. Arquivar.
BR · Cultura;agr-5dc16df9fdd3;Convocatoria del Festival Iberoamericano de Teatro de La Rioja (FITLO) [España];Festival Iberoamericano de Teatro de La Rioja (FITLO) (apoio Iberescena);verificação individual na fonte oficial;arquivada_encerrada;fora;mista;patrocinio_privado;2026-03-08;https://iberescena.org/Noticias/2521;8;sem_evidencia;False;op-4a40e3926cd0;confirmado;confirmado;não localizado;dispensado pelo tipo;não localizado;confirmado;confirmado;confirmado;confirmado;não localizado;não localizado;confirmado;"Chamada de programação do festival FITLO 2026. Prazo vencido em 08/03/2026; público são companhias teatrais. Arquivar."
BR · Cultura;agr-3807d4e6af64;Convocatoria para 24° Festival Internacional de Títeres Manuelucho [Bogotá, Colombia];Grupo Libélula Dorada (apoio Iberescena);verificação individual na fonte oficial;arquivada_encerrada;fora;mista;patrocinio_privado;2026-04-30;https://iberescena.org/Noticias/2552;7;sem_evidencia;False;op-49b3137f3c2f;confirmado;confirmado;não localizado;dispensado pelo tipo;não localizado;confirmado;confirmado;confirmado;não localizado;não localizado;não localizado;confirmado;Chamada do festival de bonecos Manuelucho 2026. Inscrições encerradas em 30/04/2026. Arquivar.
BR · Cultura;agr-9acd262144dd;Convocatoria para el 17 Encuentro Internacional de Títeres los Muñecos de Luna;Encuentro Internacional de Títeres los Muñecos de Luna (apoio Iberescena);verificação individual na fonte oficial;arquivada_encerrada;fora;mista;patrocinio_privado;2026-03-08;https://iberescena.org/Noticias/2510;10;sem_evidencia;False;op-d560ef210fe0;confirmado;confirmado;confirmado;dispensado pelo tipo;não localizado;confirmado;confirmado;confirmado;confirmado;confirmado;não localizado;confirmado;Chamada de programação para bonequeiros solo, apoiada pelo Iberescena. Encerrada em 08/03/2026. Arquivar.
BR · Cultura;agr-d6940b5e3be4;Convocatoria para el 20º Festival de Circo de Brasil [Recife, Brasil];Festival de Circo do Brasil (apoio Iberescena);verificação individual na fonte oficial;arquivada_encerrada;fora;mista;patrocinio_privado;2026-04-06;https://iberescena.org/Noticias/2490;8;sem_evidencia;False;op-3d5bc2ad4d78;confirmado;confirmado;não localizado;dispensado pelo tipo;não localizado;confirmado;confirmado;confirmado;confirmado;não localizado;não localizado;confirmado;Chamada de programação do 20º Festival de Circo do Brasil. Encerrada em 06/04/2026. Arquivar e monitorar a próxima edição no 1º trimestre, se houver interesse em circulação de grupos parceiros.
BR · Cultura;agr-1c2cc412b343;Convocatoria para el XXIII Festival Internacional Encuentro de Mujeres en Escena “Tiempos de Mujer 2026” [Quito, Ecuador];Fundación Mandrágora Artes Escénicas (apoio Iberescena);verificação individual na fonte oficial;arquivada_encerrada;fora;mista;patrocinio_privado;2026-03-31;https://iberescena.org/Noticias/2500;9;sem_evidencia;False;op-b184fb5cc24b;confirmado;confirmado;confirmado;dispensado pelo tipo;não localizado;confirmado;confirmado;confirmado;confirmado;não localizado;não localizado;confirmado;Chamada do festival Tiempos de Mujer 2026 (Quito). Encerrada em 31/03/2026. Arquivar.
BR · Cultura;agr-5867821a2f49;Convocatoria para la residencia “Onde o Corpo Mora, Amanhece o Mundo”, de Encantarias Transoceânicas [Saquarema, Brasil];Encantarias Transoceânicas (apoio Iberescena);verificação individual na fonte oficial;arquivada_encerrada;fora;mista;patrocinio_privado;2026-06-15;https://iberescena.org/Noticias/2574;9;sem_evidencia;False;op-c90d349017ac;confirmado;confirmado;confirmado;dispensado pelo tipo;não localizado;confirmado;confirmado;confirmado;confirmado;não localizado;não localizado;confirmado;"Residência artística em Saquarema/RJ apoiada pelo Iberescena. Encerrada em 15/06/2026; público são artistas. Arquivar."
BR · Cultura;agr-37d486ddba14;Conéctate con IBERESCENA: sesión en vivo sobre la Convocatoria 2025-2026;Iberescena;verificação individual na fonte oficial;descartada;fora;poder_publico;chamamento_publico;;https://iberescena.org/Noticias/2360;0;sem_evidencia;False;op-99929b3d97dd;não localizado;não localizado;não localizado;não localizado;não localizado;não localizado;não localizado;não localizado;não localizado;não localizado;não localizado;não localizado;"Notícia de live informativa, não edital. Descartar; a convocatória-mãe da IBERESCENA (apoios a artes cênicas) merece monitoramento próprio pelo site oficial."
BR · Cultura;agr-31e9ffdbfb79;Credenciamento nº 10/2026-PMSAT - Seleção de Projetos Culturais;Prefeitura Municipal de Santa Bárbara do Pará;verificação individual na fonte oficial;pendente;fora;poder_publico;credenciamento;;;0;sem_evidencia;False;sem livro: fora da abrangência: oportunidade pública municipal de outro estado (só Goiás tem livros municipais);não localizado;não localizado;não localizado;não localizado;não localizado;não localizado;não localizado;não localizado;não localizado;não localizado;não localizado;não localizado;"Credenciamento cultural municipal do Pará, conhecido só por agregadores. Fora da abrangência; não vale mais esforço. Para fechar o registro, ler o aviso no DOU."
BR · Cultura;agr-a9a2db3bde97;"DGARTES apoia o Programa IETM ""Global Connect"" 2027";IETM – International Network for Contemporary Performing Arts (apoio DGARTES);verificação individual na fonte oficial;valida_aberta;dentro;mista;patrocinio_privado;2026-10-15;https://www.dgartes.gov.pt/pt/node/10263;10;recorrente;False;op-0576aa81cecb;confirmado;confirmado;não localizado;dispensado pelo tipo;confirmado;confirmado;confirmado;confirmado;confirmado;não localizado;confirmado;confirmado;Chamada aberta até 15/10/2026 do IETM, apoiada pela DGARTES, para 10 profissionais de artes performativas de qualquer país. Válida, mas individual: não serve à A.M.C. como entidade. Repassar apenas a profissionais interessados.
BR · Cultura;agr-26410d85053f;Designers em Residência | EMMA – Creative Center Pforzheim 2027;EMMA – Creative Center Pforzheim (divulgação DGARTES);verificação individual na fonte oficial;valida_aberta;dentro;mista;patrocinio_privado;2026-11-02;https://www.dgartes.gov.pt/pt/node/10328;10;sem_evidencia;False;op-33c02152c0c8;confirmado;confirmado;não localizado;dispensado pelo tipo;confirmado;confirmado;confirmado;confirmado;confirmado;não localizado;confirmado;confirmado;Residência de design em Pforzheim, aberta até 02/11/2026, com bolsa de €1.000/mês. Válida, mas individual e fora do perfil da A.M.C. Repassar apenas a jovens designers interessados.
BR · Cultura;agr-dfc4e1a9f224;Diretório de Artistas Al-Tiba9 2027 abriu candidaturas para projetos inovadores nas áreas das artes visuais;Al-Tiba9 Contemporary Art (divulgação DGARTES);verificação individual na fonte oficial;descartada;dentro;iniciativa_privada;patrocinio_privado;2026-11-30;https://www.dgartes.gov.pt/pt/node/10288;8;sem_evidencia;False;op-038d9dc85fb4;confirmado;confirmado;não localizado;dispensado pelo tipo;não localizado;confirmado;não localizado;confirmado;confirmado;não localizado;confirmado;confirmado;Open call de plataforma privada para diretório de artistas visuais, até 30/11/2026. Não é fomento. Descartar.
BR · Cultura;agr-29cfbb35f7fd;Divulgação do Seu Evento, Show, Prêmio, Concurso, Festival :: Facultura - Arte e Cultura - Editais Culturais - Projetos Culturais;;verificação individual na fonte oficial;descartada;fora;iniciativa_privada;chamamento_publico;;;1;sem_evidencia;False;op-fe3d09eea082;confirmado;não localizado;não localizado;não localizado;não localizado;não localizado;não localizado;não localizado;não localizado;não localizado;não localizado;não localizado;Página comercial de divulgação de eventos captada por engano. Descartar e filtrar no motor.
BR · Cultura;agr-c1d0dab67bd6;Documentário de Alternativo TERAPEUTA;;verificação individual na fonte oficial;descartada;dentro;iniciativa_privada;chamamento_publico;2026-12-05;https://mapa.cultura.gov.br/api/opportunity/find?id=EQ(9922)&@select=name,shortDescription,registrationFrom,registrationTo,type,owner;2;sem_evidencia;False;op-fe3c1a34aaa8;confirmado;confirmado;não localizado;não localizado;não localizado;não localizado;não localizado;não localizado;não localizado;não localizado;não localizado;não localizado;Cadastro de 'Programa' por pessoa no Mapa da Cultura, sem concedente nem valor. Descartar.
BR · Cultura;agr-b70e1e43b562;Edital de Chamamento Público nº 003/2026-PMI - Política Nacional Aldir Blanc (PNAB);Prefeitura Municipal de Itacoatiara — SEMCTUR;verificação individual na fonte oficial;valida_fora_abrangencia;fora;poder_publico;chamamento_publico;2026-10-16;https://itacoatiara.am.gov.br/2026/10/pnab-ciclo-ii-inscricoes-abertas-para-mais-de-90-projetos-culturais-em-itacoatiara/;8;sem_evidencia;False;sem livro: fora da abrangência: oportunidade pública municipal de outro estado (só Goiás tem livros municipais);confirmado;confirmado;não localizado;não localizado;não localizado;confirmado;confirmado;confirmado;confirmado;não localizado;confirmado;confirmado;Edital PNAB Ciclo II de Itacoatiara/AM, aberto de 01 a 16/10/2026 segundo a prefeitura. Fora da abrangência da A.M.C. Usar só como referência para acompanhar o PNAB Ciclo II de Goiânia.
BR · Cultura;agr-b45b5839fb95;Edital de Intercâmbio Cultural - Circulação e Participação Audiovisual no Exterior;Ministério da Cultura — Secretaria do Audiovisual (SAV);verificação individual na fonte oficial;valida_aberta;dentro;poder_publico;chamamento_publico;2026-11-06;https://www.gov.br/cultura/pt-br/assuntos/editais/inscricoes-em-andamento/edital-de-intercambio-cultural-circulacao-e-participacao-audiovisual-no-exterior;12;sem_evidencia;False;op-ebedc19f5258;confirmado;confirmado;confirmado;confirmado;confirmado;confirmado;confirmado;confirmado;confirmado;confirmado;confirmado;confirmado;Edital federal aberto até 06/11/2026 para circulação audiovisual no exterior, R$ 1 milhão. Não serve à AMC como proponente (só pessoa física). Próximo passo: divulgar a realizadores do território.
BR · Cultura;agr-3a51d2181d74;Formulário de Escuta da Cultura: Mosaico de perfis, demandas e avaliação PNCC;Ministério da Cultura — CGCOC (Programa Nacional de Comitês de Cultura);verificação individual na fonte oficial;descartada;dentro;poder_publico;chamamento_publico;;https://mapa.cultura.gov.br/oportunidade/6614/;4;sem_evidencia;False;op-fffaf0fa453a;confirmado;confirmado;não localizado;não localizado;não localizado;confirmado;não localizado;confirmado;não localizado;não localizado;não localizado;não localizado;"Questionário de mapeamento do PNCC/MinC, sem recurso. Descartado como oportunidade; resposta opcional como participação social."
BR · Cultura;agr-118b9446aff6;Fundação Calouste Gulbenkian — Apoio à Circulação Internacional 2026: até 5.000 € por projeto, em fluxo contínuo;Fundação Calouste Gulbenkian;verificação individual na fonte oficial;valida_fora_abrangencia;fora;iniciativa_privada;patrocinio_privado;2026-10-31;https://gulbenkian.pt/bolsas-lista/apoio-a-circulacao-internacional/;11;recorrente;False;op-b945005df31a;confirmado;confirmado;não localizado;dispensado pelo tipo;confirmado;confirmado;confirmado;confirmado;confirmado;confirmado;confirmado;confirmado;Programa anual da Gulbenkian, aberto até 31/10/2026, até 5.000 €. Fora da abrangência: exige sede em Portugal. Manter só como referência de parceria internacional.
BR · Cultura;agr-6d06b7277f44;Importação de Certificados por Editais;Ministério da Cultura — SCDC (Cultura Viva);verificação individual na fonte oficial;descartada;dentro;poder_publico;chamamento_publico;;https://culturaviva.cultura.gov.br/oportunidade/5388;3;sem_evidencia;False;op-0dc2a86635d2;confirmado;não localizado;não localizado;não localizado;não localizado;confirmado;não localizado;confirmado;não localizado;não localizado;não localizado;não localizado;Espaço administrativo do Cultura Viva, não é edital. Descartado. Vale verificar se a AMC pode obter certificação de Ponto de Cultura por edital próprio.
BR · Cultura;agr-754fbcc4fed1;Kala Yatra International Artist Residency, 2025 -2026;Kala Yatra (coletivo sem fins lucrativos, Katmandu);verificação individual na fonte oficial;descartada;fora;iniciativa_privada;patrocinio_privado;;https://resartis.org/open-call/kala-yatra-international-artist-residency-2025-2026/;5;sem_evidencia;False;op-75022b6eb36c;confirmado;não localizado;não localizado;dispensado pelo tipo;confirmado;não localizado;confirmado;não localizado;confirmado;não localizado;não localizado;não localizado;"Residência paga no Nepal; não é oportunidade de recurso. Descartada."
BR · Cultura;agr-cbe79d9e925f;Laçzos Artísticos - Chamada Especial CPLP;OEI / DGARTES / Camões, I.P. / Funarte;verificação individual na fonte oficial;valida_aberta;dentro;poder_publico;chamamento_publico;2026-10-12;https://oei.int/pt/escritorios/portugal/programa/laczos-artisticos-chamada-especial-cplp/ (regulamento: https://oei.int/wp-content/uploads/2026/09/regulamento-2a-chamada.pdf);12;edicao_unica_no_periodo;False;op-239b16f8d334;confirmado;confirmado;confirmado;dispensado pelo edital;confirmado;confirmado;confirmado;confirmado;confirmado;confirmado;confirmado;confirmado;"Chamada aberta até 12/10/2026 com 11 bolsas de até €2.250 para circulação teatral entre o Brasil e a CPLP. Os 12 itens estão resolvidos. Não serve à A.M.C. como entidade; repassar a artistas de teatro próximos com urgência."
BR · Cultura;agr-b09ae23bddc7;MDA lança edital de até R$ 500 mil para fortalecer a agricultura familiar e a sociobiodiversidade;Ministério do Desenvolvimento Agrário e Agricultura Familiar — SFDT;verificação individual na fonte oficial;arquivada_encerrada;dentro;poder_publico;chamamento_publico;2026-08-16;https://www.gov.br/mda/pt-br/acesso-a-informacao/participacao-social/Editais-de-chamamento-publico/2026/edital-sfdt-no-02-2026-estruturacao-e-fortalecimento-de-cadeias-produtivas-da-sociobiodiversidade-e-de-plantas-medicinais-aromaticas-e-condimentares;12;sem_evidencia;False;op-5aba2c48c9c1;confirmado;confirmado;confirmado;confirmado;confirmado;confirmado;confirmado;confirmado;confirmado;confirmado;confirmado;confirmado;"Chamamento federal do MDA para OSCs de cadeias da sociobiodiversidade (R$ 50–500 mil), com propostas encerradas em 16/08/2026 e recurso de 02 a 06/10/2026. Os 12 itens estão resolvidos. Fora do perfil da A.M.C.; arquivar."
BR · Cultura;agr-2029969d8e5c;Ngangu Dance — aulas de dança gratuitas online (intercâmbio Angola–Brasil);Companhia de dança Corpus Entre Mundos Ltda (com apoio Funarte/MinC);verificação individual na fonte oficial;descartada;dentro;mista;chamamento_publico;2026-12-31;https://rededasartes.cultura.gov.br/oportunidade/9445/;4;sem_evidencia;False;op-ddb6efaf3192;confirmado;confirmado;não localizado;não localizado;dispensado pelo edital;confirmado;não localizado;não localizado;não localizado;não localizado;não localizado;não localizado;"Aulas online gratuitas; descartada como captação. Útil só como divulgação para alunos."
BR · Cultura;agr-d0cf8e3ab4d6;ONGOING OPEN CALL – ATLANTIC FOREST _ BRAZIL;Kaaysá Art Residency (privada);verificação individual na fonte oficial;descartada;fora;iniciativa_privada;patrocinio_privado;2026-12-31;https://resartis.org/open-call/ongoing-open-call-atlantic-forest-_-brazil/;5;sem_evidencia;False;op-15bb38464776;confirmado;confirmado;não localizado;dispensado pelo tipo;confirmado;não localizado;confirmado;não localizado;não localizado;não localizado;não localizado;não localizado;"Residência paga em SP; não é oportunidade de recurso. Descartada."
BR · Cultura;agr-f979a4ae3869;Perform Europe abre terceira convocatória para digressões transfronteiriças (artes performativas);Perform Europe (União Europeia — Europa Criativa);verificação individual na fonte oficial;valida_fora_abrangencia;fora;mista;patrocinio_privado;2026-10-22;https://www.dgartes.gov.pt/pt/node/10199;10;sem_evidencia;False;op-5e28540d3e9d;confirmado;confirmado;não localizado;dispensado pelo tipo;confirmado;confirmado;confirmado;confirmado;confirmado;não localizado;confirmado;confirmado;"Convocatória da UE para digressões de artes performativas, aberta até 22/10/2026, com subsídios de até €55 mil. Restrita aos países do Europa Criativa; fora do alcance da A.M.C."
BR · Cultura;agr-0f683412d9a8;Programa Ciclos de Saberes e Conhecimentos Tradicionais, Populares e das Artes;Ministério da Cultura — SEFLI (Secretaria de Formação Artística e Cultural, Livro e Leitura);verificação individual na fonte oficial;valida_aberta;dentro;poder_publico;chamamento_publico;2026-10-24;https://mapa.cultura.gov.br/oportunidade/11882/;6;sem_evidencia;False;op-a91c430a127a;confirmado;confirmado;não localizado;não localizado;não localizado;confirmado;não localizado;confirmado;confirmado;não localizado;não localizado;confirmado;"Chamada SEFLI/MinC aberta de 06 a 24/10/2026, apenas para IFES. A AMC não é proponente; próximo passo é oferecer parceria à UFG/IFG e ler o regulamento para valores."
BR · Cultura;agr-7124f8abd866;Programa Funarte Aberta;Funarte;verificação individual na fonte oficial;valida_aberta;dentro;poder_publico;chamamento_publico;2027-04-30;https://www.gov.br/funarte/pt-br/editais/2026/programa-funarte-aberta/programa-funarte-aberta-2026-2013-ocupacao-dos-espacos-culturais-da-funarte-centro-de-teatro;11;sem_evidencia;True;op-1dcadb5bdda6;confirmado;confirmado;confirmado;não localizado;dispensado pelo edital;confirmado;confirmado;confirmado;confirmado;confirmado;confirmado;confirmado;"Funarte Aberta 2026 cede pauta em teatros do RJ/SP até 30/04/2027, sem cachê. Serve à AMC só com espetáculo pronto e verba de circulação. Lidas só as regras do Centro de Teatro; os outros 4 espaços não foram abertos."
BR · Cultura;agr-eba84d5b3c80;Programa Ibercena - Convocatória 2025-2026;Funarte / Programa Ibercena;verificação individual na fonte oficial;arquivada_encerrada;dentro;poder_publico;chamamento_publico;2025-07-24;https://www.gov.br/funarte/pt-br/editais/2025/programa-ibercena-convocatoria-2025-2026/apoio-a-criacao-em-residencia;9;edicao_unica_no_periodo;False;op-101f4b5419a1;confirmado;confirmado;não localizado;não localizado;confirmado;confirmado;confirmado;confirmado;confirmado;não localizado;confirmado;confirmado;Ibercena 2025-2026 encerrou em 24/07/2025. Arquivar e acompanhar a Convocatória 2026-2027 (datas não lidas).
BR · Cultura;agr-6fa44bbcf5fd;Programa Ibermúsicas - Convocatórias 2026;Funarte / Programa Ibermúsicas;verificação individual na fonte oficial;arquivada_encerrada;dentro;poder_publico;chamamento_publico;2026-10-01;https://www.ibermusicas.org/;6;edicao_unica_no_periodo;False;op-75f65044d904;confirmado;confirmado;não localizado;não localizado;não localizado;confirmado;não localizado;confirmado;não localizado;não localizado;confirmado;confirmado;Ibermúsicas 2026 encerrou em 01/10/2026. Arquivar e monitorar a edição 2027 (abertura provável em meados do ano).
BR · Cultura;agr-0cd7e8cef3d7;Programa Rouanet nas Favelas 2;Ministério da Cultura (com Vale e CUFA);verificação individual na fonte oficial;valida_fora_abrangencia;fora;mista;incentivo_fiscal;2026-10-13;https://www.gov.br/cultura/pt-br/assuntos/editais/inscricoes-abertas/programa-rouanet-nas-favelas-2/programa-rouanet-nas-favelas-2;12;sem_evidencia;False;op-2e5964535d3f;confirmado;confirmado;confirmado;confirmado;confirmado;confirmado;confirmado;confirmado;confirmado;confirmado;confirmado;confirmado;"Rouanet nas Favelas 2 aberto até 13/10/2026, até R$ 200 mil, mas só para 8 localidades sem Goiás. Fora da abrangência; acompanhar próxima edição."
BR · Cultura;agr-37dd02b09d80;Residência Institut français × Cité internationale des arts 2027 — Paris, aberta a qualquer nacionalidade;Institut français / Cité internationale des arts;verificação individual na fonte oficial;valida_aberta;dentro;poder_publico;patrocinio_privado;2026-10-08;https://www.institutfrancais.com/en/programme/residence-and-professional-mobility/residencies-institut-francais-x-cite-internationale;10;sem_evidencia;False;op-606bca20bb69;confirmado;confirmado;não localizado;dispensado pelo tipo;confirmado;confirmado;confirmado;confirmado;confirmado;não localizado;confirmado;confirmado;"Residência em Paris aberta até 08/10/2026 a artistas de fora da França. Não serve à AMC como entidade; só divulgação."
BR · Cultura;ecb846915cbf2b4133a5;Sonhar o Mundo 2026 abre inscrições para instituições culturais de São Paulo;Fundação Energia e Saneamento / SISEM-SP (Secretaria da Cultura de SP);verificação individual na fonte oficial;valida_fora_abrangencia;fora;mista;patrocinio_privado;;https://www.energiaesaneamento.org.br/;2;sem_evidencia;False;nova-63ac222433cf;não localizado;não localizado;não localizado;não localizado;não localizado;não localizado;confirmado;não localizado;confirmado;não localizado;não localizado;não localizado;"Programa paulista para museus. Fora da abrangência; arquivar."
BR · Cultura;agr-d195a05491be;TESTE EDITAL 0026;Mapa da Cultura (usuário de teste);verificação individual na fonte oficial;descartada;dentro;poder_publico;chamamento_publico;;https://mapa.cultura.gov.br/oportunidade/6873/;1;sem_evidencia;False;op-8e7fd261e620;confirmado;não localizado;não localizado;não localizado;não localizado;não localizado;não localizado;não localizado;não localizado;não localizado;não localizado;não localizado;Registro de teste no Mapa da Cultura. Descartado.
BR · Cultura;agr-e7bfc4332e20;TESTE EDITAL COM PARECERISTA;Mapa da Cultura (usuário de teste);verificação individual na fonte oficial;descartada;dentro;poder_publico;chamamento_publico;;https://mapa.cultura.gov.br/oportunidade/6876/;1;sem_evidencia;False;op-240223454221;confirmado;não localizado;não localizado;não localizado;não localizado;não localizado;não localizado;não localizado;não localizado;não localizado;não localizado;não localizado;Registro de teste no Mapa da Cultura. Descartado.
BR · Cultura;agr-2a9fbbb7e91a;Teatre Nu abre la 5ª Convocatoria de Residencias Iberoamericanas de Creación Escénica para 2026 [Sant Martí de Tous, España];Teatre Nu (Casa del Teatre Nu) — divulgado pelo Programa Iberescena;verificação individual na fonte oficial;arquivada_encerrada;fora;mista;chamamento_publico;2026-02-22;https://iberescena.org/Noticias/2494;9;recorrente;False;op-84c6ec96a3d5;confirmado;confirmado;não localizado;não localizado;confirmado;confirmado;confirmado;confirmado;confirmado;não localizado;confirmado;confirmado;"Residência artística internacional, já encerrada (22/02/2026). Não é recurso para a AMC. Arquivar; eventualmente acompanhar a próxima convocatória para artistas parceiros."
BR · Cultura;agr-50750be1158d;Prêmio Ibero-Americano de Dança 2026 (PID / Iberescena / SEGIB) — divulgado pela Funarte;Plataforma Ibero-Americana de Dança (PID), Programa IBERESCENA e SEGIB;verificação individual na fonte oficial;arquivada_encerrada;dentro;poder_publico;premio;2026-05-21;https://www.gov.br/funarte/pt-br/editais/2026/premio-ibero-americano-de-danca;12;primeira_edicao;False;op-9f5a677ee70e;confirmado;confirmado;confirmado;dispensado pelo edital;confirmado;confirmado;confirmado;confirmado;confirmado;confirmado;confirmado;confirmado;"Prêmio intergovernamental de dança, 1ª edição, inscrições encerradas em 21/05/2026 e resultado já divulgado. Não serve agora; monitorar eventual 2ª edição em 2027."
BR · Educação;agr-b35b5e29bd8a;Aviso de Chamamento Público nº 1/2026 — Prefeitura de Cajuru/SP (Educação Infantil);Prefeitura Municipal de Cajuru/SP;verificação individual na fonte oficial;valida_fora_abrangencia;fora;poder_publico;chamamento_publico;2026-10-16;https://www.in.gov.br/web/dou/-/aviso-de-chamamento-publico-n-1/2026-729541283;8;sem_evidencia;False;sem livro: fora da abrangência: oportunidade pública municipal de outro estado (só Goiás tem livros municipais);confirmado;confirmado;não localizado;não localizado;não localizado;confirmado;confirmado;confirmado;confirmado;não localizado;confirmado;confirmado;Chamamento verdadeiro e aberto (sessão 16/10/2026), mas para Cajuru/SP. Fora da abrangência. Não há próximo passo para a AMC.
BR · Educação;agr-71ee59636d3e;Bolsa de Investigação Magaly Muguercia 2025-2027;Ibercena (representado no Brasil pela Funarte);verificação individual na fonte oficial;arquivada_encerrada;dentro;poder_publico;premio;2025-11-05;https://www.gov.br/funarte/pt-br/editais/2025/bolsa-de-investigacao-magaly-muguercia-2025-2027;9;sem_evidencia;False;op-0baadd18391d;confirmado;confirmado;não localizado;não localizado;confirmado;confirmado;confirmado;confirmado;confirmado;confirmado;não localizado;confirmado;Bolsa de pesquisa do Ibercena, divulgada pela Funarte, encerrada em 05/11/2025 e destinada a pessoas físicas. Não serve à associação. Arquivar.
BR · Educação;agr-f14920759ad7;SBPC vai à Escola: Atividades de Educação, Divulgação Científica, Tecnológica e de Inovação (programa 2050120260005);MCTI / CNPq;verificação individual na fonte oficial;descartada;dentro;poder_publico;chamamento_publico;;https://discricionarias.transferegov.sistema.gov.br/voluntarias/programa/ConsultarPrograma/ConsultarPrograma.do;12;sem_evidencia;False;op-85b0c7635132;confirmado;dispensado pelo edital;dispensado pelo edital;dispensado pelo edital;confirmado;confirmado;confirmado;confirmado;confirmado;confirmado;confirmado;confirmado;"Não é oportunidade aberta: é termo de fomento direto com a SBPC (R$ 600 mil, inexigibilidade). Descartar; no máximo, explorar parceria com a SBPC ou emenda parlamentar."
BR · Educação;agr-9dfd77d4de8d;Zurich Impulsiona 2026 — capacitação e mentoria para OSCs;Zurich Seguros;verificação individual na fonte oficial;arquivada_encerrada;dentro;iniciativa_privada;patrocinio_privado;2026-06-26;https://www.zurich.com.br/zurich-impulsiona;12;sem_evidencia;False;op-e447cd656ca7;confirmado;confirmado;confirmado;dispensado pelo tipo;confirmado;confirmado;confirmado;confirmado;confirmado;confirmado;confirmado;confirmado;Programa de mentoria da Zurich para OSCs, encerrado em 26/06/2026. Útil para fortalecimento institucional, sem repasse financeiro. Monitorar edição 2027.
BR · Emendas parlamentares;emenda-federal-2026;Emenda Parlamentar — Câmara e Senado — captação 2026 (PLOA 2027);Congresso Nacional (Câmara dos Deputados e Senado Federal);verificação individual na fonte oficial;valida_aberta;dentro;poder_publico;emenda_parlamentar;;https://www.congressonacional.leg.br/web/orcamento/acompanhe/orcamento-anual/-/loa/2027;9;recorrente;True;op-16e26666deb6;confirmado;não localizado;dispensado pelo tipo;dispensado pelo tipo;dispensado pelo tipo;confirmado;confirmado;confirmado;não localizado;dispensado pelo tipo;dispensado pelo tipo;não localizado;"PLOA 2027 (PLN 24/2026) em tramitação; apresentação de emendas ainda não iniciada. Captação junto a parlamentares é válida, mas sem prazo oficial. Próximo passo: monitorar o cronograma da CMO e protocolar ofícios."
BR · Meio ambiente e clima;1b259c84aabf58826786;Equatorial Goiás — Chamada Pública de Projetos CPP 001/2026 (PEE/ANEEL);Equatorial Energia Goiás;verificação individual na fonte oficial;valida_aberta;dentro;mista;chamamento_publico;2026-11-09;https://equatorial.gestaocpp.com.br/uploads/landing/11111111-1111-1111-1111-111111111111/747d7203-1ac0-4d7f-91c8-ae479f9872c3.pdf;12;sem_evidencia;False;op-cee4db2736a0;confirmado;confirmado;confirmado;confirmado;confirmado;confirmado;confirmado;confirmado;confirmado;confirmado;confirmado;confirmado;Chamada PEE da Equatorial Goiás aberta até 09/11/2026, com R$ 25 milhões. OSC participa apenas com CEBAS na tipologia Comércio e Serviços. Próximo passo: verificar se a associação tem CEBAS e unidade consumidora própria.
BR · Meio ambiente e clima;1900448f0bbb4c705705;iCS — Como Solicitar uma Doação (fluxo contínuo);Instituto Clima e Sociedade (iCS);verificação individual na fonte oficial;valida_aberta;dentro;iniciativa_privada;fluxo_continuo;;https://climaesociedade.org/como-solicitar-uma-doacao;12;recorrente;False;nova-01619b77b6f8;confirmado;dispensado pelo tipo;não informado no edital;dispensado pelo tipo;não informado no edital;confirmado;confirmado;confirmado;confirmado;confirmado;confirmado;confirmado;Fluxo contínuo do iCS para projetos climáticos, aberto a OSCs brasileiras. A associação é elegível em tese, mas a área é pouco aderente. Só vale com projeto climático comunitário estruturado.
BR · Meio ambiente e clima;agr-c0d571ae81a1;Aviso do Chamamento Público nº 3/2026 — Ibama (entidade executora do Fundo Rio Doce);Ibama;verificação individual na fonte oficial;valida_aberta;dentro;mista;chamamento_publico;2026-10-22;https://www.gov.br/ibama/pt-br/assuntos/notas/2026/edital-de-chamamento-publico-seleciona-organizacao-para-executar-aplicacao-de-recursos-do-fundo-rio-doce;12;sem_evidencia;False;op-25e8a3026d4d;confirmado;confirmado;confirmado;confirmado;confirmado;confirmado;confirmado;confirmado;confirmado;confirmado;confirmado;confirmado;Chamamento federal verdadeiro e aberto até 22/10/2026 para OSC executora do Fundo Rio Doce. Válido, porém sem aderência à AMC pelo porte e área. Registrar e não concorrer.
BR · Meio ambiente e clima;10c7b73c8edfb418bb52;Edital 49º (3º/2026) Fundo Ecos — apoio a organizações na Amazônia Legal;Fundo Ecos (ISPN);verificação individual na fonte oficial;arquivada_encerrada;fora;iniciativa_privada;patrocinio_privado;2026-08-31;https://fundoecos.org.br/edital/edital-49o-3o-2026-para-apoio-a-organizacoes-na-amazonia-legal;11;recorrente;False;op-9fef97e2cbf3;confirmado;confirmado;confirmado;dispensado pelo tipo;confirmado;confirmado;confirmado;confirmado;confirmado;confirmado;não localizado;confirmado;Edital 49º do Fundo Ecos para MA/TO/MT, encerrado em 31/08/2026. Fora da abrangência e do perfil. Atenção: o título do lote descreve outro edital (Cerrado/Caatinga).
BR · Meio ambiente e clima;agr-f70780830cf5;Edital Raízes — Fundo Brasil (Amazônia e Cerrado);Fundo Brasil de Direitos Humanos;verificação individual na fonte oficial;arquivada_encerrada;dentro;iniciativa_privada;patrocinio_privado;2026-08-21;https://www.fundobrasil.org.br/edital/raizes-fortalecendo-direitos-autonomia-e-sustentabilidade-na-amazonia-e-no-cerrado/;12;sem_evidencia;False;nova-c41153ca0007;confirmado;confirmado;confirmado;dispensado pelo tipo;confirmado;confirmado;confirmado;confirmado;confirmado;confirmado;confirmado;confirmado;"Edital Raízes do Fundo Brasil encerrado em 21/08/2026; resultado a partir de 22/10. Não serve à associação (público tradicional). Arquivar."
BR · Meio ambiente e clima;agr-2ae53475efd9;Fundo Casa — Chamada Simplificada Apoio Direto a Iniciativas Comunitárias;Fundo Casa Socioambiental;verificação individual na fonte oficial;arquivada_encerrada;dentro;iniciativa_privada;patrocinio_privado;2026-07-14;https://casa.org.br/chamadas/chamada-simplificada-apoio-direto-a-iniciativas-comunitarias/;12;sem_evidencia;False;op-5eaa4319c8b5;confirmado;confirmado;confirmado;dispensado pelo tipo;confirmado;confirmado;confirmado;confirmado;confirmado;confirmado;confirmado;confirmado;Chamada simplificada nacional do Fundo Casa (até R$ 20 mil), encerrada em 14/07/2026. Perfil compatível com associação comunitária. Monitorar próximas chamadas.
BR · Meio ambiente e clima;agr-4f7ae8d21491;Petrobras — Seleção Pública 2026 Óleos e Gorduras Residuais (OGR);Petrobras;verificação individual na fonte oficial;arquivada_encerrada;fora;iniciativa_privada;patrocinio_privado;2026-07-24;https://petrobras.com.br/sustentabilidade/selecoes-publicas;10;sem_evidencia;False;op-c8e3d410641e;confirmado;confirmado;confirmado;dispensado pelo tipo;confirmado;confirmado;confirmado;confirmado;confirmado;não localizado;não localizado;confirmado;Seleção Petrobras OGR 2026 encerrada em 24/07/2026, só para municípios da BA e SP. Fora da abrangência. Arquivar.
BR · Meio ambiente e clima;agr-0b2a212ba142;Programa Movimento Sustentável — Ciclo 2026–2027 (Auren Energia);Auren Energia;verificação individual na fonte oficial;arquivada_encerrada;fora;iniciativa_privada;patrocinio_privado;2026-06-14;https://monitorsocial.org.br/auren/edital/22-programa-movimento-sustentavel-ciclo-20262027;12;recorrente;False;op-73969c87ed7a;confirmado;confirmado;confirmado;dispensado pelo tipo;confirmado;confirmado;confirmado;confirmado;confirmado;confirmado;confirmado;confirmado;Edital privado verdadeiro, já encerrado (14/06/2026) e territorialmente restrito, sem Goiás. Arquivar.
BR · Outras;fd492598a239b416cd63;Chamada Aberta 2026 — Instituto ACP (desenvolvimento institucional de OSCs);Instituto ACP;verificação individual na fonte oficial;valida_aberta;dentro;iniciativa_privada;fluxo_continuo;;https://www.institutoacp.org.br/chamadaaberta;12;recorrente;True;op-cadfb96d5365;confirmado;dispensado pelo tipo;dispensado pelo edital;dispensado pelo tipo;confirmado;confirmado;confirmado;confirmado;confirmado;confirmado;confirmado;confirmado;Chamada privada em fluxo contínuo do Instituto ACP para iniciativas que fortaleçam OSCs, teto de R$ 100 mil. Serve à associação se ela propuser ação de capacitação/articulação para OSCs de Goiânia. Próximo passo: desenhar a proposta numa dimensão (ex.: captação de recursos) e preencher o formulário na plataforma Simbi.
BR · Outras;0eac700d7cb170ff96b1;Edital Contínuo de Apoio — Instituto Impactarte (até R$ 150 mil por projeto);Instituto Impactarte;verificação individual na fonte oficial;valida_aberta;dentro;iniciativa_privada;fluxo_continuo;;https://impactarte.com.br/;12;sem_evidencia;True;op-2d6b198ea3b4;confirmado;dispensado pelo tipo;não informado no edital;dispensado pelo tipo;confirmado;confirmado;confirmado;confirmado;confirmado;não informado no edital;confirmado;dispensado pelo edital;Edital privado contínuo, nacional, até R$ 150 mil por projeto, comprovado no regulamento oficial. Serve à AMC. Próximo passo: preparar teoria da mudança e indicadores de um projeto de educação/cultura e preencher o cadastro no site.
BR · Outras;op-op-2ca18cdbee02;Edital Dia de Doar 2026 — campanhas comunitárias (R$ 2,4 mil);Dia de Doar;verificação individual na fonte oficial;arquivada_encerrada;dentro;iniciativa_privada;patrocinio_privado;2026-08-28;;1;recorrente;True;op-2ca18cdbee02;não localizado;não localizado;não localizado;dispensado pelo tipo;não localizado;não localizado;não localizado;não localizado;não localizado;não localizado;não localizado;não localizado;"Edital anual do Dia de Doar para campanhas comunitárias; a edição 2026 encerrou em 28/08/2026 (resultado em 01/10). Serve à associação na próxima edição. Próximo passo: agendar monitoramento para julho/2027."
BR · Outras;op-op-16256d6433a2;Chamamento Público 02/2026 — Secretaria de Cultura de Balsas/MA (PNAB);Prefeitura Municipal de Balsas;verificação individual na fonte oficial;valida_fora_abrangencia;fora;poder_publico;chamamento_publico;2026-10-02;https://www.balsas.ma.gov.br/licitacaolista.php?id=533;6;sem_evidencia;False;sem livro: fora da abrangência: oportunidade pública municipal de outro estado (só Goiás tem livros municipais);confirmado;confirmado;não localizado;não localizado;não localizado;confirmado;confirmado;confirmado;não localizado;não localizado;não localizado;confirmado;"Chamamento cultural PNAB da Prefeitura de Balsas/MA, inscrições até 02/10/2026. Não serve à associação (outro estado). Próximo passo: nenhum; manter só como referência."
BR · Outras;agr-18731ab8b91e;Edital Itagibá 2026: Guia de Captação e Inscrições;Prefeitura Municipal de Itagibá/BA;verificação individual na fonte oficial;pendente;fora;poder_publico;chamamento_publico;;;0;sem_evidencia;False;sem livro: fora da abrangência: oportunidade pública municipal de outro estado (só Goiás tem livros municipais);não localizado;não localizado;não localizado;não localizado;não localizado;não localizado;não localizado;não localizado;não localizado;não localizado;não localizado;não localizado;Item genérico, sem edital identificável. Mesmo que exista, está fora da abrangência. Manter pendente de baixa prioridade.
BR · Outras;agr-76d80d665481;Edital Tauá 2026: Guia de Captação e Inscrição;Prefeitura Municipal de Tauá;verificação individual na fonte oficial;descartada;fora;poder_publico;chamamento_publico;;https://www.taua.ce.gov.br/chamamento.php;4;sem_evidencia;False;sem livro: fora da abrangência: oportunidade pública municipal de outro estado (só Goiás tem livros municipais);confirmado;não localizado;não localizado;não localizado;não localizado;confirmado;confirmado;confirmado;não localizado;não localizado;não localizado;não localizado;"Não há edital para OSC em Tauá/CE; o único chamamento 2026 é compra PNAE fechada. Descartar."
BR · Outras;cat-eb61d1d86e65;Fundo BIS (GIFE) — fundo para incentivar doações;Fundo BIS / GIFE;verificação individual na fonte oficial;arquivada_encerrada;dentro;iniciativa_privada;patrocinio_privado;;https://fundobis.org.br/;10;sem_evidencia;False;nova-8f1e5103b38c;confirmado;confirmado;confirmado;dispensado pelo tipo;confirmado;confirmado;confirmado;confirmado;não localizado;não localizado;confirmado;confirmado;Fundo real, mas sem edital aberto: edições só em 2017 e 2019. Arquivar e monitorar eventual nova edição.
BR · Outras;cat-22126f3368ee;Mover se na web lanca chamada para projetos de inovacao tecnologica;Comitê Gestor da Internet no Brasil (CGI.br) e o Centro de Estudos sobre Tecnologias Web (Ceweb.br);verificação individual na fonte oficial;arquivada_encerrada;dentro;mista;chamamento_publico;2024-04-22;https://ceweb.br/;3;edicao_unica_no_periodo;False;op-74c12b78444f;confirmado;não localizado;não localizado;dispensado pelo tipo;não localizado;confirmado;não localizado;não localizado;não localizado;não localizado;não localizado;não localizado;"Chamada do Ceweb.br/CGI.br de 2024, encerrada; sem edição 2026 confirmada. Próximo passo: monitorar ceweb.br no 1º semestre de 2027."
BR · Outras;b629cc2bc40bb6443783;ANATER — Aviso de Seleção Pública (Edital nº 003/2026 — Coopera Rio + Doce);Agência Nacional de Assistência Técnica e Extensão Rural — ANATER;verificação individual na fonte oficial;valida_fora_abrangencia;fora;mista;chamamento_publico;2026-11-18;https://www.in.gov.br/web/dou/-/aviso-de-selecao-publica-735913080;8;sem_evidencia;False;op-995f372750c8;confirmado;confirmado;não localizado;não localizado;não localizado;confirmado;confirmado;confirmado;confirmado;não localizado;confirmado;confirmado;Seleção verdadeira e aberta (documentos de 09/10 a 18/11/2026), mas para a Bacia do Rio Doce. Fora da abrangência. Sem próximo passo para a AMC.
BR · Outras;agr-110e0851e53b;AVISO DA CHAMADA PÚBLICA Nº 1/2026 - CP;PREFEITURA MUNICIPAL DE VIÇOSA;verificação individual na fonte oficial;descartada;fora;poder_publico;chamamento_publico;;https://www.gov.br/fnde/pt-br/acesso-a-informacao/acoes-e-programas/programas/pnae;1;sem_evidencia;False;sem livro: fora da abrangência: oportunidade pública municipal de outro estado (só Goiás tem livros municipais);confirmado;não localizado;não localizado;não localizado;não localizado;não localizado;não localizado;não localizado;não localizado;não localizado;não localizado;não localizado;"Chamada pública do PNAE (compra de agricultura familiar) da Prefeitura de Viçosa; não é oportunidade de recurso. Descartar."
BR · Outras;agr-48554962a714;AVISO DE CHAMAMENTO PÚBLICO Nº 2/2026 - CP;;verificação individual na fonte oficial;pendente;dentro;poder_publico;chamamento_publico;;;0;sem_evidencia;False;op-0403745d544b;não localizado;não localizado;não localizado;não localizado;não localizado;não localizado;não localizado;não localizado;não localizado;não localizado;não localizado;não localizado;"Item sem fonte: só um Google Forms fechado. Manter pendente; não preencher nada."
BR · Outras;agr-c9968d2fb903;AVISO DE CHAMAMENTO PÚBLICO Nº 5/2026 — Miguel Calmon/BA;Prefeitura Municipal de Miguel Calmon/BA;verificação individual na fonte oficial;pendente;fora;poder_publico;chamamento_publico;;;0;sem_evidencia;False;op-5145a0f905b0;não localizado;não localizado;não localizado;não localizado;não localizado;não localizado;não localizado;não localizado;não localizado;não localizado;não localizado;não localizado;Aviso não localizado em fonte oficial e, de todo modo, fora da abrangência. Manter pendente de baixa prioridade.
BR · Outras;agr-150a16730155;Edital nº 00848/2026 — Serpro: Tomada de Subsídio para Parceria em Oportunidade de Negócio Gestão de Cidades;Serpro;verificação individual na fonte oficial;descartada;dentro;poder_publico;chamamento_publico;2026-10-13;https://chamamentos.serpro.gov.br/editais/12;7;sem_evidencia;False;op-d60154d3e2fd;confirmado;confirmado;não localizado;não localizado;não localizado;confirmado;não localizado;confirmado;confirmado;confirmado;confirmado;não localizado;Tomada de subsídio do Serpro para parceria de negócios (Gestão de Cidades). Não é recurso para OSC. Descartar.
BR · Outras;agr-5b795c6f772f;Edital de Credenciamento CAU/BR nº 2/2026 — Projeto Piloto Reforma Casa Brasil no DF;Conselho de Arquitetura e Urbanismo do Brasil — CAU/BR;verificação individual na fonte oficial;descartada;fora;poder_publico;credenciamento;;https://transparencia.caubr.gov.br/chamadas;8;sem_evidencia;False;op-f924528660ef;confirmado;não localizado;não localizado;não localizado;não localizado;confirmado;confirmado;confirmado;confirmado;confirmado;confirmado;confirmado;Credenciamento de prestadores de serviço de arquitetura no DF. Não é recurso para OSC. Descartar.
BR · Outras;agr-3b3ab0b02f4d;Aviso de Credenciamento nº 3/2026 — CREFITO-19 (patrocinadores do CONFITO 2026);Conselho Regional de Fisioterapia e Terapia Ocupacional da 19ª Região — CREFITO-19;verificação individual na fonte oficial;descartada;dentro;poder_publico;credenciamento;;https://www.in.gov.br/web/dou/-/aviso-de-credenciamento-n-3/2026-731103405;7;sem_evidencia;False;op-724418ad6275;confirmado;não localizado;não localizado;não localizado;não localizado;confirmado;confirmado;confirmado;confirmado;não localizado;confirmado;confirmado;Chamamento para quem quer patrocinar o congresso do CREFITO-19 em Goiânia. Não é recurso para OSC. Descartar.
BR · Outras;agr-23fa6cd06840;Chamamento Público nº 105/2026 — HU Brasil (locação de contêineres, HU-UFCAT);HU Brasil (Empresa Brasileira de Serviços Hospitalares);verificação individual na fonte oficial;descartada;dentro;poder_publico;chamamento_publico;2026-09-22;https://www.gov.br/hubrasil/pt-br/acesso-a-informacao/participacao-social/chamamentos-publicos/copy2_of_2025;6;sem_evidencia;False;op-24baef5345ba;confirmado;confirmado;não localizado;não localizado;não localizado;confirmado;confirmado;confirmado;não localizado;não localizado;confirmado;não localizado;Chamamento de compras (locação de contêineres) do HU Brasil, prazo vencido em 22/09/2026. Descartar.
BR · Outras;agr-b73898f93e1a;Applying for an UNDEF project grant and selection process | Democracy Fund;UNDEF — Fundo das Nações Unidas para a Democracia;verificação individual na fonte oficial;arquivada_encerrada;dentro;iniciativa_privada;patrocinio_privado;2025-02-28;https://www.un.org/democracyfund/en/apply-for-funding;10;edicao_unica_no_periodo;False;op-7346710e2293;confirmado;confirmado;confirmado;dispensado pelo tipo;confirmado;confirmado;confirmado;confirmado;não localizado;confirmado;não localizado;confirmado;Fundo da ONU para democracia com janela anual (última vista: fev/2025), US$ 100–200 mil. Encerrado agora e pouco aderente à associação. Próximo passo: verificar a página em janeiro de 2027.
BR · Outras;agr-d1d7224fe393;Aviso de Chamada Pública nº 1/2026 — IFBA Campus Camaçari (PNAE, agricultura familiar);IFBA — Campus Camaçari (CAM);verificação individual na fonte oficial;descartada;fora;poder_publico;chamamento_publico;2026-10-20;https://www.in.gov.br/web/dou/-/aviso-de-chamada-publica-n-1/2026-734347752;8;sem_evidencia;False;op-6c733d026349;confirmado;confirmado;não localizado;não localizado;não localizado;confirmado;confirmado;confirmado;confirmado;não localizado;confirmado;confirmado;Chamada de compra PNAE do IFBA Camaçari. Não é recurso para OSC. Descartar.
BR · Outras;agr-ee408f55b482;Aviso de Chamada Pública nº 6/2026 — Prefeitura de Itapuranga/GO (famílias do Minha Casa, Minha Vida);Prefeitura Municipal de Itapuranga — Secretaria de Cidadania, Assistência Social, Trabalho e da Mulher;verificação individual na fonte oficial;descartada;dentro;poder_publico;chamamento_publico;2026-10-09;http://pesquisa.in.gov.br/imprensa/jsp/visualiza/index.jsp?data=21/09/2026&jornal=530&pagina=251;8;sem_evidencia;False;sem livro: fora da abrangência: oportunidade pública municipal de outro estado (só Goiás tem livros municipais);confirmado;confirmado;não localizado;não localizado;não localizado;confirmado;confirmado;confirmado;confirmado;não localizado;confirmado;confirmado;É a seleção de famílias para moradias do MCMV em Itapuranga/GO, não uma oportunidade para OSC. Descartar.
BR · Outras;agr-e5fc153ebc90;Aviso de Chamamento Público Nº 857/2026;Serviço Federal de Processamento de Dados (Serpro) — DINIT/SUNIN;verificação individual na fonte oficial;descartada;dentro;poder_publico;chamamento_publico;2026-10-13;https://chamamentos.serpro.gov.br/editais/13;12;sem_evidencia;False;op-bcb8c6cf8188;confirmado;confirmado;não informado no edital;não informado no edital;não informado no edital;confirmado;não informado no edital;confirmado;não informado no edital;confirmado;não informado no edital;confirmado;Edital do Serpro de tomada de subsídio para parceria empresarial em inteligência tributária. Não serve à AMC. Descartar e ajustar o motor para ignorar a categoria 'Parcerias' do portal de fornecedores.
BR · Outras;agr-e64158204681;Aviso de Chamamento Público – Processo de Seleção com Disputa Aberta pelo Procedimento Remoto N° 69/2026;Sistema Indústria (CNI/SESI/SENAI — Departamento Nacional);verificação individual na fonte oficial;descartada;dentro;poder_publico;chamamento_publico;;https://www.portaldaindustria.com.br/licitacoes/;7;sem_evidencia;False;op-129c40f4474d;confirmado;não localizado;não localizado;não localizado;não localizado;confirmado;não informado no edital;confirmado;não localizado;confirmado;confirmado;confirmado;Processo de compra do Sistema Indústria (registro de preços de ambulâncias). Não é oportunidade de recurso. Descartar.
BR · Outras;agr-d2f9d620c73d;BONDE abre edital para formar lideranças climáticas com apoio de até R$ 10 mil;BONDE (plataforma de formação política e mobilização);verificação individual na fonte oficial;arquivada_encerrada;dentro;iniciativa_privada;patrocinio_privado;2026-07-31;https://media.bonde.org/wp-content/uploads/2026/07/15125548/BONDE-Edital-Clima-e-Territorio-1.pdf;12;sem_evidencia;False;op-8fd282cef617;confirmado;confirmado;confirmado;dispensado pelo edital;confirmado;confirmado;confirmado;confirmado;confirmado;não informado no edital;confirmado;confirmado;É uma formação com apoio financeiro para pessoas físicas. O prazo terminou em 31/07/2026 e não serve à associação como CNPJ. Basta arquivar e acompanhar uma eventual edição em julho de 2027.
BR · Outras;15de137a3b958a197005;Consulta de Emendas Parlamentares;Ministério do Desenvolvimento e Assistência Social, Família e Combate à Fome (MDS);verificação individual na fonte oficial;descartada;dentro;poder_publico;emenda_parlamentar;;https://www.gov.br/mds/pt-br/acesso-a-informacao/emendas-parlamentares;7;sem_evidencia;False;op-49a62c060dd8;confirmado;não localizado;dispensado pelo tipo;dispensado pelo tipo;dispensado pelo tipo;confirmado;não localizado;não localizado;não localizado;dispensado pelo tipo;dispensado pelo tipo;não localizado;É uma página de transparência do MDS, não uma oportunidade com prazo. Deve sair da lista de abertas. Sugestão: usar a consulta para identificar parlamentares que destinam emendas ao SUAS em Goiás.
BR · Outras;agr-0d00602c024c;Cáritas Brasileira abre edital de até R$ 25 mil para projetos de enfrentamento à violência sexual infantojuvenil;Cáritas Brasileira (apoio da Cáritas Alemanha);verificação individual na fonte oficial;arquivada_encerrada;dentro;iniciativa_privada;patrocinio_privado;2026-07-17;https://caritas.org.br/noticias/caritas-brasileira-esta-com-edital-aberto-para-iniciativas-locais;9;sem_evidencia;False;op-99a6ad82be7a;confirmado;confirmado;não localizado;dispensado pelo tipo;confirmado;confirmado;não localizado;confirmado;confirmado;não localizado;confirmado;confirmado;Edital real da Cáritas (R$ 10–25 mil, enfrentamento à violência sexual infantojuvenil), mas encerrado em 17/07/2026. Arquivar e vigiar uma eventual edição de 2027.
BR · Outras;agr-29e304ce7b7d;Edital Chamada Cidades LUPPA – 6ª Edição;Instituto Comida do Amanhã (correalização ICLEI América do Sul);verificação individual na fonte oficial;valida_aberta;dentro;iniciativa_privada;patrocinio_privado;2026-10-20;https://luppa.comidadoamanha.org/;8;sem_evidencia;False;op-3aff0bd13a8d;confirmado;confirmado;não localizado;dispensado pelo tipo;não localizado;confirmado;confirmado;confirmado;confirmado;não localizado;não localizado;confirmado;A chamada está aberta até 20/10/2026, mas só para municípios. Não serve à associação como proponente. Basta manter como referência e não priorizar.
BR · Outras;agr-8e62fe57ea3d;Edital Fundação Grupo Boticário Litoral SP PR SC 2026;Fundação Grupo Boticário;verificação individual na fonte oficial;arquivada_encerrada;fora;iniciativa_privada;patrocinio_privado;2020-07-24;https://fundacaogrupoboticario.org.br/chamada-busca-negocios-de-impacto-ambiental-positivo-nos-litorais-de-sp-pr-e-sc;10;sem_evidencia;False;op-4466ce0ec6f1;confirmado;confirmado;confirmado;dispensado pelo tipo;não informado no edital;confirmado;confirmado;confirmado;confirmado;não localizado;não localizado;confirmado;É uma chamada antiga, de 2020, restrita aos litorais de SP, PR e SC. Não serve. Basta arquivar.
BR · Outras;agr-b6255ab0db97;Edital Marinha 2026: Guia de Permuta e Imóveis Ociosos;Centro de Intendência Tecnológico da Marinha em São Paulo;verificação individual na fonte oficial;descartada;fora;poder_publico;chamamento_publico;;;0;sem_evidencia;False;op-9c20d4e08c44;não localizado;não localizado;não localizado;não localizado;não localizado;não localizado;não localizado;não localizado;não localizado;não localizado;não localizado;não localizado;Pelo título, é permuta de imóveis da Marinha, uma operação patrimonial. A fonte não abriu (404). Basta descartar e filtrar o termo.
BR · Outras;agr-7236d7933681;Edital Zurich Seguros 2026: Captação via Incentivo;Zurich Minas Brasil Seguros S.A. (apoio técnico IDIS);verificação individual na fonte oficial;valida_aberta;dentro;mista;incentivo_fiscal;2026-10-19;https://www.zurich.com.br/leis-de-incentivo-2026;12;sem_evidencia;True;op-c23e52a642a1;confirmado;confirmado;confirmado;dispensado pelo edital;não informado no edital;confirmado;confirmado;confirmado;confirmado;confirmado;confirmado;confirmado;"Edital nacional da Zurich (via IDIS) para projetos aprovados em leis federais de incentivo; inscrições até 19/10/2026 e resultado em 02/12/2026. Serve à AMC somente se ela já tiver projeto aprovado e apto à captação (ex.: FIA via CMDCA). Próximo passo: conferir a carteira de projetos aprovados e inscrever no formulário oficial antes de 19/10."
BR · Outras;agr-900dc1ef5ff0;Edital de Chamamento Público MGI-SPU-TO Nº 5/2026 — Permuta de Imóveis;Superintendência do Patrimônio da União no Tocantins (MGI/SPU-TO);verificação individual na fonte oficial;descartada;fora;poder_publico;chamamento_publico;;https://sistema.patrimoniodetodos.gov.br/requerimento/215;0;sem_evidencia;False;op-77934dda8b70;não localizado;não localizado;não localizado;não localizado;não localizado;não localizado;não localizado;não localizado;não localizado;não localizado;não localizado;não localizado;É uma operação de permuta imobiliária da União no Tocantins. Não serve. Basta descartar e filtrar.
BR · Outras;1f6a30caf0d9fe4b5961;Edital de Credenciamento de Organizações da Sociedade Civil - OSC Nº. 02/ 2026;Prefeitura Municipal de Quatá/SP — Secretaria de Promoção Social;verificação individual na fonte oficial;arquivada_encerrada;fora;poder_publico;credenciamento;2026-06-01;https://www.quata.sp.gov.br/noticias/promocao-social-assistencia-/2026/05/21/edital-de-credenciamento-de-organizacoes-da-sociedade-civil-osc-no-02-2026/3977;6;sem_evidencia;False;sem livro: fora da abrangência: oportunidade pública municipal de outro estado (só Goiás tem livros municipais);confirmado;confirmado;não localizado;não localizado;não localizado;confirmado;confirmado;confirmado;não localizado;não localizado;não localizado;confirmado;É um credenciamento municipal de Quatá/SP encerrado em 01/06/2026. Não serve. Basta arquivar.
BR · Outras;agr-4eb8919f6b89;FAPESP Young Investigator Grant for International Researchers;FAPESP;verificação individual na fonte oficial;valida_fora_abrangencia;fora;poder_publico;fluxo_continuo;;https://fapesp.br/jp;8;recorrente;False;op-7518ebbdcfb1;confirmado;dispensado pelo tipo;não localizado;não localizado;confirmado;confirmado;confirmado;confirmado;confirmado;não localizado;não localizado;confirmado;É um auxílio de pesquisa em fluxo contínuo, real, mas restrito a pesquisadores em SP. Não serve à associação. Basta retirar do bloco Nacional.
BR · Outras;agr-cea1627983ce;First Solar Corporate Charitable Fund of the Toledo Community Foundation;Toledo Community Foundation / First Solar (EUA);verificação individual na fonte oficial;pendente;fora;iniciativa_privada;patrocinio_privado;;;1;sem_evidencia;False;op-2141297c79af;não localizado;não localizado;não localizado;dispensado pelo tipo;não localizado;não localizado;não localizado;não localizado;não localizado;não localizado;não localizado;não localizado;"Fundo corporativo norte-americano sem fonte oficial localizada; o link do lote é de outro órgão. Não serve à AMC no estado atual. Manter pendente e, se não houver regra oficial, descartar."
BR · Outras;agr-99fb29e20bcf;Fundação Grupo Volkswagen abre edital para fortalecer projetos de inclusão produtiva;Fundação Grupo Volkswagen;verificação individual na fonte oficial;arquivada_encerrada;dentro;mista;incentivo_fiscal;2026-07-22;https://selecao.simbi.social/fgvw;8;sem_evidencia;False;op-f67a78c33399;confirmado;confirmado;não localizado;dispensado pelo tipo;não localizado;confirmado;não localizado;confirmado;confirmado;confirmado;não localizado;confirmado;"É um edital empresarial de captação via FIA, Fundo do Idoso, Rouanet e outras leis; encerrou em 22/07/2026. Pode servir numa próxima edição se a associação aprovar antes um projeto no FIA ou no Fundo do Idoso. Próximo passo: monitorar o 3º edital entre junho e julho de 2027."
BR · Outras;bac6b2b081fb0b76ee2f;Google para organizações sem fins lucrativos;Google;verificação individual na fonte oficial;valida_aberta;dentro;iniciativa_privada;doacao_de_bens;;https://www.google.com/nonprofits;11;recorrente;True;nova-d9551be7f363;confirmado;não informado no edital;confirmado;não informado no edital;dispensado pelo tipo;confirmado;confirmado;confirmado;confirmado;não localizado;confirmado;confirmado;É um programa permanente de doação de produtos Google a ONGs, aberto ao Brasil. Serve à associação para gestão (Workspace) e divulgação (Ad Grants). Próximo passo: cadastrar-se em google.com/nonprofits com CNPJ e estatuto e passar pela validação da Goodstack.
BR · Outras;agr-9b0dfdad9cb4;ITEC inicia seleção de professores para formar corpo docente de sua graduação em Ciência da Computação;ITEC;verificação individual na fonte oficial;descartada;fora;iniciativa_privada;chamamento_publico;;http://www.itec.org.br/selecaodocentes;12;sem_evidencia;False;op-44e74e23bf56;confirmado;não informado no edital;não informado no edital;não informado no edital;não informado no edital;confirmado;não informado no edital;confirmado;confirmado;não informado no edital;não informado no edital;confirmado;É um processo seletivo de professores, não uma oportunidade de recurso. Basta descartar.
BR · Outras;agr-0e65b34a7b61;Instituto Sabin abre inscrições para programa de aceleração de negócios de impacto social;Instituto Sabin (implementação CIVICUS);verificação individual na fonte oficial;arquivada_encerrada;dentro;iniciativa_privada;premio;2026-07-27;https://jornadasocial.com.br/edital-transformacao/;12;recorrente;False;op-c08fc48e493c;confirmado;confirmado;confirmado;confirmado;confirmado;confirmado;confirmado;confirmado;confirmado;não informado no edital;confirmado;confirmado;"Programa anual de aceleração do Instituto Sabin (4ª edição), com capital semente de até R$ 15 mil; inscrições encerradas em 27/07/2026. Arquivar e acompanhar a edição de 2027 se a AMC desenvolver um negócio social."
BR · Outras;agr-5a827c2777be;Programa Marielle Franco - Apoio Individual - Baobá;Fundo Baobá para Equidade Racial;verificação individual na fonte oficial;arquivada_encerrada;dentro;iniciativa_privada;patrocinio_privado;2025-10-14;https://baoba.org.br/home/programa-marielle-franco-apoio-individual/;12;edicao_unica_no_periodo;False;op-c6743b908a17;confirmado;confirmado;confirmado;dispensado pelo tipo;confirmado;confirmado;confirmado;confirmado;confirmado;confirmado;confirmado;confirmado;É um programa de bolsas para mulheres negras, encerrado em 14/10/2025. Não serve à associação como CNPJ. Basta arquivar e divulgar a lideranças locais quando houver nova edição.
BR · Outras;agr-fc5b1cf0bd72;Projetos de impacto social podem concorrer a prêmio internacional de 100 mil euros;iF International Forum Design GmbH;verificação individual na fonte oficial;arquivada_encerrada;dentro;iniciativa_privada;premio;;https://ifdesign.com/en/if-social-impact-prize;10;sem_evidencia;False;op-f56af6746514;confirmado;confirmado;confirmado;não informado no edital;confirmado;confirmado;confirmado;confirmado;confirmado;não localizado;não localizado;confirmado;Prêmio internacional anual da iF Design (EUR 100 mil/ano). Portal fechado e datas de 2027 a anunciar. Arquivar e reconsultar no fim de 2026.
BR · Outras;50bebfcc82d0f1110001;Prêmio Guardiãs FNRB;Ministério do Meio Ambiente e Mudança do Clima — Comitê Gestor do FNRB;verificação individual na fonte oficial;arquivada_encerrada;dentro;poder_publico;premio;;https://www.gov.br/mma/pt-br/assuntos/bioeconomia/patrimonio-genetico/reparticao-de-beneficios/fundo-nacional-para-a-reparticao-de-beneficios/premio-guardias-da-sociobiodiversidade/edital/edital_FNRB_n_2_2025_2_edicao_premio_guardias.pdf;12;recorrente;False;op-a49787165a41;confirmado;confirmado;confirmado;confirmado;confirmado;confirmado;confirmado;confirmado;confirmado;confirmado;confirmado;confirmado;"Prêmio federal do FNRB (2ª edição, Edital 2/2025), R$ 50 mil por organização de base tradicional. Ciclo encerrado e fora do perfil da AMC. Arquivar; o link correto do edital é o PDF no site do MMA."
BR · Outras;agr-cbcee7f7866b;Rede Memória Viva abre inscrições para organizações que preservam a memória africana e afro-brasileira;Consórcio Viva Pequena África (CEAP, Diaspora.Black, Feira Preta), apoio BNDES;verificação individual na fonte oficial;valida_aberta;dentro;mista;chamamento_publico;2026-10-05;https://vivapequenaafrica.com/rede-memoria-viva-inscricoes-organizacoes-culturais/;12;sem_evidencia;False;nova-e5fb908f6b88;confirmado;confirmado;confirmado;não informado no edital;dispensado pelo edital;confirmado;confirmado;confirmado;confirmado;confirmado;confirmado;confirmado;Chamamento nacional do consórcio Viva Pequena África (apoio BNDES) para aderir à Rede Memória Viva, aberto até 05/10/2026, sem repasse financeiro. Só serve à AMC se ela atuar com memória afro-brasileira. Indicar a parceiros do movimento negro de Goiânia.
BR · Outras;agr-11797f5695bc;UNDEF CSO Round Table during the 70th session of the CSW | Democracy Fund;UNDEF — United Nations Democracy Fund;verificação individual na fonte oficial;descartada;fora;iniciativa_privada;patrocinio_privado;;https://www.un.org/democracyfund/en/news/undef-cso-round-table-during-70th-session-csw;5;sem_evidencia;False;op-1c23345c1591;confirmado;não localizado;não localizado;dispensado pelo tipo;não localizado;confirmado;não localizado;confirmado;não localizado;não localizado;não localizado;confirmado;Notícia institucional do UNDEF sobre mesa-redonda na CSW70, sem chamada aberta. Descartar e, se interessar, monitorar a página de candidaturas do UNDEF.
BR · Pessoa idosa;b54d06d82e13bd589a6d;Seleção Pública Doação FI nº 01/2026 — Edital Fundo do Idoso (BNDES);BNDES — Banco Nacional de Desenvolvimento Econômico e Social;verificação individual na fonte oficial;arquivada_encerrada;fora;mista;incentivo_fiscal;2026-09-25;https://www.bndes.gov.br/wps/portal/site/home?1dmy&urile=wcm%3apath%3a%2Fbndes_institucional%2Fhome%2Fonde-atuamos%2Fsocial%2Fedital-projetos-fundo-idoso;11;sem_evidencia;False;op-c72794ff7c92;confirmado;confirmado;não localizado;dispensado pelo tipo;confirmado;confirmado;confirmado;confirmado;confirmado;confirmado;confirmado;confirmado;Seleção do BNDES para destinar doações incentivadas a Fundos do Idoso, encerrada em 25/09/2026 e limitada a quatro territórios fora de Goiás. Arquivar e acompanhar uma próxima edição.
BR · Saúde;0c3d1eb59b2a598a0393;Edital FME Transforma nº 02/2026 — Chamada aberta de projetos (Fundação Maria Emília);Fundação Maria Emília Pedreira Freire De Carvalho;verificação individual na fonte oficial;valida_aberta;dentro;iniciativa_privada;patrocinio_privado;2026-10-30;https://mariaemilia.org.br/wp-content/uploads/2026/08/Edital-FME-Transforma-2026.pdf;12;sem_evidencia;True;op-062ff40a5ba0;confirmado;confirmado;confirmado;dispensado pelo tipo;confirmado;confirmado;confirmado;confirmado;confirmado;confirmado;confirmado;confirmado;Edital privado nacional aberto até 30/10/2026, até R$ 1 milhão por projeto em saúde e educação. Serve à AMC se ela fechar parceria com IES e indicar coordenador doutor. Próximo passo: definir eixo, parceiro e montar proposta no Modelo de Submissão.
BR · Saúde;1c184665e3311afe4274;Edital de Credenciamento nº 01/2026 — OSCs para parcerias em saúde (ICISMEP);ICISMEP — Consórcio Intermunicipal de Saúde da Microrregião do Médio Paraopeba;verificação individual na fonte oficial;valida_fora_abrangencia;fora;poder_publico;credenciamento;;https://icismep.mg.gov.br/wp-content/uploads/2026/01/EDITAL-4.pdf;11;sem_evidencia;False;sem livro: fora da abrangência: oportunidade pública municipal de outro estado (só Goiás tem livros municipais);confirmado;dispensado pelo tipo;confirmado;confirmado;não informado no edital;confirmado;não localizado;confirmado;confirmado;confirmado;confirmado;confirmado;"Credenciamento contínuo de OSCs para parcerias em saúde de um consórcio intermunicipal mineiro. Válido, mas fora da abrangência da AMC; apenas referência de modelo."
BR · Saúde;agr-62cb303101b7;Aviso de Chamamento Público Credenciamento Nº 006/2026;Secretaria Municipal de Saúde (município não identificado);verificação individual na fonte oficial;pendente;fora;poder_publico;credenciamento;;;0;sem_evidencia;False;sem livro: fora da abrangência: oportunidade pública municipal de outro estado (só Goiás tem livros municipais);não localizado;não localizado;não localizado;não localizado;não localizado;não localizado;não localizado;não localizado;não localizado;não localizado;não localizado;não localizado;Aviso sem município nem link de edital (só gov.br/saude). Há dezenas de credenciamentos nº 006/2026 no país. Manter pendente e corrigir a origem no motor.
BR · Saúde;agr-cb09c9cd9cac;Aviso de Chamamento Público Nº 2/2026;Conselho Regional de Biomedicina da 4ª Região (CRBM-4);verificação individual na fonte oficial;descartada;fora;poder_publico;chamamento_publico;;http://www.crbm4.org.br/licitacoes;3;sem_evidencia;False;op-7a7ba312d8d3;confirmado;não localizado;não localizado;não localizado;não localizado;confirmado;não localizado;confirmado;não localizado;não localizado;não localizado;não localizado;Chamamentos do CRBM-4 são imobiliários (compra de sede, venda de imóvel) e leilão. Descartar.
BR · Saúde;agr-4f137ca96287;Edital de Chamamento N° 7/2026 - Seleção de Projetos de Inovação em Medicamentos;Anvisa — Agência Nacional de Vigilância Sanitária (2ª Diretoria);verificação individual na fonte oficial;descartada;fora;poder_publico;chamamento_publico;;https://anvisalegis.datalegis.net/action/ActionDatalegis.php?acao=abrirResenhaAnoData&cod_modulo=630&cod_menu=9376;5;sem_evidencia;False;op-50b73ba377d5;confirmado;não localizado;não localizado;não localizado;não localizado;confirmado;não localizado;confirmado;confirmado;não localizado;não localizado;confirmado;Chamamento da Anvisa para aconselhamento regulatório a desenvolvedores de medicamentos. Descartar.
BR · Saúde;agr-d8ecc9d6b8ea;Desafio: Dados e IA para Promoção da Saúde Mental de Crianças e Adolescentes (Vital Strategies / Google.org);Vital Strategies, com recursos do Google.org;verificação individual na fonte oficial;arquivada_encerrada;dentro;iniciativa_privada;patrocinio_privado;2026-08-03;https://www.vitalstrategies.org/resources/dados-e-ia-para-promocao-da-saude-mental-de-criancas-e-adolescentes/;10;sem_evidencia;False;op-14b865b03df4;confirmado;confirmado;não localizado;dispensado pelo tipo;confirmado;confirmado;confirmado;confirmado;confirmado;confirmado;não localizado;confirmado;Desafio nacional da Vital Strategies/Google.org para saúde mental infantojuvenil com dados e IA, encerrado em 03/08/2026. Arquivar e monitorar nova rodada.
BA · Assistência social;6b107a7e438b933a6e10;Itapetinga/BA (SAAE) — Edital de Chamamento Público nº 001/2025: credenciamento de instituições financeiras para arrecadação de faturas;Serviço Autônomo de Água e Esgoto de Itapetinga (SAAE);verificação individual na fonte oficial;descartada;fora;poder_publico;credenciamento;2025-08-25;;0;sem_evidencia;False;sem livro: fora da abrangência: oportunidade pública municipal de outro estado (só Goiás tem livros municipais);não localizado;não localizado;não localizado;não localizado;não localizado;não localizado;não localizado;não localizado;não localizado;não localizado;não localizado;não localizado;Não é oportunidade de recurso: é pré-qualificação de bancos para arrecadar faturas do SAAE de Itapetinga, com sessão em 25/08/2025. Descartar e não reabrir.
BA · Assistência social;844ef740fd826aeea799;Município de Rio Real/BA — Edital de Credenciamento nº 012/2026 de OSCs para termos de colaboração/fomento (Lei 13.019/2014);Município de Rio Real;verificação individual na fonte oficial;valida_fora_abrangencia;fora;poder_publico;credenciamento;2026-11-28;https://pncp.gov.br/app/editais/15088800000183/2026/109;5;sem_evidencia;False;op-2f01387c9562;confirmado;confirmado;não localizado;não localizado;não localizado;confirmado;confirmado;confirmado;não localizado;não localizado;não localizado;não localizado;"Credenciamento aberto de OSCs em Rio Real/BA, com propostas até 28/11/2026 segundo o PNCP. Não serve à AMC por território; falta ler o PDF para valor, áreas e requisitos. Arquivar como modelo de referência."
BA · Assistência social;32dabe97ff0f2b75e782;Município de Feira de Santana/BA (SEDUC) — Credenciamento/chamamento de OSC para termo de fomento na educação;Secretaria Municipal de Educação de Feira de Santana;verificação individual na fonte oficial;valida_fora_abrangencia;fora;poder_publico;credenciamento;2026-12-31;https://pncp.gov.br/app/editais/14043574000151/2026/327;8;sem_evidencia;False;op-c4f7c64e519d;confirmado;confirmado;não localizado;não localizado;confirmado;confirmado;confirmado;confirmado;não localizado;confirmado;não localizado;confirmado;"Credenciamento/chamamento da SEDUC de Feira de Santana para termo de fomento, aberto até 31/12/2026, R$ 11,67 mi estimados. Não serve à AMC por território; faltam requisitos e destinação (TR). Arquivar como referência."
BA · Chamamentos em diário oficial;f6da6ebdefabc8aeafbd;"Diário Oficial de Adustina (BA) 2026-09-18 — ""chamamento público"" ""organizações da sociedade civil""";Prefeitura Municipal de Adustina (BA);verificação individual na fonte oficial;valida_fora_abrangencia;fora;poder_publico;credenciamento;2026-10-26;https://data.queridodiario.ok.org.br/2900355/2026-09-18/52455a3dda550f7f47dc8d5e46a17f2bcabf3790.pdf;7;sem_evidencia;False;sem livro: fora da abrangência: oportunidade pública municipal de outro estado (só Goiás tem livros municipais);confirmado;confirmado;não localizado;não localizado;não localizado;confirmado;confirmado;confirmado;não localizado;confirmado;não localizado;confirmado;"Credenciamento real de OSC em Adustina/BA, aberto até 26/10/2026. Faltam valor, requisitos, resultado e recurso, que estão no edital do site municipal (bloqueado a robôs). Não serve à A.M.C.; manter como válida fora da abrangência."
BA · Chamamentos em diário oficial;fa61c7a11b6453bc8f31;"Diário Oficial de Inhambupe (BA) 2026-08-12 — ""edital de chamamento público"" associação";Prefeitura Municipal de Inhambupe — Secretaria Municipal de Cultura;verificação individual na fonte oficial;arquivada_encerrada;fora;poder_publico;chamamento_publico;2026-09-04;https://data.queridodiario.ok.org.br/2913705/2026-08-12/74e8064a8e45a4fdc86a1ac96152d80d6259ae8c.pdf;12;edicao_unica_no_periodo;False;sem livro: fora da abrangência: oportunidade pública municipal de outro estado (só Goiás tem livros municipais);confirmado;confirmado;confirmado;confirmado;confirmado;confirmado;confirmado;confirmado;confirmado;confirmado;confirmado;confirmado;"Edital PNAB municipal completo, com os 12 itens comprovados no diário oficial, mas encerrado em 04/09/2026 e restrito a Inhambupe/BA. Não serve à A.M.C. Arquivar; útil apenas como modelo de edital PNAB."
BA · Chamamentos em diário oficial;efdf4310aeedf0bda2fc;"Diário Oficial de Ipiaú (BA) 2026-09-17 — ""edital de chamamento público"" associação";Prefeitura Municipal de Ipiaú;verificação individual na fonte oficial;descartada;fora;poder_publico;chamamento_publico;;https://data.queridodiario.ok.org.br/2913903/2026-09-17/2c6f058e75349d67fc0c952f21f8242d20367669.pdf;5;sem_evidencia;False;sem livro: fora da abrangência: oportunidade pública municipal de outro estado (só Goiás tem livros municipais);confirmado;não localizado;confirmado;não localizado;não localizado;confirmado;não localizado;confirmado;não localizado;não localizado;não localizado;confirmado;"O diário de Ipiaú de 17/09/2026 traz os resultados da etapa de classificação dos Editais PNAB 01/2026 (Virada Cultural), 02/2026 e 03/2026 — ato de resultado, não abertura (o cabeçalho da página cita Mutuípe, mas o ato é da Prefeitura de Ipiaú). Não serve à A.M.C. Jardim América. Próximo passo: nenhum; arquivar como descartada."
BA · Chamamentos em diário oficial;96a15472bb46f02497c7;"Diário Oficial de Itapetinga (BA) 2026-09-21 — ""chamamento público"" ""organizações da sociedade civil""";Prefeitura Municipal de Itapetinga;verificação individual na fonte oficial;descartada;fora;poder_publico;chamamento_publico;;https://data.queridodiario.ok.org.br/2916401/2026-09-21/8ac87e0c63225dda337403038967ed3d7fb4b378.pdf;4;sem_evidencia;False;sem livro: fora da abrangência: oportunidade pública municipal de outro estado (só Goiás tem livros municipais);confirmado;não localizado;não localizado;não localizado;confirmado;confirmado;não localizado;confirmado;não localizado;não localizado;não localizado;não localizado;"A publicação de 21/09/2026 é errata do Aviso de Chamamento Público 006/2026 de Itapetinga/BA, que trata de aquisição de peças de motocicletas e veículos — compra comum, não fomento a OSC. Não serve à A.M.C. Jardim América. Próximo passo: nenhum; arquivar como descartada."
BA · Chamamentos em diário oficial;adc5c5cae78dc2cd2af7;"Diário Oficial de Adustina (BA) 2026-09-29 — ""chamamento público"" ""organizações da sociedade civil""";Prefeitura Municipal de Adustina (BA);verificação individual na fonte oficial;valida_fora_abrangencia;fora;poder_publico;chamamento_publico;2026-10-29;https://data.queridodiario.ok.org.br/2900355/2026-09-29/27af19badae39a770e1e85099a6567381a98d1c5.pdf;7;sem_evidencia;False;sem livro: fora da abrangência: oportunidade pública municipal de outro estado (só Goiás tem livros municipais);confirmado;confirmado;não localizado;não localizado;não localizado;confirmado;confirmado;confirmado;não localizado;confirmado;não localizado;confirmado;"Chamamento real de OSC em Adustina/BA, com sessão de entrega em 29/10/2026. Valor, requisitos, resultado e recurso estão no edital do site municipal (bloqueado a robôs). Não serve à A.M.C.; manter como válida fora da abrangência."
BA · Chamamentos em diário oficial;1b4109b8c6af48dfec86;"Diário Oficial de Alagoinhas (BA) 2026-09-28 — ""chamamento público"" ""organizações da sociedade civil""";Prefeitura Municipal de Alagoinhas — Secretaria Municipal de Cultura, Esporte e Turismo (SECET);verificação individual na fonte oficial;valida_fora_abrangencia;fora;poder_publico;chamamento_publico;2026-10-06;https://data.queridodiario.ok.org.br/2900702/2026-09-28/e4fb235782027e28c5a644900e63b3548d46cc7b.pdf;6;sem_evidencia;False;sem livro: fora da abrangência: oportunidade pública municipal de outro estado (só Goiás tem livros municipais);confirmado;confirmado;não localizado;não localizado;não localizado;confirmado;confirmado;confirmado;não localizado;não localizado;não localizado;confirmado;"Quatro chamadas culturais (PNAB) reais e abertas até 06/10/2026 em Alagoinhas/BA. Valores, requisitos, resultado e recurso estão nos editais (doem.org.br/PNCP). Não servem à A.M.C.; registrar como válidas fora da abrangência."
BA · Chamamentos em diário oficial;eb11cbc3ffccaf359ee0;"Diário Oficial de Alagoinhas (BA) 2026-09-29 — ""chamamento público"" ""organizações da sociedade civil""";Prefeitura Municipal de Alagoinhas;verificação individual na fonte oficial;descartada;fora;poder_publico;chamamento_publico;;https://data.queridodiario.ok.org.br/2900702/2026-09-29/a877531302a37fe356cf661ec92698f14f9f3363.pdf;3;sem_evidencia;False;sem livro: fora da abrangência: oportunidade pública municipal de outro estado (só Goiás tem livros municipais);confirmado;não localizado;não localizado;não localizado;não localizado;confirmado;não localizado;confirmado;não localizado;não localizado;não localizado;não localizado;"O diário de Alagoinhas de 29/09/2026 traz extratos de contratos do Credenciamento CRED 002/2025 (profissionais de saúde) e o Decreto 6.704/2026, que altera a comissão de monitoramento das parcerias com OSC — atos administrativos. Não serve à A.M.C. Jardim América. Próximo passo: nenhum; arquivar como descartada."
BA · Chamamentos em diário oficial;a8e3abdd44adce197617;"Diário Oficial de Brotas de Macaúbas (BA) 2026-09-28 — ""chamamento público"" ""organizações da sociedade civil""";Prefeitura Municipal de Brotas de Macaúbas;verificação individual na fonte oficial;descartada;fora;poder_publico;credenciamento;;https://data.queridodiario.ok.org.br/2904506/2026-09-28/7dedb3d5172a51bbb7c6a9e76c8fa340ffa99a26.pdf;3;sem_evidencia;False;sem livro: fora da abrangência: oportunidade pública municipal de outro estado (só Goiás tem livros municipais);confirmado;não localizado;não localizado;não localizado;não localizado;confirmado;não localizado;confirmado;não localizado;não localizado;não localizado;não localizado;"O diário de 28/09/2026 publica edital/minutas de credenciamento de pessoas físicas/jurídicas para serviços médicos à Secretaria de Saúde — contratação de serviços, não parceria com OSC. Não serve à A.M.C. Jardim América. Próximo passo: nenhum; arquivar como descartada."
BA · Chamamentos em diário oficial;4d274a1c8dbbfe15bb3e;"Diário Oficial de Cipó (BA) 2026-09-28 — ""chamamento público"" ""organizações da sociedade civil""";Prefeitura Municipal de Cipó;verificação individual na fonte oficial;pendente;fora;poder_publico;chamamento_publico;;https://data.queridodiario.ok.org.br/2907905/2026-09-28/f66a6594d9fe7d60c5060d0b14ddf9dede04a3ab.pdf;4;sem_evidencia;False;sem livro: fora da abrangência: oportunidade pública municipal de outro estado (só Goiás tem livros municipais);confirmado;não localizado;não localizado;não localizado;não localizado;confirmado;não localizado;confirmado;não localizado;não localizado;não localizado;confirmado;"Há dois editais PNAB publicados como imagem no diário de Cipó/BA; não foi possível ler prazo e valor. Mesmo aberto, seria fora da abrangência. Próximo passo: OCR das páginas 5–8 ou leitura no site da prefeitura, só se o painel precisar do registro."
BA · Chamamentos em diário oficial;5064b3f162af22969d58;"Diário Oficial de Cruz das Almas (BA) 2026-09-28 — ""chamamento público"" ""organizações da sociedade civil""";Prefeitura Municipal de Cruz das Almas;verificação individual na fonte oficial;descartada;fora;poder_publico;credenciamento;;https://data.queridodiario.ok.org.br/2909802/2026-09-28/6ca9b5b7e13885432afccb5a40bb3e5a63951e4b.pdf;5;sem_evidencia;False;sem livro: fora da abrangência: oportunidade pública municipal de outro estado (só Goiás tem livros municipais);confirmado;não localizado;confirmado;não localizado;confirmado;confirmado;não localizado;confirmado;não localizado;não localizado;não localizado;não localizado;"O diário de 28/09/2026 traz extratos de contratos e o termo de homologação do Credenciamento 005/2026 (serviços médicos ao SUS) — contratação de serviços, não parceria com OSC. Não serve à A.M.C. Jardim América. Próximo passo: nenhum; arquivar como descartada."
BA · Chamamentos em diário oficial;8c088ab601d9741de170;"Diário Oficial de Feira de Santana (BA) 2026-09-29 — ""chamamento público"" ""organizações da sociedade civil""";Prefeitura de Feira de Santana — Secretaria Municipal de Educação (SEDUC);verificação individual na fonte oficial;valida_fora_abrangencia;fora;poder_publico;premio;2026-10-30;https://data.queridodiario.ok.org.br/2910800/2026-09-29/92632ec5e8d9356c93597839a21c8374fd65d2e3.pdf;12;edicao_unica_no_periodo;False;sem livro: fora da abrangência: oportunidade pública municipal de outro estado (só Goiás tem livros municipais);confirmado;confirmado;confirmado;dispensado pelo edital;não informado no edital;confirmado;confirmado;confirmado;confirmado;confirmado;confirmado;confirmado;"Prêmio municipal real, aberto de 01 a 30/10/2026, com os 12 itens resolvidos (o recurso é vedado pelo edital e o valor não é fixado). Restrito a Feira de Santana/BA; não serve à A.M.C. Registrar como válida fora da abrangência."
BA · Chamamentos em diário oficial;ac94161ea14a0e099ac8;"Diário Oficial de Inhambupe (BA) 2026-09-29 — ""chamamento público"" ""organizações da sociedade civil""";Prefeitura Municipal de Inhambupe;verificação individual na fonte oficial;descartada;fora;poder_publico;credenciamento;;https://data.queridodiario.ok.org.br/2913705/2026-09-29/1ab6526713498084ee7394fffea549e4e38aac76.pdf;3;sem_evidencia;False;sem livro: fora da abrangência: oportunidade pública municipal de outro estado (só Goiás tem livros municipais);não localizado;não localizado;não localizado;não localizado;confirmado;confirmado;não localizado;confirmado;não localizado;não localizado;não localizado;não localizado;"O diário de 29/09/2026 traz extratos de contratos do Credenciamento 004/2026 (valor estimado R$ 1.754.619,00, vigência até 23/09/2027) — ato de execução de contrato já celebrado. Não serve à A.M.C. Jardim América. Próximo passo: nenhum; arquivar como descartada."
BA · Chamamentos em diário oficial;c3bb81b60826404483fa;"Diário Oficial de Itamaraju (BA) 2026-09-29 — ""chamamento público"" ""organizações da sociedade civil""";Prefeitura Municipal de Itamaraju;verificação individual na fonte oficial;descartada;fora;poder_publico;doacao_de_bens;;https://data.queridodiario.ok.org.br/2915601/2026-09-29/d498d512c9023f5568699f8a6a04baa0314a3915.pdf;5;sem_evidencia;False;sem livro: fora da abrangência: oportunidade pública municipal de outro estado (só Goiás tem livros municipais);confirmado;não localizado;confirmado;confirmado;não localizado;confirmado;não localizado;confirmado;não localizado;não localizado;não localizado;não localizado;"O diário de 29/09/2026 publica a ata de habilitação do Credenciamento 007/2026 de pequenos agricultores para doação de mudas de café e pimenta-do-reino — resultado de credenciamento de pessoas físicas, não fomento a OSC. Não serve à A.M.C. Jardim América. Próximo passo: nenhum; arquivar como descartada."
BA · Chamamentos em diário oficial;ae79081279b5cef7bd27;"Diário Oficial de Itapetinga (BA) 2026-09-29 — ""chamamento público"" ""organizações da sociedade civil""";Prefeitura Municipal de Itapetinga;verificação individual na fonte oficial;descartada;fora;poder_publico;chamamento_publico;;https://data.queridodiario.ok.org.br/2916401/2026-09-29/78cf4348f6cfe9ee1ce8866c63f8c010d14a0bc4.pdf;4;sem_evidencia;False;sem livro: fora da abrangência: oportunidade pública municipal de outro estado (só Goiás tem livros municipais);confirmado;não localizado;não localizado;não localizado;confirmado;confirmado;não localizado;confirmado;não localizado;não localizado;não localizado;não localizado;"O diário de 29/09/2026 traz extratos de contratos oriundos de chamamentos de 2023/2024 (serviços médicos, hospedagem) — atos de execução contratual. Não serve à A.M.C. Jardim América. Próximo passo: nenhum; arquivar como descartada."
BA · Chamamentos em diário oficial;748b2f9cde806c39e2d9;"Diário Oficial de Itapicuru (BA) 2026-09-28 — ""chamamento público"" ""organizações da sociedade civil""";Prefeitura Municipal de Itapicuru — Fundo Municipal de Educação;verificação individual na fonte oficial;descartada;fora;poder_publico;chamamento_publico;2026-10-15;https://data.queridodiario.ok.org.br/2916500/2026-09-28/4a7278191b1202d2dd4dd1f1659b248b25c296e8.pdf;5;sem_evidencia;False;sem livro: fora da abrangência: oportunidade pública municipal de outro estado (só Goiás tem livros municipais);confirmado;confirmado;não localizado;não localizado;confirmado;confirmado;não localizado;confirmado;não localizado;não localizado;não localizado;não localizado;"O diário de 28/09/2026 divulga a Chamada Pública CP002/2026 (Lei 11.947/2009) para aquisição de gêneros da agricultura familiar para a alimentação escolar, até 15/10/2026 — compra pública, não fomento a OSC. Não serve à A.M.C. Jardim América. Próximo passo: nenhum; arquivar como descartada."
BA · Chamamentos em diário oficial;c9ee97928559573b6c94;"Diário Oficial de Mascote (BA) 2026-09-29 — ""chamamento público"" ""organizações da sociedade civil""";Prefeitura Municipal de Mascote;verificação individual na fonte oficial;descartada;fora;poder_publico;credenciamento;;https://data.queridodiario.ok.org.br/2920908/2026-09-29/8d999e26732dc91425c400786e32aa40acb8bc85.pdf;4;sem_evidencia;False;sem livro: fora da abrangência: oportunidade pública municipal de outro estado (só Goiás tem livros municipais);confirmado;não localizado;confirmado;não localizado;não localizado;confirmado;não localizado;confirmado;não localizado;não localizado;não localizado;não localizado;"O diário de 29/09/2026 traz o resultado e a ata de habilitação do Credenciamento 007/2025 (hospedagens e refeições) — compra comum de serviços. Não serve à A.M.C. Jardim América. Próximo passo: nenhum; arquivar como descartada."
BA · Chamamentos em diário oficial;15747b9c2f32439ad0bf;"Diário Oficial de Salvador (BA) 2026-09-28 — ""chamamento público"" ""organizações da sociedade civil""";Prefeitura de Salvador — Secretaria Municipal de Sustentabilidade, Resiliência, Bem-Estar e Proteção Animal (SECIS);verificação individual na fonte oficial;valida_fora_abrangencia;fora;poder_publico;credenciamento;2026-10-28;https://www.compras.salvador.ba.gov.br/memorial/EDITAL%20DE%20CREDENCIAMENTO%20001-2026.pdf;12;sem_evidencia;False;sem livro: fora da abrangência: oportunidade pública municipal de outro estado (só Goiás tem livros municipais);confirmado;confirmado;confirmado;confirmado;confirmado;confirmado;confirmado;confirmado;confirmado;confirmado;confirmado;confirmado;"Credenciamento real de OSC em Salvador, aberto até 28/10/2026, com os 12 itens confirmados no edital oficial. Fora da abrangência e da área da A.M.C.; serve como modelo de termo de colaboração por produção (valor por animal)."
BA · Chamamentos em diário oficial;c092e7397f7ac247c1e7;"Diário Oficial de Salvador (BA) 2026-09-29 — ""chamamento público"" ""organizações da sociedade civil""";Prefeitura Municipal de Salvador;verificação individual na fonte oficial;descartada;fora;poder_publico;chamamento_publico;;https://data.queridodiario.ok.org.br/2927408/2026-09-29/0640f7e8dda589e0aba5a21d4e59e7e6bc01f30b.pdf;3;sem_evidencia;False;sem livro: fora da abrangência: oportunidade pública municipal de outro estado (só Goiás tem livros municipais);confirmado;não localizado;não localizado;não localizado;não localizado;confirmado;não localizado;confirmado;não localizado;não localizado;não localizado;não localizado;"O diário de Salvador de 29/09/2026 traz extratos de contratos médicos (Chamamentos 003 e 004/2024 da SMS) e resultados de habilitação; a menção a 'sociedade civil' é da eleição do Conselho Municipal de Política Cultural. Não serve à A.M.C. Jardim América. Próximo passo: nenhum; arquivar como descartada."
BA · Criança e adolescente;6814500ae96365bfe8f4;COMPANHIA DE PESQUISA DE RECURSOS MINERAIS — Programa de Aprendizagem, com dois Jovens Aprendizes, para atuação junto à Companhia de Pesquisa de Recur;COMPANHIA DE PESQUISA DE RECURSOS MINERAIS;verificação individual na fonte oficial;descartada;fora;poder_publico;chamamento_publico;2026-10-08;https://pncp.gov.br/app/editais/00091652000189/2026/333;9;sem_evidencia;False;op-b2008e34275c;confirmado;confirmado;não localizado;não localizado;confirmado;confirmado;confirmado;confirmado;não localizado;confirmado;confirmado;confirmado;"Dispensa de licitação da CPRM para entidade formadora de jovens aprendizes em Salvador, já revogada no PNCP. Não é oportunidade de recurso para OSC; descartar."
BA · Cultura;3c4334473732489935e8;"Diário Oficial de Arataca (BA) 2026-09-23 — ""edital de chamamento público"" associação";Secretaria Municipal de Educação, Cultura e Esporte de Arataca;verificação individual na fonte oficial;arquivada_encerrada;fora;poder_publico;chamamento_publico;;https://data.queridodiario.ok.org.br/2902252/2026-09-23/3586ddcf48e0e684cbf5ab57e99a08122910e7d1.pdf;7;sem_evidencia;False;sem livro: fora da abrangência: oportunidade pública municipal de outro estado (só Goiás tem livros municipais);confirmado;não localizado;confirmado;não localizado;não localizado;confirmado;confirmado;confirmado;não localizado;não localizado;confirmado;confirmado;"Ato de prorrogação da assinatura do TEC do Edital PNAB 02/2026 de Arataca/BA; inscrições e resultado já encerrados. Arquivar; corrigir no banco o objeto 'PNAE', que não corresponde ao diário."
BA · Cultura;op-op-5917c6159746;Chamamento Público Nº 005/2026 para Seleção de Projetos para firmar Termo de execução Cultural com Recursos… — FUNDO MUNICIPAL DE EDUCACAO DE ALVORADA;Fundo Municipal de Educação de Alvorada do Norte - FME;verificação individual na fonte oficial;arquivada_encerrada;dentro;poder_publico;chamamento_publico;2026-09-29;https://pncp.gov.br/app/editais/46658543000100/2026/143;7;sem_evidencia;False;op-7dd5fc241767;confirmado;confirmado;não localizado;não localizado;confirmado;confirmado;confirmado;confirmado;não localizado;não localizado;não localizado;confirmado;Chamamento PNAB de Alvorada do Norte/GO, R$ 50 mil, encerrado em 29/09/2026 conforme PNCP. Não serve agora. Guardar como histórico para 2027.
BA · Cultura;c0ea3953bf83ec1e8987;"Diário Oficial de Canudos (BA) 2026-08-05 — ""edital de chamamento público"" associação";Secretaria Municipal de Cultura, Turismo, Esporte, Lazer e Juventude;verificação individual na fonte oficial;arquivada_encerrada;fora;poder_publico;chamamento_publico;2026-09-02;https://data.queridodiario.ok.org.br/2906824/2026-08-05/c4731fcced6069a299726465701dc4929d2b9dee.pdf;12;sem_evidencia;False;sem livro: fora da abrangência: oportunidade pública municipal de outro estado (só Goiás tem livros municipais);confirmado;confirmado;confirmado;confirmado;confirmado;confirmado;confirmado;confirmado;confirmado;confirmado;confirmado;confirmado;"Edital PNAB 02/2026 de Canudos/BA, com os 12 itens confirmados no diário oficial; inscrições encerradas em 02/09/2026 e restritas ao município. Arquivar como referência."
BA · Cultura;b55259766243bb944435;"Diário Oficial de Canudos (BA) 2026-09-23 — ""edital de chamamento público"" associação";Prefeitura Municipal de Canudos;verificação individual na fonte oficial;arquivada_encerrada;fora;poder_publico;chamamento_publico;2026-09-02;https://data.queridodiario.ok.org.br/2906824/2026-09-23/82414b3857eb558e0c8f5824145fe882d0e3a22c.pdf;12;sem_evidencia;False;sem livro: fora da abrangência: oportunidade pública municipal de outro estado (só Goiás tem livros municipais);confirmado;confirmado;confirmado;confirmado;confirmado;confirmado;confirmado;confirmado;confirmado;confirmado;confirmado;confirmado;"Ato de alteração do cronograma do Edital PNAB 02/2026 de Canudos (adia o resultado preliminar); duplicado do item c0ea3953bf83ec1e8987. Arquivar e consolidar no mesmo registro."
BA · Cultura;d5ba230f47e62237e9d4;"Diário Oficial de Itapetinga (BA) 2026-08-21 — ""edital de chamamento público"" associação";Governo Federal;verificação individual na fonte oficial;arquivada_encerrada;fora;poder_publico;chamamento_publico;2026-08-28;https://data.queridodiario.ok.org.br/2916401/2026-08-21/d6b6e3d1059130c2a865018231b54940492b8a95.pdf;12;sem_evidencia;False;sem livro: fora da abrangência: oportunidade pública municipal de outro estado (só Goiás tem livros municipais);confirmado;confirmado;confirmado;confirmado;confirmado;confirmado;confirmado;confirmado;confirmado;confirmado;confirmado;confirmado;Edital PNAB nº 07/2026 de Itapetinga/BA (apresentação de MPB, R$ 20 mil), com prazo de 5 dias úteis já vencido (~28/08/2026). Arquivar.
BA · Cultura;f75ddd3353f87269a2d9;"Diário Oficial de Ituaçu (BA) 2026-08-20 — ""chamamento público"" ""organizações da sociedade civil""";Prefeitura Municipal de Ituaçu;verificação individual na fonte oficial;arquivada_encerrada;fora;poder_publico;chamamento_publico;2026-08-28;https://data.queridodiario.ok.org.br/2917201/2026-08-20/be2d2b128107d81aec318f61d37b70d05be02e3c.pdf;11;sem_evidencia;False;sem livro: fora da abrangência: oportunidade pública municipal de outro estado (só Goiás tem livros municipais);confirmado;confirmado;não localizado;confirmado;confirmado;confirmado;confirmado;confirmado;confirmado;confirmado;confirmado;confirmado;Edital PNAB 003/2026 de Ituaçu/BA (festividade cultural e religiosa, R$ 14,3 mil), com inscrições encerradas em 28/08/2026. Arquivar.
BA · Cultura;38de63878d5d74c687cb;o Chamamento Público nº 002/2026, destinado à seleção de projetos culturais para execução de oficinas de música, mediante celebração de Termo de Execu;Município de Olindina;verificação individual na fonte oficial;valida_fora_abrangencia;fora;poder_publico;chamamento_publico;2026-10-13;https://pncp.gov.br/app/editais/13647854000106/2026/74;7;sem_evidencia;False;op-c608a85a0855;confirmado;confirmado;não localizado;não localizado;confirmado;confirmado;confirmado;confirmado;não localizado;não localizado;não localizado;confirmado;Chamamento PNAB de Olindina/BA, aberto até 13/10/2026, R$ 34.992,00. Não serve à A.M.C. (outro estado). Apenas referência.
BA · Cultura;4ddcee904eef691c218c;MUNICIPIO DE OLINDINA — o Chamamento Público nº 002/2026, destinado à seleção de projetos culturais para execução de oficinas de música, mediante cele;Município de Olindina;verificação individual na fonte oficial;valida_fora_abrangencia;fora;poder_publico;chamamento_publico;2026-10-13;https://pncp.gov.br/app/editais/13647854000106/2026/74;7;sem_evidencia;False;op-d715aa5c4aff;confirmado;confirmado;não localizado;não localizado;confirmado;confirmado;confirmado;confirmado;não localizado;não localizado;não localizado;confirmado;Chamamento PNAB de Olindina/BA, aberto até 13/10/2026, R$ 34.992,00. Não serve à A.M.C. (outro estado). Apenas referência.
BA · Cultura;20f8c4b2f5df921e4163;MUNICIPIO DE LAURO DE FREITAS — Concessão de apoio financeiro para execução de projetos culturais, no âmbito da Política Nacional Aldir Blanc de Fomen;Município de Lauro de Freitas;verificação individual na fonte oficial;valida_fora_abrangencia;fora;poder_publico;chamamento_publico;2026-10-15;https://pncp.gov.br/app/editais/13927819000140/2026/143;7;sem_evidencia;False;sem livro: não é seleção aberta a associações (dispensa/inexigibilidade de chamamento, credenciamento de pessoa física ou compra);confirmado;confirmado;não localizado;não localizado;confirmado;confirmado;confirmado;confirmado;não localizado;não localizado;não localizado;confirmado;Chamada PNAB de Lauro de Freitas/BA, R$ 451,8 mil, aberta até 15/10/2026. Não serve à A.M.C. (outro estado).
BA · Cultura;4df068117be8477c1802;MUNICIPIO DE OLINDINA — Chamamento Público é o credenciamento de artistas, grupos e coletivos culturais para compor a programação dos eventos realizad;Município de Olindina;verificação individual na fonte oficial;valida_fora_abrangencia;fora;poder_publico;credenciamento;2026-12-31;https://pncp.gov.br/app/editais/13647854000106/2026/33;7;sem_evidencia;False;op-b1fa835db3b4;confirmado;confirmado;não localizado;não localizado;confirmado;confirmado;confirmado;confirmado;não localizado;não localizado;não localizado;confirmado;Credenciamento de artistas de Olindina/BA aberto até 31/12/2026. Não serve à A.M.C. (outro estado, contratação de shows).
BA · Cultura;agr-7b4a5961e9a5;1.1. CREDENCIAMENTO DE PESSOA FÍSICA E/OU JURÍDICA PARA POSSÍVEIS E FUTURAS CONTRATAÇÕES DE GRUPOS CULTURAIS… — FUNDO MUNICIPAL DE EDUCACAO - FME;FUNDO MUNICIPAL DE EDUCACAO - FME;verificação individual na fonte oficial;valida_fora_abrangencia;fora;poder_publico;credenciamento;2027-01-22;https://pncp.gov.br/app/editais/21763447000192/2026/7;12;edicao_unica_no_periodo;False;sem livro: não é seleção aberta a associações (dispensa/inexigibilidade de chamamento, credenciamento de pessoa física ou compra);confirmado;confirmado;confirmado;confirmado;confirmado;confirmado;confirmado;confirmado;confirmado;confirmado;confirmado;confirmado;"Credenciamento de artistas para eventos de Amélia Rodrigues/BA, aberto, com edital lido no PNCP. Não serve à A.M.C. (território BA, objeto de contratação de shows); manter só como referência de modelo."
BA · Cultura;agr-473a94c623a4;1º CISCO CULTURAL | DIVERSAS ÁREAS CULTURAIS | IBIASSUCÊ-BA;COMCULT - Coordenação Municipal de Cultura e Relações Étnico-Raciais de Ibiassucê-BA;verificação individual na fonte oficial;valida_fora_abrangencia;fora;poder_publico;premio;2026-10-02;https://mapa.cultura.gov.br/oportunidade/11455/;6;sem_evidencia;False;op-0b0edf798844;confirmado;confirmado;não localizado;não localizado;não localizado;confirmado;confirmado;confirmado;não localizado;não localizado;não localizado;confirmado;Edital PNAB de Ibiassucê/BA no Mapa da Cultura, inscrições até hoje (02/10/2026, 18h). Não serve à A.M.C. (outro estado). Valor e requisitos ficaram no regulamento não lido.
BA · Cultura;agr-da1ac5d27b72;2º PRÊMIO CULTURA VIVA | PONTOS DE CULTURA | IBIASSUCÊ-BA;COMCULT - Coordenação Municipal de Cultura e Relações Étnico-Raciais de Ibiassucê-BA;verificação individual na fonte oficial;valida_fora_abrangencia;fora;poder_publico;premio;2026-10-02;https://mapa.cultura.gov.br/oportunidade/11683/;6;sem_evidencia;False;op-bfd14031a75e;confirmado;confirmado;não localizado;não localizado;não localizado;confirmado;confirmado;confirmado;não localizado;não localizado;não localizado;confirmado;Edital PNAB de Ibiassucê/BA no Mapa da Cultura, inscrições até hoje (02/10/2026, 18h). Não serve à A.M.C. (outro estado). Valor e requisitos ficaram no regulamento não lido.
BA · Cultura;agr-15049aa8cb92;2º PRÊMIO TRAJETÓRIAS CULTURAIS | QUADRILHAS JUNINAS | IBIASSUCÊ-BA;COMCULT - Coordenação Municipal de Cultura e Relações Étnico-Raciais de Ibiassucê-BA;verificação individual na fonte oficial;valida_fora_abrangencia;fora;poder_publico;premio;2026-10-02;https://mapa.cultura.gov.br/oportunidade/11453/;6;sem_evidencia;False;op-59e8b1891642;confirmado;confirmado;não localizado;não localizado;não localizado;confirmado;confirmado;confirmado;não localizado;não localizado;não localizado;confirmado;Edital PNAB de Ibiassucê/BA no Mapa da Cultura, inscrições até hoje (02/10/2026, 18h). Não serve à A.M.C. (outro estado). Valor e requisitos ficaram no regulamento não lido.
BA · Cultura;agr-0d125a855449;AVISO DE CREDENCIAMENTO Nº 003/2026 Objeto: CREDENCIAMENTO DE ARTÍSTAS LOCAIS, PESSOA FÍSICA, PARA EVENTUAL… — MUNICIPIO DE LAPAO;MUNICIPIO DE LAPAO;verificação individual na fonte oficial;valida_fora_abrangencia;fora;poder_publico;credenciamento;2026-12-31;https://pncp.gov.br/app/editais/13891528000140/2026/17;12;sem_evidencia;False;sem livro: não é seleção aberta a associações (dispensa/inexigibilidade de chamamento, credenciamento de pessoa física ou compra);confirmado;confirmado;confirmado;confirmado;confirmado;confirmado;confirmado;confirmado;confirmado;confirmado;confirmado;confirmado;"Credenciamento de artistas para eventos de Lapão/BA, aberto, com edital lido no PNCP. Não serve à A.M.C. (território BA, objeto de contratação de shows); manter só como referência de modelo."
BA · Cultura;agr-de96c756230f;CHAMAMENTO PÚBLICO PARA O CREDENCIAMENTO DE PESSOAS FÍSICAS OU JURÍDICAS, PRESTADORAS DE ATIVIDADES… — MUNICIPIO DE BOQUIRA;MUNICIPIO DE BOQUIRA;verificação individual na fonte oficial;valida_fora_abrangencia;fora;poder_publico;credenciamento;2027-03-30;https://pncp.gov.br/app/editais/13780770000146/2026/31;8;sem_evidencia;False;sem livro: não é seleção aberta a associações (dispensa/inexigibilidade de chamamento, credenciamento de pessoa física ou compra);confirmado;confirmado;não localizado;não localizado;confirmado;confirmado;confirmado;confirmado;não localizado;não localizado;confirmado;confirmado;"Credenciamento de artistas para eventos de Boquira/BA, aberto, com edital lido no PNCP. Não serve à A.M.C. (território BA, objeto de contratação de shows); manter só como referência de modelo."
BA · Cultura;agr-bf9b4ff42de1;CHAMAMENTO PÚBLICO para o Credenciamento de artistas, grupos culturais, nos variados estilos, bem como outros… — MUNICIPIO DE INHAMBUPE;MUNICIPIO DE INHAMBUPE;verificação individual na fonte oficial;valida_fora_abrangencia;fora;poder_publico;credenciamento;2026-12-18;https://pncp.gov.br/app/editais/13647185000172/2026/67;12;edicao_unica_no_periodo;False;op-40dc2e1b7719;confirmado;confirmado;confirmado;confirmado;confirmado;confirmado;confirmado;confirmado;confirmado;confirmado;confirmado;confirmado;"Credenciamento de artistas para eventos de Inhambupe/BA, aberto, com edital lido no PNCP. Não serve à A.M.C. (território BA, objeto de contratação de shows); manter só como referência de modelo."
BA · Cultura;agr-419ac9d2f6b3;CREDENCIAMENTO ARTISTAS, BANDAS, GRUPOS MUSICAIS E ARTÍSTICOS, NOS VARIADOS ESTILOS PARA POSSÍVEIS E FUTURAS… — MUNICIPIO DE IPIAU;MUNICIPIO DE IPIAU;verificação individual na fonte oficial;valida_fora_abrangencia;fora;poder_publico;credenciamento;2027-06-12;https://pncp.gov.br/app/editais/13701651000150/2026/42;12;edicao_unica_no_periodo;False;op-de6a74119318;confirmado;confirmado;confirmado;confirmado;confirmado;confirmado;confirmado;confirmado;confirmado;confirmado;confirmado;confirmado;"Credenciamento de artistas para eventos de Ipiaú/BA, aberto, com edital lido no PNCP. Não serve à A.M.C. (território BA, objeto de contratação de shows); manter só como referência de modelo."
BA · Cultura;agr-7e50385ffb22;CREDENCIAMENTO DE ARTISTAS INDIVIDUAIS, DUPLAS OU GRUPOS MUSICAIS LOCAIS, COM A FINALIDADE DE INTEGRAR A… — MUNICIPIO DE RIBEIRA DO AMPARO;MUNICIPIO DE RIBEIRA DO AMPARO;verificação individual na fonte oficial;valida_fora_abrangencia;fora;poder_publico;credenciamento;2027-01-13;https://pncp.gov.br/app/editais/13809405000117/2026/3;12;sem_evidencia;False;op-c8e9140b5be0;confirmado;confirmado;confirmado;confirmado;confirmado;confirmado;confirmado;confirmado;confirmado;confirmado;confirmado;confirmado;"Credenciamento de artistas para eventos de Ribeira do Amparo/BA, aberto, com edital lido no PNCP. Não serve à A.M.C. (território BA, objeto de contratação de shows); manter só como referência de modelo."
BA · Cultura;agr-05f8e429076d;CREDENCIAMENTO DE ARTISTAS PARA A CARAVANA DA CULTURA 2026/2027 — MUNICIPIO DE VITORIA DA CONQUISTA;MUNICIPIO DE VITORIA DA CONQUISTA;verificação individual na fonte oficial;valida_fora_abrangencia;fora;poder_publico;credenciamento;2027-06-01;https://pncp.gov.br/app/editais/14239578000100/2027/3;12;sem_evidencia;False;op-89fca84cbfa5;confirmado;confirmado;confirmado;confirmado;confirmado;confirmado;confirmado;confirmado;confirmado;confirmado;confirmado;confirmado;"Credenciamento de artistas para eventos de Vitória da Conquista/BA, aberto, com edital lido no PNCP. Não serve à A.M.C. (território BA, objeto de contratação de shows); manter só como referência de modelo."
BA · Cultura;agr-23c37e717465;CREDENCIAMENTO DE ARTISTAS, BANDAS, GRUPOS MUSICAIS E ATRAÇÕES ARTÍSTICAS DE DIVERSOS ESTILOS PARA FUTURAS… — MUNICIPIO DE AURELINO LEAL;MUNICIPIO DE AURELINO LEAL;verificação individual na fonte oficial;valida_fora_abrangencia;fora;poder_publico;credenciamento;2027-06-12;https://pncp.gov.br/api/consulta/v1/orgaos/16137291000102/compras/2026/55;6;sem_evidencia;False;op-cdcf9ffb2703;confirmado;confirmado;não localizado;não localizado;não localizado;confirmado;confirmado;confirmado;não localizado;não localizado;não localizado;confirmado;Credenciamento permanente de artistas e bandas da Prefeitura de Aurelino Leal/BA, aberto até 12/06/2027 conforme o PNCP. Não serve à AMC (fora de GO). Itens de resultado, recurso, valor, requisitos e anexos dependem da leitura do edital em PDF, não acessado (PNCP 429).
BA · Cultura;agr-36bc4066f501;CREDENCIAMENTO DE ARTISTAS, BANDAS, GRUPOS MUSICAIS, GRUPOS DE DANÇA E FANFARRAS NOS VARIADOS ESTILOS PARA… — MUNICIPIO DE CORRENTINA;MUNICIPIO DE CORRENTINA;verificação individual na fonte oficial;valida_fora_abrangencia;fora;poder_publico;credenciamento;2027-05-13;https://pncp.gov.br/app/editais/14221741000107/2026/64;12;edicao_unica_no_periodo;False;op-ab777ebee256;confirmado;confirmado;confirmado;confirmado;confirmado;confirmado;confirmado;confirmado;confirmado;confirmado;confirmado;confirmado;"Credenciamento de artistas para eventos de Correntina/BA, aberto, com edital lido no PNCP. Não serve à A.M.C. (território BA, objeto de contratação de shows); manter só como referência de modelo."
BA · Cultura;agr-971e324bb7b9;CREDENCIAMENTO DE ARTISTAS, GRUPOS CULTURAIS E BANDAS MUSICAIS, NOS VARIADOS ESTILOS, PARA POSSÍVEIS E… — MUNICIPIO DE ANTONIO CARDOSO;MUNICIPIO DE ANTONIO CARDOSO;verificação individual na fonte oficial;valida_fora_abrangencia;fora;poder_publico;credenciamento;2027-06-03;https://pncp.gov.br/app/editais/13607494000119/2026/18;12;sem_evidencia;False;op-8fedcdb06452;confirmado;confirmado;confirmado;confirmado;confirmado;confirmado;confirmado;confirmado;confirmado;confirmado;confirmado;confirmado;"Credenciamento de artistas para eventos de Antônio Cardoso/BA, aberto, com edital lido no PNCP. Não serve à A.M.C. (território BA, objeto de contratação de shows); manter só como referência de modelo."
BA · Cultura;agr-b9fe96a02e24;CREDENCIAMENTO DE BANDAS E ARTISTAS EM DIFERENTES ESTILOS MUSICAIS, A FIM DE ATENDER DE MANEIRA PRESENCIAL OS… — MUNICIPIO DE FEIRA DE SANTANA;MUNICIPIO DE FEIRA DE SANTANA;verificação individual na fonte oficial;valida_fora_abrangencia;fora;poder_publico;credenciamento;2027-06-03;https://pncp.gov.br/app/editais/14043574000151/2026/136;12;sem_evidencia;False;op-b113566dc1ef;confirmado;confirmado;confirmado;confirmado;confirmado;confirmado;confirmado;confirmado;confirmado;confirmado;confirmado;confirmado;"Credenciamento de artistas para eventos de Feira de Santana/BA, aberto, com edital lido no PNCP. Não serve à A.M.C. (território BA, objeto de contratação de shows); manter só como referência de modelo."
BA · Cultura;agr-f09437c9d4e4;CREDENCIAMENTO DE BANDAS, ARTISTAS LOCAIS (ARTISTAS DA TERRA) EM DIFERENTES ESTILOS MUSICAIS E GRUPOS DE… — MUNICIPIO DE CONCEICAO DO JACUIPE;MUNICIPIO DE CONCEICAO DO JACUIPE;verificação individual na fonte oficial;valida_fora_abrangencia;fora;poder_publico;credenciamento;2027-06-02;https://pncp.gov.br/app/editais/14222574000119/2026/53;12;sem_evidencia;False;op-6fb96e0c7983;confirmado;confirmado;confirmado;confirmado;confirmado;confirmado;confirmado;confirmado;confirmado;confirmado;confirmado;confirmado;"Credenciamento de artistas para eventos de Conceição do Jacuípe/BA, aberto, com edital lido no PNCP. Não serve à A.M.C. (território BA, objeto de contratação de shows); manter só como referência de modelo."
BA · Cultura;agr-efc7b6e996e2;CREDENCIAMENTO DE PESSOA JURÍDICA E/OU PESSOA FÍSICA PARA CONTRATAÇÃO ARTISTAS, GRUPOS MUSICAIS E… — MUNICIPIO DE CASA NOVA;MUNICIPIO DE CASA NOVA;verificação individual na fonte oficial;valida_fora_abrangencia;fora;poder_publico;credenciamento;2027-03-17;https://pncp.gov.br/app/editais/13691811000128/2026/32;12;edicao_unica_no_periodo;False;sem livro: não é seleção aberta a associações (dispensa/inexigibilidade de chamamento, credenciamento de pessoa física ou compra);confirmado;confirmado;confirmado;confirmado;confirmado;confirmado;confirmado;confirmado;confirmado;confirmado;confirmado;confirmado;"Credenciamento de artistas para eventos de Casa Nova/BA, aberto, com edital lido no PNCP. Não serve à A.M.C. (território BA, objeto de contratação de shows); manter só como referência de modelo."
BA · Cultura;agr-f1eb60c0221c;CREDENCIAMENTO DE PESSOAS FÍSICAS E JURÍDICAS DO SETOR CULTURAL, RESIDENTES OU SEDIADAS NO MUNICÍPIO DE PAULO… — MUNICIPIO DE PAULO AFONSO;MUNICIPIO DE PAULO AFONSO;verificação individual na fonte oficial;valida_fora_abrangencia;fora;poder_publico;credenciamento;2027-01-02;https://pncp.gov.br/app/editais/14217327000124/2026/231;12;sem_evidencia;False;sem livro: não é seleção aberta a associações (dispensa/inexigibilidade de chamamento, credenciamento de pessoa física ou compra);confirmado;dispensado pelo tipo;confirmado;confirmado;confirmado;confirmado;confirmado;confirmado;confirmado;confirmado;confirmado;confirmado;Credenciamento municipal de artistas na Bahia, aberto até 02/01/2027, com 12/12 itens confirmados no edital do PNCP. Não serve à A.M.C. (território e natureza de contratação de serviço). Sem próximo passo além do arquivamento como referência.
BA · Cultura;agr-70a0ef70f5a2;CREDENCIAMENTO DE PESSOAS FÍSICAS E/OU JURÍDICAS, COM VISTAS A APRESENTAÇÕES MUSICAIS E CULTURAIS, PARA… — MUNICIPIO DE BARRA DO MENDES;MUNICIPIO DE BARRA DO MENDES;verificação individual na fonte oficial;descartada;fora;poder_publico;credenciamento;;https://pncp.gov.br/app/editais/13702238000100/2026/17;2;sem_evidencia;False;sem livro: não é seleção aberta a associações (dispensa/inexigibilidade de chamamento, credenciamento de pessoa física ou compra);não localizado;não localizado;não localizado;não localizado;não localizado;confirmado;não localizado;confirmado;não localizado;não localizado;não localizado;não localizado;"A publicação foi excluída do PNCP pelo próprio órgão; não há edital vigente a verificar. Mesmo se republicado, seria credenciamento local na Bahia, fora da abrangência. Descartar."
BA · Cultura;agr-2fc293e05f9f;CREDENCIAMENTO DE PESSOAS FÍSICAS OU JURÍDICAS, VISANDO A SELEÇÃO DE ARTISTAS LOCAIS INTERESSADOS, PARA… — MUNICIPIO DE ITAJUIPE;MUNICIPIO DE ITAJUIPE;verificação individual na fonte oficial;valida_fora_abrangencia;fora;poder_publico;credenciamento;2026-12-31;https://pncp.gov.br/app/editais/14147946000190/2026/6;12;sem_evidencia;False;sem livro: não é seleção aberta a associações (dispensa/inexigibilidade de chamamento, credenciamento de pessoa física ou compra);confirmado;dispensado pelo tipo;confirmado;confirmado;confirmado;confirmado;confirmado;confirmado;confirmado;confirmado;confirmado;confirmado;Credenciamento de artistas locais de Itajuípe/BA, aberto até 31/12/2026, 12/12 itens resolvidos no edital do PNCP. Fora da abrangência e não aplicável à A.M.C. Arquivar como referência.
BA · Cultura;agr-b731aceeb9a5;CREDENCIAMENTO DOS SERVIÇOS DE ARTISTAS, GRUPOS E BANDAS MUSICAIS, LOCAIS E REGIONAIS, VISANDO EVENTUAL… — MUNICIPIO DE CAMPO FORMOSO;MUNICIPIO DE CAMPO FORMOSO;verificação individual na fonte oficial;valida_fora_abrangencia;fora;poder_publico;credenciamento;2027-05-28;https://pncp.gov.br/app/editais/13908702000110/2026/75;12;edicao_unica_no_periodo;False;op-39214c07edb1;confirmado;dispensado pelo tipo;confirmado;confirmado;confirmado;confirmado;confirmado;confirmado;confirmado;confirmado;confirmado;confirmado;Credenciamento musical municipal na Bahia, aberto até 28/05/2027, 12/12 itens no edital do PNCP. Não aplicável à A.M.C. por território e objeto. Arquivar como referência.
BA · Cultura;agr-3520b85bfacc;CREDENCIAMENTO E SELEÇÃO DE ARTISTAS, BANDAS E GRUPOS MUSICAIS, NOS VARIADOS ESTILOS PARA EVENTUAIS E FUTURAS… — MUNICIPIO DE PRADO;MUNICIPIO DE PRADO;verificação individual na fonte oficial;valida_fora_abrangencia;fora;poder_publico;credenciamento;2027-05-08;https://pncp.gov.br/app/editais/13761713000110/2026/45;7;sem_evidencia;False;op-5599b0178613;confirmado;dispensado pelo tipo;não localizado;não localizado;confirmado;confirmado;confirmado;confirmado;não localizado;não localizado;não localizado;confirmado;"Credenciamento musical de Prado/BA aberto até 08/05/2027 segundo o PNCP, mas os documentos são imagens sem texto (ratificação e atas, sugerindo contratações já em curso). 6/12 itens resolvidos. Fora da abrangência; não vale buscar o edital."
BA · Cultura;agr-e98dc54eef96;CREDENCIAMENTO de pessoa física/jurídica, sob demanda, para instrutores de oficinas diversas, conforme… — MUNICIPIO DE BARRA DO CHOCA;MUNICIPIO DE BARRA DO CHOCA;verificação individual na fonte oficial;valida_fora_abrangencia;fora;poder_publico;credenciamento;2026-12-31;https://pncp.gov.br/app/editais/13906789000196/2026/31;12;sem_evidencia;False;sem livro: não é seleção aberta a associações (dispensa/inexigibilidade de chamamento, credenciamento de pessoa física ou compra);confirmado;dispensado pelo tipo;confirmado;confirmado;confirmado;confirmado;confirmado;confirmado;confirmado;confirmado;confirmado;confirmado;"Credenciamento de oficineiros remunerados por hora/aula em Barra do Choça/BA, aberto até 31/12/2026, 12/12 itens no edital. É contratação de pessoa (instrutor), fora da abrangência; não serve à A.M.C."
BA · Cultura;agr-bdbd97116f68;CREDENCIAMENTO, com o objetivo de Credenciar pessoa física e/ou jurídica residentes ou localizadas no… — MUNICIPIO DE SAO FELIPE;MUNICIPIO DE SAO FELIPE;verificação individual na fonte oficial;valida_fora_abrangencia;fora;poder_publico;credenciamento;2027-05-25;https://pncp.gov.br/app/editais/13827027000102/2026/39;12;sem_evidencia;False;sem livro: não é seleção aberta a associações (dispensa/inexigibilidade de chamamento, credenciamento de pessoa física ou compra);confirmado;dispensado pelo tipo;confirmado;confirmado;confirmado;confirmado;confirmado;confirmado;confirmado;confirmado;confirmado;confirmado;Credenciamento de artistas residentes em São Felipe/BA, aberto até 25/05/2027, 12/12 itens no edital. Exclusivo para locais, fora da abrangência. Arquivar.
BA · Cultura;agr-8d8c34b3f8aa;Chamamento Público para credenciamento de pessoas físicas e jurídicas prestadoras de serviços artísticos… — MUNICIPIO DE LIVRAMENTO DE NOSSA SENHORA;MUNICIPIO DE LIVRAMENTO DE NOSSA SENHORA;verificação individual na fonte oficial;valida_fora_abrangencia;fora;poder_publico;credenciamento;2027-07-23;https://pncp.gov.br/app/editais/13674817000197/2026/115;12;sem_evidencia;False;sem livro: não é seleção aberta a associações (dispensa/inexigibilidade de chamamento, credenciamento de pessoa física ou compra);confirmado;dispensado pelo tipo;confirmado;confirmado;confirmado;confirmado;confirmado;confirmado;confirmado;confirmado;confirmado;confirmado;Credenciamento de artistas para eventos municipais na Bahia, aberto até 23/07/2027, 12/12 itens no edital. Não restringe domicílio, mas exige entrega presencial e é contratação de show — não serve à A.M.C.
BA · Cultura;agr-eca04052ba7a;Chamamento Público por meio do procedimento auxiliar de Credenciamento, com a finalidade de credenciar… — MUNICIPIO DE WENCESLAU GUIMARAES;MUNICIPIO DE WENCESLAU GUIMARAES;verificação individual na fonte oficial;valida_fora_abrangencia;fora;poder_publico;credenciamento;2026-12-31;https://pncp.gov.br/app/editais/13758842000159/2026/66;12;sem_evidencia;False;op-4b7d51a46b74;confirmado;dispensado pelo tipo;confirmado;confirmado;confirmado;confirmado;confirmado;confirmado;confirmado;confirmado;confirmado;confirmado;"Credenciamento musical municipal na Bahia, aberto até 31/12/2026, 12/12 itens no edital. Fora da abrangência; arquivar."
BA · Cultura;agr-330911646db7;Contratação de artistas, bandas e grupos musicais locais, para apresentações e manifestações culturais… — MUNICIPIO DE SENHOR DO BONFIM;MUNICIPIO DE SENHOR DO BONFIM;verificação individual na fonte oficial;valida_fora_abrangencia;fora;poder_publico;credenciamento;;https://pncp.gov.br/app/editais/13988308000139/2026/82;12;edicao_unica_no_periodo;False;op-211fb3dbc90d;confirmado;dispensado pelo tipo;confirmado;confirmado;confirmado;confirmado;confirmado;confirmado;confirmado;confirmado;confirmado;confirmado;"Credenciamento permanente de artistas locais de Senhor do Bonfim/BA (vigência indeterminada), 12/12 itens no edital. Fora da abrangência; arquivar."
BA · Cultura;agr-4e5de93d5597;Contratação de artistas, grupos e bandas musicais, em diferentes estilos musicais a fim de atender aos… — MUNICIPIO DE XIQUE-XIQUE;MUNICIPIO DE XIQUE-XIQUE;verificação individual na fonte oficial;valida_fora_abrangencia;fora;poder_publico;credenciamento;2027-02-12;https://pncp.gov.br/app/editais/13880257000127/2026/9;12;sem_evidencia;False;op-8476c2b2ed36;confirmado;dispensado pelo tipo;confirmado;confirmado;confirmado;confirmado;confirmado;confirmado;confirmado;confirmado;confirmado;confirmado;"Credenciamento musical municipal na Bahia, aberto até 12/02/2027, 12/12 itens no edital. Fora da abrangência; arquivar."
BA · Cultura;agr-2d7ce40f733f;Contratação de prestação de serviço especializado de Produtor Cultural para a Implementação e Curadoria… — ESTADO DA BAHIA;ESTADO DA BAHIA;verificação individual na fonte oficial;descartada;fora;poder_publico;chamamento_publico;2026-10-06;https://pncp.gov.br/app/editais/13937032000160/2026/2273;12;sem_evidencia;False;op-89527e779a3b;confirmado;confirmado;confirmado;não informado no edital;confirmado;confirmado;confirmado;confirmado;confirmado;confirmado;confirmado;confirmado;"É licitação (concorrência eletrônica) de serviço especializado do IPAC/BA, encerrando em 06/10/2026, que veda OSCIP atuando nessa condição. Não é fomento nem credenciamento; descartar."
BA · Cultura;agr-109154050d7b;Contratação de serviços artístico-culturais, por meio de grupos formais e/ou informais — inclusive grupos… — MUNICIPIO DE CAMPO FORMOSO;MUNICIPIO DE CAMPO FORMOSO;verificação individual na fonte oficial;valida_fora_abrangencia;fora;poder_publico;credenciamento;2026-12-31;https://pncp.gov.br/app/editais/13908702000110/2026/82;12;edicao_unica_no_periodo;False;op-5eaa5f724e94;confirmado;dispensado pelo tipo;confirmado;confirmado;confirmado;confirmado;confirmado;confirmado;confirmado;confirmado;confirmado;confirmado;"Credenciamento de grupos culturais residentes em Campo Formoso/BA, aberto até 31/12/2026, 12/12 itens no edital. Exclusivo para locais; fora da abrangência. Arquivar."
BA · Cultura;agr-f298b8909a1a;Contratação, mediante credenciamento, de bandas e artistas locais para apresentações nos tradicionais… — MUNICIPIO DE CRISOPOLIS;MUNICIPIO DE CRISOPOLIS;verificação individual na fonte oficial;valida_fora_abrangencia;fora;poder_publico;credenciamento;2027-06-26;https://pncp.gov.br/app/editais/13646922000112/2026/16;12;sem_evidencia;False;op-c523a342b80f;confirmado;dispensado pelo tipo;confirmado;confirmado;confirmado;confirmado;confirmado;confirmado;confirmado;confirmado;confirmado;confirmado;"Credenciamento musical local de Crisópolis/BA, aberto, 12/12 itens no edital. Fora da abrangência; arquivar."
BA · Cultura;agr-28749845112c;Credenciamento de Pessoas Físicas e/ou Jurídicas para prestação dos serviços artístico-musicais locais e ou… — MUNICIPIO DE LAFAIETE COUTINHO;MUNICIPIO DE LAFAIETE COUTINHO;verificação individual na fonte oficial;valida_fora_abrangencia;fora;poder_publico;credenciamento;2026-11-30;https://pncp.gov.br/app/editais/14205959000178/2026/26;7;sem_evidencia;False;sem livro: não é seleção aberta a associações (dispensa/inexigibilidade de chamamento, credenciamento de pessoa física ou compra);confirmado;confirmado;não localizado;não localizado;confirmado;confirmado;confirmado;confirmado;não localizado;não localizado;não localizado;confirmado;"Credenciamento aberto (até 30/11/2026) de artistas locais/regionais de Lafaiete Coutinho/BA, R$ 316 mil estimados. Não serve à A.M.C. (território e natureza de contratação de cachê). Faltam requisitos, anexos e rito de resultado/recurso do PDF; não é prioridade."
BA · Cultura;agr-f817bdbd9c06;Credenciamento de artistas e grupos culturais, pessoas físicas e/ou jurídicas para a realização de… — MUNICIPIO DE ITAPARICA;MUNICIPIO DE ITAPARICA;verificação individual na fonte oficial;valida_fora_abrangencia;fora;poder_publico;credenciamento;2027-02-11;https://pncp.gov.br/app/editais/13882949000104/2026/11;12;sem_evidencia;False;sem livro: não é seleção aberta a associações (dispensa/inexigibilidade de chamamento, credenciamento de pessoa física ou compra);confirmado;dispensado pelo tipo;confirmado;confirmado;confirmado;confirmado;confirmado;confirmado;confirmado;confirmado;confirmado;confirmado;"Credenciamento aberto por tempo indeterminado em Itaparica/BA, 12/12 itens no edital; não restringe domicílio, mas é contratação de show e veda OSCIP. Fora da abrangência; arquivar."
BA · Cultura;agr-286153071fd3;Credenciamento de artistas locais para prestação de serviços artísticos de cantores, grupos, bandas musicais… — MUNICIPIO DE SALINAS DA MARGARIDA;MUNICIPIO DE SALINAS DA MARGARIDA;verificação individual na fonte oficial;valida_fora_abrangencia;fora;poder_publico;credenciamento;2027-03-30;https://pncp.gov.br/app/editais/13743281000114/2026/30;12;sem_evidencia;False;op-331aee5b28cd;confirmado;dispensado pelo tipo;confirmado;confirmado;confirmado;confirmado;confirmado;confirmado;confirmado;confirmado;confirmado;confirmado;"Credenciamento de artistas locais em Salinas da Margarida/BA, aberto até 30/03/2027, 12/12 itens no edital (exige SICAF). Fora da abrangência; arquivar."
BA · Cultura;agr-ae60f9c4f5ad;Credenciamento de artistas, bandas e grupos musicais locais, nos variados estilos, objetivando apresentações… — MUNICIPIO DE IBICOARA;MUNICIPIO DE IBICOARA;verificação individual na fonte oficial;valida_fora_abrangencia;fora;poder_publico;credenciamento;2026-12-31;https://pncp.gov.br/app/editais/13922588000182/2026/58;12;sem_evidencia;False;op-6cd3e86415b3;confirmado;dispensado pelo tipo;confirmado;confirmado;confirmado;confirmado;confirmado;confirmado;confirmado;confirmado;confirmado;confirmado;"Credenciamento musical local de Ibicoara/BA, aberto até 31/12/2026, 12/12 itens no edital. Fora da abrangência; arquivar."
BA · Cultura;agr-ec52e1b9c822;Credenciamento de artistas, grupos culturais, bandas musicais e demais atrações artísticas locais e… — MUNICIPIO DE DOM MACEDO COSTA;MUNICIPIO DE DOM MACEDO COSTA;verificação individual na fonte oficial;valida_fora_abrangencia;fora;poder_publico;credenciamento;2027-06-09;https://pncp.gov.br/app/editais/13827019000158/2026/41;12;sem_evidencia;False;op-d4edf3a0da9b;confirmado;dispensado pelo tipo;confirmado;confirmado;confirmado;confirmado;confirmado;confirmado;confirmado;confirmado;confirmado;confirmado;"Credenciamento musical municipal na Bahia, aberto até 09/06/2027, 12/12 itens no edital. Fora da abrangência; arquivar."
BA · Cultura;agr-98fca56d6143;Credenciamento de artistas, grupos, companhias e profissionais da área artística, cultural e formativa — Edital de Credenciamento nº 006/2026 (Artista;Município de Irecê/BA;verificação individual na fonte oficial;valida_fora_abrangencia;fora;poder_publico;credenciamento;2027-04-17;https://pncp.gov.br/app/editais/13715891000104/2026/56;12;recorrente;False;op-57396352afa7;confirmado;confirmado;confirmado;confirmado;confirmado;confirmado;confirmado;confirmado;confirmado;confirmado;confirmado;confirmado;"Credenciamento municipal (art. 79 da Lei 14.133/2021) para contratar artistas que se apresentem nos eventos de Irecê/BA, com cachês tabelados. Vigente até 17/04/2027. Não serve à A.M.C. (fora da abrangência e é contratação de serviço artístico, não fomento a OSC); manter só como referência de modelo de credenciamento cultural."
BA · Cultura;agr-425152370e1f;Credenciamento de interessados para a prestação de serviços artísticos e culturais para o calendário anual de eventos — Edital de Credenciamento nº 00;Município de Cruz das Almas/BA;verificação individual na fonte oficial;valida_fora_abrangencia;fora;poder_publico;credenciamento;2027-05-13;https://pncp.gov.br/app/editais/14006977000120/2026/56;12;edicao_unica_no_periodo;False;op-a6832f9f560a;confirmado;confirmado;confirmado;confirmado;confirmado;confirmado;confirmado;confirmado;confirmado;confirmado;confirmado;confirmado;"Credenciamento municipal (art. 79 da Lei 14.133/2021) para contratar artistas que se apresentem nos eventos de Cruz das Almas/BA, com cachês tabelados. Vigente até 13/05/2027 (PNCP). Não serve à A.M.C. (fora da abrangência e é contratação de serviço artístico, não fomento a OSC); manter só como referência de modelo de credenciamento cultural."
BA · Cultura;agr-4e58dd357af7;Credenciamento de pessoas físicas e jurídicas locais para apresentações artísticas — Credenciamento nº 001/2026 — Município de Maracás/BA;Município de Maracás/BA;verificação individual na fonte oficial;valida_fora_abrangencia;fora;poder_publico;credenciamento;2026-12-21;https://pncp.gov.br/app/editais/13910203000167/2026/42;12;recorrente;False;sem livro: não é seleção aberta a associações (dispensa/inexigibilidade de chamamento, credenciamento de pessoa física ou compra);confirmado;confirmado;confirmado;confirmado;confirmado;confirmado;confirmado;confirmado;confirmado;confirmado;confirmado;confirmado;"Credenciamento municipal (art. 79 da Lei 14.133/2021) para contratar artistas que se apresentem nos eventos de Maracás/BA, com cachês tabelados. Inscrições até 21/12/2026. Não serve à A.M.C. (fora da abrangência e é contratação de serviço artístico, não fomento a OSC); manter só como referência de modelo de credenciamento cultural."
BA · Cultura;agr-3b9542357ffe;Credenciamento de pessoas físicas e jurídicas para apresentações musicais (bandas, duplas e artistas individuais) — Credenciamento nº 005/2026 (Artist;Município de Riachão das Neves/BA;verificação individual na fonte oficial;valida_fora_abrangencia;fora;poder_publico;credenciamento;2028-12-31;https://pncp.gov.br/app/editais/14100747000126/2026/152;12;edicao_unica_no_periodo;False;sem livro: não é seleção aberta a associações (dispensa/inexigibilidade de chamamento, credenciamento de pessoa física ou compra);confirmado;dispensado pelo tipo;confirmado;confirmado;confirmado;confirmado;confirmado;confirmado;confirmado;confirmado;confirmado;confirmado;"Credenciamento municipal (art. 79 da Lei 14.133/2021) para contratar artistas que se apresentem nos eventos de Riachão das Neves/BA, com cachês tabelados. Cadastramento permanente. Não serve à A.M.C. (fora da abrangência e é contratação de serviço artístico, não fomento a OSC); manter só como referência de modelo de credenciamento cultural."
BA · Cultura;agr-597d0f66c355;Credenciamento de pessoas físicas e/ou jurídicas residentes em Miguel Calmon/BA para apresentações culturais — Credenciamento nº 003/2026 (artistas am;Município de Miguel Calmon/BA;verificação individual na fonte oficial;valida_fora_abrangencia;fora;poder_publico;credenciamento;2027-06-09;https://pncp.gov.br/app/editais/13913363000160/2026/159;12;sem_evidencia;False;sem livro: não é seleção aberta a associações (dispensa/inexigibilidade de chamamento, credenciamento de pessoa física ou compra);confirmado;confirmado;confirmado;confirmado;confirmado;confirmado;confirmado;confirmado;confirmado;confirmado;confirmado;confirmado;"Credenciamento municipal (art. 79 da Lei 14.133/2021) para contratar artistas que se apresentem nos eventos de Miguel Calmon/BA, com cachês tabelados. Vigente até 09/06/2027 (PNCP). Não serve à A.M.C. (fora da abrangência e é contratação de serviço artístico, não fomento a OSC); manter só como referência de modelo de credenciamento cultural."
BA · Cultura;agr-bb3b27ada195;Edital de Credenciamento nº 004/2026 — Músicos (artistas locais e/ou regionais) — Município de Santana/BA;Município de Santana/BA;verificação individual na fonte oficial;valida_fora_abrangencia;fora;poder_publico;credenciamento;2026-12-31;https://pncp.gov.br/app/editais/13913140000100/2026/6;12;sem_evidencia;False;op-165c2957c22c;confirmado;confirmado;confirmado;confirmado;confirmado;confirmado;confirmado;confirmado;confirmado;confirmado;confirmado;confirmado;"Credenciamento municipal (art. 79 da Lei 14.133/2021) para contratar artistas que se apresentem nos eventos de Santana/BA, com cachês tabelados. Vigente até 31/12/2026 (PNCP). Não serve à A.M.C. (fora da abrangência e é contratação de serviço artístico, não fomento a OSC); manter só como referência de modelo de credenciamento cultural."
BA · Cultura;agr-800f55fe5490;Credenciamento de artistas, músicos, profissionais e produtores/fomentadores de arte e cultura — Chamamento nº 003/2026 / Credenciamento nº 002/2026 —;Município de Itaberaba/BA;verificação individual na fonte oficial;valida_fora_abrangencia;fora;poder_publico;credenciamento;2027-03-04;https://pncp.gov.br/app/editais/13719646000175/2026/34;12;edicao_unica_no_periodo;False;op-c76c3b43959c;confirmado;confirmado;confirmado;confirmado;confirmado;confirmado;confirmado;confirmado;confirmado;confirmado;confirmado;confirmado;"Credenciamento municipal (art. 79 da Lei 14.133/2021) para contratar artistas que se apresentem nos eventos de Itaberaba/BA, com cachês tabelados. Cronograma com erro material de ano; segunda etapa contínua. Não serve à A.M.C. (fora da abrangência e é contratação de serviço artístico, não fomento a OSC); manter só como referência de modelo de credenciamento cultural."
BA · Cultura;agr-30f502cca53a;Credenciamento de bandas e artistas locais e regionais para shows dos eventos municipais — Chamamento/Credenciamento nº 03/2026 — Município de Rio de ;Município de Rio de Contas/BA;verificação individual na fonte oficial;valida_fora_abrangencia;fora;poder_publico;credenciamento;2027-04-13;https://pncp.gov.br/app/editais/14263859000106/2026/21;12;sem_evidencia;False;op-b9a5b7e96c20;confirmado;confirmado;confirmado;confirmado;confirmado;confirmado;confirmado;confirmado;confirmado;confirmado;confirmado;confirmado;"Credenciamento municipal (art. 79 da Lei 14.133/2021) para contratar artistas que se apresentem nos eventos de Rio de Contas/BA, com cachês tabelados. Datas do edital e do PNCP divergem; adotou-se a do edital. Não serve à A.M.C. (fora da abrangência e é contratação de serviço artístico, não fomento a OSC); manter só como referência de modelo de credenciamento cultural."
BA · Cultura;agr-5e4cc56b1d8a;Seleção, por credenciamento, de artistas, bandas e grupos locais amadores para os festejos municipais — Edital de Credenciamento nº 003/2026 — Municíp;Município de Curaçá/BA;verificação individual na fonte oficial;valida_fora_abrangencia;fora;poder_publico;credenciamento;2027-04-16;https://pncp.gov.br/app/editais/13915640000173/2027/1;12;edicao_unica_no_periodo;False;sem livro: não é seleção aberta a associações (dispensa/inexigibilidade de chamamento, credenciamento de pessoa física ou compra);confirmado;confirmado;confirmado;confirmado;confirmado;confirmado;confirmado;confirmado;confirmado;confirmado;confirmado;confirmado;"Credenciamento municipal (art. 79 da Lei 14.133/2021) para contratar artistas que se apresentem nos eventos de Curaçá/BA, com cachês tabelados. Vigente até 16/04/2027. Não serve à A.M.C. (fora da abrangência e é contratação de serviço artístico, não fomento a OSC); manter só como referência de modelo de credenciamento cultural."
BA · Cultura;agr-f9837e6eeab8;Contratação de cantores e bandas locais e regionais para eventos — Chamamento nº 001/2026 / Credenciamento nº 001/2026 — Município de Casa Nova/BA;Município de Casa Nova/BA;verificação individual na fonte oficial;valida_fora_abrangencia;fora;poder_publico;credenciamento;2027-01-12;https://pncp.gov.br/app/editais/13691811000128/2026/5;12;edicao_unica_no_periodo;False;op-dc44e75786b7;confirmado;confirmado;confirmado;confirmado;confirmado;confirmado;confirmado;confirmado;confirmado;confirmado;confirmado;confirmado;"Credenciamento municipal (art. 79 da Lei 14.133/2021) para contratar artistas que se apresentem nos eventos de Casa Nova/BA, com cachês tabelados. A data final consta só do PNCP. Não serve à A.M.C. (fora da abrangência e é contratação de serviço artístico, não fomento a OSC); manter só como referência de modelo de credenciamento cultural."
BA · Cultura;agr-4e2d00684e52;Credenciamento de artistas locais e regionais (PF e PJ) para apresentações musicais ao vivo — Edital de Credenciamento nº 008/2026 — Município de Laje;Município de Lajedinho/BA;verificação individual na fonte oficial;valida_fora_abrangencia;fora;poder_publico;credenciamento;2027-07-09;https://pncp.gov.br/app/editais/13810544000160/2026/88;12;edicao_unica_no_periodo;False;sem livro: não é seleção aberta a associações (dispensa/inexigibilidade de chamamento, credenciamento de pessoa física ou compra);confirmado;confirmado;confirmado;confirmado;confirmado;confirmado;confirmado;confirmado;confirmado;confirmado;confirmado;confirmado;"Credenciamento municipal (art. 79 da Lei 14.133/2021) para contratar artistas que se apresentem nos eventos de Lajedinho/BA, com cachês tabelados. Vigente até 09/07/2027. Não serve à A.M.C. (fora da abrangência e é contratação de serviço artístico, não fomento a OSC); manter só como referência de modelo de credenciamento cultural."
BA · Cultura;agr-23e563d8305a;Credenciamento de artistas, grupos e/ou bandas para apresentação musical no calendário festivo — Edital de Credenciamento nº 001/2026 — Município de B;Município de Barra/BA;verificação individual na fonte oficial;valida_fora_abrangencia;fora;poder_publico;credenciamento;2027-02-02;https://pncp.gov.br/app/editais/13880703000101/2026/4;12;edicao_unica_no_periodo;False;op-ac8d13318a8c;confirmado;confirmado;confirmado;confirmado;confirmado;confirmado;confirmado;confirmado;confirmado;confirmado;confirmado;confirmado;"Credenciamento municipal (art. 79 da Lei 14.133/2021) para contratar artistas que se apresentem nos eventos de Barra/BA, com cachês tabelados. É o único do bloco sem cláusula de residência local. Não serve à A.M.C. (fora da abrangência e é contratação de serviço artístico, não fomento a OSC); manter só como referência de modelo de credenciamento cultural."
BA · Cultura;agr-5d95507b3174;Credenciamento de bandas, artistas e grupos de manifestações culturais — Edital de Credenciamento nº 004/2026 — Município de Castro Alves/BA;Município de Castro Alves/BA;verificação individual na fonte oficial;valida_fora_abrangencia;fora;poder_publico;credenciamento;2027-01-28;https://pncp.gov.br/app/editais/13693122000152/2026/6;12;edicao_unica_no_periodo;False;op-179a5fe5b56c;confirmado;confirmado;confirmado;confirmado;dispensado pelo tipo;confirmado;confirmado;confirmado;confirmado;confirmado;confirmado;confirmado;"Credenciamento municipal (art. 79 da Lei 14.133/2021) para contratar artistas que se apresentem nos eventos de Castro Alves/BA, com cachês tabelados. Tabela de cachês (Anexo IV) não legível no .doc. Não serve à A.M.C. (fora da abrangência e é contratação de serviço artístico, não fomento a OSC); manter só como referência de modelo de credenciamento cultural."
BA · Cultura;agr-6a54018955e5;Credenciamento de bandas, artistas, músicos e profissionais de arte e cultura locais — Chamamento/Credenciamento nº 008/2026 — Município de Jaguaquara;Município de Jaguaquara/BA;verificação individual na fonte oficial;valida_fora_abrangencia;fora;poder_publico;credenciamento;2026-12-31;https://pncp.gov.br/app/editais/13910211000103/2026/103;12;recorrente;False;op-7df7ad9a72f8;confirmado;confirmado;confirmado;confirmado;confirmado;confirmado;confirmado;confirmado;confirmado;confirmado;confirmado;confirmado;"Credenciamento municipal (art. 79 da Lei 14.133/2021) para contratar artistas que se apresentem nos eventos de Jaguaquara/BA, com cachês tabelados. Vigente até 31/12/2026. Não serve à A.M.C. (fora da abrangência e é contratação de serviço artístico, não fomento a OSC); manter só como referência de modelo de credenciamento cultural."
BA · Cultura;agr-fdc7718ade11;Credenciamento de pessoa jurídica e/ou física para serviços artísticos e bandas musicais — Chamamento/Credenciamento nº 006/2026 — Município de Mirang;Município de Mirangaba/BA;verificação individual na fonte oficial;valida_fora_abrangencia;fora;poder_publico;credenciamento;2026-12-31;https://pncp.gov.br/app/editais/13913371000106/2026/39;12;edicao_unica_no_periodo;False;sem livro: não é seleção aberta a associações (dispensa/inexigibilidade de chamamento, credenciamento de pessoa física ou compra);confirmado;confirmado;confirmado;confirmado;confirmado;confirmado;confirmado;confirmado;confirmado;confirmado;confirmado;confirmado;"Credenciamento municipal (art. 79 da Lei 14.133/2021) para contratar artistas que se apresentem nos eventos de Mirangaba/BA, com cachês tabelados. Já houve homologação de credenciados. Não serve à A.M.C. (fora da abrangência e é contratação de serviço artístico, não fomento a OSC); manter só como referência de modelo de credenciamento cultural."
BA · Cultura;agr-5aeea98d0a9f;Credenciamento de pessoas físicas e/ou jurídicas de artistas e conjuntos musicais para eventos festivos e culturais — Município de Apuarema/BA;MUNICIPIO DE APUAREMA;verificação individual na fonte oficial;valida_fora_abrangencia;fora;poder_publico;credenciamento;2027-05-19;https://pncp.gov.br/app/editais/16434292000100/2026/76;7;sem_evidencia;False;sem livro: não é seleção aberta a associações (dispensa/inexigibilidade de chamamento, credenciamento de pessoa física ou compra);confirmado;confirmado;não localizado;não localizado;confirmado;confirmado;confirmado;confirmado;não localizado;não localizado;não localizado;confirmado;Credenciamento aberto de artistas em Apuarema/BA, confirmado no PNCP. Não serve à AMC por território. Nenhum passo além de registro.
BA · Cultura;agr-c2ebc2543582;Credenciamento de profissionais para oficinas culturais (Percussão, Teatro e Canto) — Município de Caraíbas/BA;MUNICIPIO DE CARAIBAS;verificação individual na fonte oficial;descartada;fora;poder_publico;credenciamento;2026-12-31;https://pncp.gov.br/app/editais/16418766000120/2026/25;7;sem_evidencia;False;sem livro: não é seleção aberta a associações (dispensa/inexigibilidade de chamamento, credenciamento de pessoa física ou compra);confirmado;confirmado;não localizado;não localizado;confirmado;confirmado;confirmado;confirmado;não localizado;não localizado;não localizado;confirmado;Credenciamento de oficineiros em Caraíbas/BA, confirmado no PNCP. Descartado: é contratação de prestador e está fora do território.
BA · Cultura;agr-d7db54bc4745;Credenciamento de pessoas físicas e jurídicas de Ituaçu e cidades vizinhas para apresentações artísticas — Município de Ituaçu/BA;MUNICIPIO DE ITUACU;verificação individual na fonte oficial;valida_fora_abrangencia;fora;poder_publico;credenciamento;2026-12-31;https://pncp.gov.br/app/editais/14106280000121/2026/42;7;sem_evidencia;False;sem livro: não é seleção aberta a associações (dispensa/inexigibilidade de chamamento, credenciamento de pessoa física ou compra);confirmado;confirmado;não localizado;não localizado;confirmado;confirmado;confirmado;confirmado;não localizado;não localizado;não localizado;confirmado;Credenciamento artístico aberto em Ituaçu/BA, confirmado no PNCP. Não aplica à AMC por território.
BA · Cultura;agr-fc17ea525b9f;Credenciamento de prestadores de serviços artísticos de diversos segmentos culturais (artistas e fazedores de cultura) — Município de Simões Filho/BA;Município de Simões Filho/BA;verificação individual na fonte oficial;valida_fora_abrangencia;fora;poder_publico;credenciamento;2027-01-10;https://pncp.gov.br/app/editais/13927827000197/2026/1;12;sem_evidencia;False;sem livro: não é seleção aberta a associações (dispensa/inexigibilidade de chamamento, credenciamento de pessoa física ou compra);confirmado;confirmado;confirmado;confirmado;confirmado;confirmado;confirmado;confirmado;confirmado;confirmado;confirmado;confirmado;"Credenciamento municipal (art. 79 da Lei 14.133/2021) para contratar artistas que se apresentem nos eventos de Simões Filho/BA, com cachês tabelados. O PDF do PNCP mistura edital e retificação; conferir a versão retificada no site da SECULT. Não serve à A.M.C. (fora da abrangência e é contratação de serviço artístico, não fomento a OSC); manter só como referência de modelo de credenciamento cultural."
BA · Educação;ea676e3d3885e445e0b5;Edital de Chamamento Público nº 0003/2026 (Edital 02 — Ciclo 02 PNAB 2026) — Fomento à criação de projetos culturais — Prefeitura de Alcobaça/BA;Prefeitura Municipal de Alcobaça/BA — Secretaria de Turismo, Cultura e Esporte;verificação individual na fonte oficial;arquivada_encerrada;fora;poder_publico;chamamento_publico;2026-09-11;https://data.queridodiario.ok.org.br/2900801/2026-08-28/7c9319e2eb3cdb955d91ff21225c1234fc4438e2.pdf;12;sem_evidencia;False;sem livro: fora da abrangência: oportunidade pública municipal de outro estado (só Goiás tem livros municipais);confirmado;confirmado;confirmado;confirmado;confirmado;confirmado;confirmado;confirmado;confirmado;confirmado;confirmado;confirmado;"Edital PNAB municipal de fomento cultural (R$ 154 mil, 45 projetos), com inscrições já encerradas em 11/09/2026 e restrito a agentes de Alcobaça/BA. Não serve à A.M.C.; vale só como referência do rito PNAB, que se repete anualmente nos entes de Goiás."
BA · Meio ambiente e clima;75c434816e399484e9c9;Chamamento Público para Contratação Direta nº 007/2026 — seleção de associação ou cooperativa de catadores para coleta seletiva — Município de Itagibá;Município de Itagibá/BA — Fundo Municipal de Meio Ambiente;verificação individual na fonte oficial;valida_fora_abrangencia;fora;poder_publico;chamamento_publico;2026-10-14;https://pncp.gov.br/app/editais/13701966000106/2026/141;12;sem_evidencia;False;op-11dbfcb0f246;confirmado;confirmado;confirmado;confirmado;confirmado;confirmado;confirmado;confirmado;confirmado;confirmado;confirmado;confirmado;"Chamamento real voltado a OSC (associação de catadores) com R$ 631 mil e documentos até 14/10/2026, mas restrito a catadores de Itagibá/BA. Não serve à A.M.C.; útil como modelo de contratação de catadores pela via do art. 75, IV, 'j'."
BA · Meio ambiente e clima;agr-13627adc8289;Chamamento Público com vistas ao cadastramento de PESSOAS FÍSICAS OU JURÍDICAS para prestação dos serviços… — MUNICIPIO DE CABACEIRAS DO PARAGUACU;MUNICIPIO DE CABACEIRAS DO PARAGUACU;verificação individual na fonte oficial;descartada;fora;poder_publico;credenciamento;2027-06-03;https://pncp.gov.br/app/editais/13866892000150/2026/21;12;sem_evidencia;False;sem livro: não é seleção aberta a associações (dispensa/inexigibilidade de chamamento, credenciamento de pessoa física ou compra);confirmado;dispensado pelo tipo;confirmado;confirmado;confirmado;confirmado;confirmado;confirmado;confirmado;confirmado;confirmado;confirmado;Credenciamento de bandas da Prefeitura de Cabaceiras do Paraguaçu/BA (Lei 14.133, art. 79, II), aberto até 03/06/2027. É compra de serviço, não chamamento de OSC: descartar.
BA · Outras;agr-e696c399df69;Aviso de Chamamento Público Credenciamento Nº 003/2026 — Pojuca/BA;Prefeitura Municipal de Pojuca;verificação individual na fonte oficial;descartada;fora;poder_publico;credenciamento;;https://www.pojuca.ba.gov.br/publicacoes;5;sem_evidencia;False;sem livro: fora da abrangência: oportunidade pública municipal de outro estado (só Goiás tem livros municipais);confirmado;não localizado;não localizado;não localizado;não localizado;confirmado;confirmado;confirmado;não localizado;não localizado;não localizado;confirmado;Credenciamento de serviços médicos em Pojuca/BA. Descartado: é compra de serviço, não oportunidade de recurso.
BA · Outras;agr-a8e6cb196e7e;Aviso de Chamamento Público Nº 1/2026 2ª Chamada;Prefeitura Municipal de Madre de Deus — Secretaria Municipal de Saúde (SESAU);verificação individual na fonte oficial;arquivada_encerrada;fora;poder_publico;chamamento_publico;2026-08-04;https://pncp.gov.br/pncp-api/v1/orgaos/13915632000127/compras/2026/122/arquivos/3;9;sem_evidencia;False;sem livro: fora da abrangência: oportunidade pública municipal de outro estado (só Goiás tem livros municipais);confirmado;confirmado;não localizado;não localizado;não localizado;confirmado;confirmado;confirmado;confirmado;confirmado;confirmado;confirmado;Aviso de 2ª chamada para gestão do hospital municipal de Madre de Deus/BA, com sessão em 04/08/2026 (DOU de 15/07/2026). Encerrado e fora do perfil: arquivar.
BA · Outras;agr-3dee57557e9c;Chamamento Público para Credenciar OSC - Organização da Sociedade Civil;Prefeitura Municipal de Adustina;verificação individual na fonte oficial;valida_fora_abrangencia;fora;poder_publico;chamamento_publico;2026-10-26;https://transparencia.adustina.ba.gov.br/editais-licitacoes;12;sem_evidencia;False;sem livro: fora da abrangência: oportunidade pública municipal de outro estado (só Goiás tem livros municipais);confirmado;confirmado;confirmado;confirmado;confirmado;confirmado;confirmado;confirmado;confirmado;confirmado;confirmado;confirmado;"Chamamento aberto de Adustina/BA (Credenciamento 006/2026, Lei 13.019) para OSC executar o programa 'Adustina Bem Cuidada', propostas até 26/10/2026, R$ 9,69 milhões. Válida, mas fora da abrangência; a natureza (terceirização de apoio operacional via MROSC) merece cautela."
BA · Outras;agr-8721cb29be60;Credenciamento Nº 4/2026 - Chamamento público para prestação de serviços de lavagem de veículos;Prefeitura Municipal de Maraú;verificação individual na fonte oficial;descartada;fora;poder_publico;credenciamento;;https://transparencia.marau.ba.gov.br/editais-licitacoes;6;sem_evidencia;False;sem livro: fora da abrangência: oportunidade pública municipal de outro estado (só Goiás tem livros municipais);confirmado;não localizado;não localizado;não localizado;não localizado;confirmado;confirmado;confirmado;não localizado;não localizado;confirmado;confirmado;Credenciamento de lavagem de veículos da Prefeitura de Maraú/BA, confirmado na listagem oficial. É compra comum: descartar.
BA · Outras;agr-3db19096c7b8;Edital Futuro Bem Maior vai selecionar 33 organizações e coletivos de pequeno porte;Movimento Bem Maior (MBM);verificação individual na fonte oficial;arquivada_encerrada;dentro;iniciativa_privada;patrocinio_privado;2026-08-17;https://movimentobemmaior.org.br/wp-content/uploads/2026/07/Edital_6FuturoBemMaior.pdf;12;sem_evidencia;True;op-6588889e83e4;confirmado;confirmado;confirmado;dispensado pelo tipo;confirmado;confirmado;confirmado;confirmado;confirmado;confirmado;confirmado;confirmado;6º Edital Futuro Bem Maior, do Movimento Bem Maior: até R$ 100 mil e formação para 33 OSCs pequenas, com inscrições encerradas em 17/08/2026. A A.M.C. seria elegível. Arquivar e preparar a documentação para a 7ª edição (provável julho/2027).
BA · Outras;agr-0c4f8bc789f1;Procedimento de Manifestação de Interesse - PMI N.º 001/2026;Prefeitura Municipal de Jeremoabo;verificação individual na fonte oficial;descartada;fora;poder_publico;chamamento_publico;;https://transparencia.jeremoabo.ba.gov.br/editais-licitacoes;6;sem_evidencia;False;sem livro: fora da abrangência: oportunidade pública municipal de outro estado (só Goiás tem livros municipais);confirmado;não localizado;não localizado;não localizado;não localizado;confirmado;confirmado;confirmado;não localizado;não localizado;confirmado;confirmado;PMI 001/2026 de Jeremoabo/BA para estudos de tratamento de resíduos. Não é recurso para OSC: descartar.
BA · Pessoa idosa;ac4c155e7802d14a2a3b;MUNICIPIO DE FEIRA DE SANTANA — CHAMAMENTO PÚBLICO QUE TEM POR FINALIDADE A SELEÇÃO DE PROPOSTAS DE INSTITUIÇÃO DE LONGA PERMANENCIA PARA IDOSOS E ORG;MUNICIPIO DE FEIRA DE SANTANA;verificação individual na fonte oficial;arquivada_encerrada;fora;poder_publico;chamamento_publico;2026-07-06;https://pncp.gov.br/app/editais/14043574000151/2026/139;11;sem_evidencia;False;op-3715b11202c8;confirmado;confirmado;confirmado;não localizado;confirmado;confirmado;confirmado;confirmado;confirmado;confirmado;confirmado;confirmado;"Chamada Pública 17/2026 do Fundo do Idoso de Feira de Santana/BA (R$ 870 mil), propostas até 06/07/2026 e já julgada. Arquivar; útil só como modelo para o Fundo Municipal do Idoso de Goiânia."
BA · Saúde;4bad319b0bfc3d8f97a4;MUNICIPIO DE JAGUARIPE — Constitui objeto do presente Edital a seleção de Organização da Sociedade Civil (OSC), regularmente constituída, para celebra;MUNICIPIO DE JAGUARIPE;verificação individual na fonte oficial;valida_fora_abrangencia;fora;poder_publico;chamamento_publico;2026-10-09;https://pncp.gov.br/app/editais/13796289000149/2026/37;12;sem_evidencia;False;op-f0e47b49a5d1;confirmado;confirmado;confirmado;confirmado;confirmado;confirmado;confirmado;confirmado;confirmado;confirmado;confirmado;confirmado;Chamamento 007/2026 de Jaguaripe/BA para OSC de saúde (R$ 3,48 milhões), aberto até 09/10/2026. Válido, mas fora da abrangência e do perfil da A.M.C.
BA · Saúde;c95d24c20468afd69320;MUNICIPIO DE SANTO ANTONIO DE JESUS — Seleção de Organização da Sociedade Civil – OSC para a celebração de TERMO DE COLABORAÇÃO, em regime de mútua co;Município de Santo Antônio de Jesus — Fundo Municipal de Saúde;verificação individual na fonte oficial;valida_fora_abrangencia;fora;poder_publico;chamamento_publico;2026-11-03;https://pncp.gov.br/app/editais/13825476000103/2026/139;12;sem_evidencia;False;op-57edf594c4e9;confirmado;confirmado;confirmado;confirmado;confirmado;confirmado;confirmado;confirmado;confirmado;confirmado;confirmado;confirmado;Chamamento 001/2026 do Fundo de Saúde de Santo Antônio de Jesus/BA (até R$ 6,7 milhões), propostas até 03/11/2026. Válido, porém fora da abrangência e do perfil da associação.
BA · Saúde;fc5a2bf82c4ff96495b4;MUNICIPIO DE ENTRE RIOS — CREDENCIAMENTO de pessoas jurídicas de direito privado, com ou sem fins lucrativos, assegurada a preferência às entidades fi;MUNICIPIO DE ENTRE RIOS;verificação individual na fonte oficial;descartada;fora;poder_publico;credenciamento;2027-03-20;https://pncp.gov.br/app/editais/14126981000122/2026/13;10;sem_evidencia;False;sem livro: não é seleção aberta a associações (dispensa/inexigibilidade de chamamento, credenciamento de pessoa física ou compra);confirmado;dispensado pelo tipo;não localizado;não localizado;dispensado pelo tipo;confirmado;confirmado;confirmado;confirmado;confirmado;confirmado;confirmado;Credenciamento SUS de escleroterapia de Entre Rios/BA, pago por tabela (total R$ 2,46 milhões). É contratação de serviço de saúde: descartar.
BA · Saúde;083fb24f28267223a151;FUNDO MUNICIPAL DE SAUDE DE JEQUIE — 1.1. Contratação de Organização da Sociedade Civil (OSC) para prestação de serviços de reabilitação intelectual, ;FUNDO MUNICIPAL DE SAUDE DE JEQUIE;verificação individual na fonte oficial;descartada;fora;poder_publico;credenciamento;2027-09-14;https://pncp.gov.br/app/editais/09436466000109/2026/38;11;sem_evidencia;False;op-c585772de4c0;confirmado;dispensado pelo tipo;confirmado;não localizado;dispensado pelo tipo;confirmado;confirmado;confirmado;confirmado;confirmado;confirmado;confirmado;Credenciamento SUS de Jequié/BA para reabilitação intelectual/TEA, pago por atendimento (R$ 736). É compra de serviço: descartar.
BA · Saúde;56d0a01ac0740950e66f;MUNICIPIO DE BELMONTE — credenciamento de pessoas jurídicas de direito privado, com ou sem fins lucrativos, assegurada a preferência às entidades fila;MUNICIPIO DE BELMONTE;verificação individual na fonte oficial;descartada;fora;poder_publico;credenciamento;2027-09-22;https://pncp.gov.br/app/editais/13634977000102/2026/129;8;sem_evidencia;False;sem livro: não é seleção aberta a associações (dispensa/inexigibilidade de chamamento, credenciamento de pessoa física ou compra);confirmado;dispensado pelo tipo;não localizado;não localizado;dispensado pelo tipo;confirmado;confirmado;confirmado;não localizado;não localizado;confirmado;confirmado;Credenciamento SUS de escleroterapia de Belmonte/BA, pago por tabela SIGTAP. Compra de serviço: descartar.
SP · Assistência social;0b6f4d4f7f6ae844bf83;"Diário Oficial de Mogi Guaçu (SP) 2026-09-25 — ""chamamento público"" ""organizações da sociedade civil""";Prefeitura Municipal de Mogi Guaçu — Secretaria Municipal de Cultura;verificação individual na fonte oficial;valida_fora_abrangencia;fora;poder_publico;chamamento_publico;2026-10-12;https://data.queridodiario.ok.org.br/3530706/2026-09-25/1a0265b139ab91431502f054d7e2b1e83a2a1db5.pdf;12;sem_evidencia;False;sem livro: fora da abrangência: oportunidade pública municipal de outro estado (só Goiás tem livros municipais);confirmado;confirmado;confirmado;confirmado;confirmado;confirmado;confirmado;confirmado;confirmado;confirmado;confirmado;confirmado;"Edital PNAB 33/SECULT/2026 de Mogi Guaçu/SP: subsídio de R$ 12,7 mil a 10 espaços culturais, inscrições até 12/10/2026. Válido, mas só para o município. O objeto do registro (refeições) estava errado; corrigido pela leitura do diário."
SP · Chamamentos em diário oficial;c76fa7dde15e92b4c940;"Diário Oficial de Andradina (SP) 2026-09-18 — ""edital de chamamento público"" associação";Prefeitura Municipal de Andradina — Secretaria de Turismo, Cultura, Esportes, Lazer e Juventude;verificação individual na fonte oficial;valida_fora_abrangencia;fora;poder_publico;premio;2026-10-19;https://data.queridodiario.ok.org.br/3502101/2026-09-18/4c2c02e35b143c4824e4b4d7a353fb2bc3d59fe3.pdf;12;sem_evidencia;False;sem livro: fora da abrangência: oportunidade pública municipal de outro estado (só Goiás tem livros municipais);confirmado;confirmado;confirmado;confirmado;confirmado;confirmado;confirmado;confirmado;confirmado;confirmado;confirmado;confirmado;Premiação Cultura Viva 04/2026 de Andradina/SP (6 × R$ 10.089,42), inscrições até 19/10/2026. Válida, mas só para a comunidade local. O link do registro (concurso de magistério) estava errado.
SP · Chamamentos em diário oficial;op-op-88fc7e055eb6;"Diário Oficial de Campinas (SP) 2026-07-31 — ""chamamento público"" ""organizações da sociedade civil"" — Prefeitura Municipal de Campinas";Prefeitura de Campinas — Secretaria Municipal de Desenvolvimento e Assistência Social / Conselho Municipal do Idoso;verificação individual na fonte oficial;arquivada_encerrada;fora;poder_publico;chamamento_publico;2026-09-14;https://data.queridodiario.ok.org.br/3509502/2026-07-31/3fc54328b47ec5571da62902f0f27dc7d9f4e65e.pdf;12;sem_evidencia;False;sem livro: fora da abrangência: oportunidade pública municipal de outro estado (só Goiás tem livros municipais);confirmado;confirmado;confirmado;confirmado;confirmado;confirmado;confirmado;confirmado;confirmado;confirmado;confirmado;confirmado;"Edital CMI 01/2026 de Campinas/SP (Fundo da Pessoa Idosa, até R$ 3 milhões), propostas encerradas em 14/09/2026. Arquivar; bom modelo para a A.M.C. pleitear no Fundo do Idoso de Goiânia."
SP · Chamamentos em diário oficial;257492042d91e5c020e5;"Diário Oficial de Campinas (SP) 2026-09-11 — ""chamamento público"" ""organizações da sociedade civil""";Prefeitura de Campinas — Secretaria Municipal de Desenvolvimento e Assistência Social;verificação individual na fonte oficial;valida_fora_abrangencia;fora;poder_publico;chamamento_publico;2026-10-15;https://data.queridodiario.ok.org.br/3509502/2026-09-11/81c90d9ade889cbc7fe45c09b98e366b7fc872b6.pdf;12;sem_evidencia;False;sem livro: fora da abrangência: oportunidade pública municipal de outro estado (só Goiás tem livros municipais);confirmado;confirmado;confirmado;confirmado;confirmado;confirmado;confirmado;confirmado;confirmado;confirmado;confirmado;confirmado;"Edital 02/2026 da SMDAS de Campinas/SP para abrigo de crianças e adolescentes (R$ 1,89 milhão/ano), propostas de 13 a 15/10/2026. Válido, mas fora da abrangência. O registro tinha objeto e link de outro ato (termo já firmado); corrigido."
SP · Chamamentos em diário oficial;0659cca2e07a53d96851;"Diário Oficial de Itapeva (SP) 2026-09-23 — ""edital de chamamento público"" associação";Prefeitura Municipal de Itapeva (SP) — Secretaria Municipal de Cultura e Turismo;verificação individual na fonte oficial;arquivada_encerrada;fora;poder_publico;premio;2026-09-30;https://data.queridodiario.ok.org.br/3522406/2026-09-23/b3a2309e1998522f02965f909d966a84abc9f001.pdf;9;sem_evidencia;False;sem livro: fora da abrangência: oportunidade pública municipal de outro estado (só Goiás tem livros municipais);confirmado;confirmado;confirmado;confirmado;não localizado;confirmado;confirmado;confirmado;não localizado;não localizado;confirmado;confirmado;Premiação de Pontos de Cultura 01/2026 de Itapeva/SP, inscrições prorrogadas até 30/09/2026, já vencidas. Arquivar. O link do registro (itapeva.mg.gov.br) era de outro município.
SP · Chamamentos em diário oficial;67af7e78b77e1a40e4e2;"Diário Oficial de Macatuba (SP) 2026-09-22 — ""edital de chamamento público"" associação";Prefeitura Municipal de Macatuba/SP — Secretaria de Promoção da Qualidade de Vida e Eventos (SEQUALE);verificação individual na fonte oficial;arquivada_encerrada;fora;poder_publico;chamamento_publico;;https://data.queridodiario.ok.org.br/3528007/2026-09-22/662ae603003dd0ed3b46baa85f6a83c9e710894a.pdf;6;sem_evidencia;False;sem livro: fora da abrangência: oportunidade pública municipal de outro estado (só Goiás tem livros municipais);confirmado;não localizado;não localizado;não localizado;não localizado;confirmado;confirmado;confirmado;não localizado;não localizado;confirmado;confirmado;Chamamento Cultural PNAB 03/2026 de Macatuba/SP: o diário de 22/09/2026 já publica os inscritos e a comissão, logo a inscrição acabou. Arquivar. O objeto do registro (agenciamento de viagens) era de outro ato.
SP · Chamamentos em diário oficial;b6fca2ac16f769e569c5;Diário Oficial de Mogi Guaçu (SP) 2026-09-17 — Edital de Chamamento Público nº 28/SECULT/2026 — Natal Encantado 2026;Prefeitura Municipal de Mogi Guaçu — Secretaria Municipal de Cultura;verificação individual na fonte oficial;valida_fora_abrangencia;fora;poder_publico;chamamento_publico;2026-10-19;https://data.queridodiario.ok.org.br/3530706/2026-09-17/ef0307f7c2efd974c39cf396dc6c3be9de95c337.pdf;12;sem_evidencia;False;sem livro: fora da abrangência: oportunidade pública municipal de outro estado (só Goiás tem livros municipais);confirmado;confirmado;confirmado;confirmado;confirmado;confirmado;confirmado;confirmado;confirmado;confirmado;confirmado;confirmado;Chamamento verdadeiro, aberto até 19/10/2026, com os 12 itens confirmados no DOM de 17/09/2026. Não serve à A.M.C. Jardim América (execução em SP e contrapartida alta). Próximo passo: nenhum, só referência.
SP · Chamamentos em diário oficial;op-op-287b50bed6e4;"Diário Oficial de Mogi Guaçu (SP) 2026-09-17 — ""edital de chamamento público"" associação — Prefeitura Municipal de Mogi Guaçu";Município de Registro/SP;verificação individual na fonte oficial;descartada;fora;poder_publico;chamamento_publico;2026-03-06;https://pncp.gov.br/api/consulta/v1/orgaos/45685872000179/compras/2026/36;6;sem_evidencia;False;sem livro: fora da abrangência: oportunidade pública municipal de outro estado (só Goiás tem livros municipais);confirmado;confirmado;não localizado;não localizado;confirmado;confirmado;confirmado;confirmado;não localizado;não localizado;não localizado;não localizado;Pregão de compras de Registro/SP já encerrado (06/03/2026), sem relação com OSC nem com Mogi Guaçu. Descartar e corrigir o motor.
SP · Chamamentos em diário oficial;f737b3860b74e4c839b1;Diário Oficial de Monteiro Lobato (SP) 2026-09-15 — Edital de Chamamento Público nº 03/SMCT/2026 — Premiação Mestres e Mestras da Cultura (PNAB);Prefeitura Municipal de Monteiro Lobato — Secretaria Municipal de Cultura e Turismo;verificação individual na fonte oficial;valida_fora_abrangencia;fora;poder_publico;premio;2026-10-09;https://data.queridodiario.ok.org.br/3531704/2026-09-15/dc56b7e11e82810b001f9d82a2d8e3f2934361cd.pdf;12;sem_evidencia;False;sem livro: fora da abrangência: oportunidade pública municipal de outro estado (só Goiás tem livros municipais);confirmado;confirmado;confirmado;confirmado;confirmado;confirmado;confirmado;confirmado;confirmado;confirmado;confirmado;confirmado;Prêmio PNAB municipal aberto até 09/10/2026, 12 itens confirmados no DOM. Não serve à associação (território e público pessoa física/mestre local). Sem próximo passo.
SP · Chamamentos em diário oficial;284abb8c5bfed9a06ea7;Diário Oficial de Andradina (SP) 2026-09-30 — Chamamento Público SFPGFDEI 008-2026 (curso SEBRAE para MEI/ME/EPP);Prefeitura de Andradina — Secretaria da Fazenda, Planejamento, Gestão Fiscal, Desenvolvimento Econômico e Inovação;verificação individual na fonte oficial;descartada;fora;poder_publico;chamamento_publico;;https://data.queridodiario.ok.org.br/3502101/2026-09-30/345f1fde581a8ed0462a5108f7e34023d0b316f2.pdf;4;sem_evidencia;False;sem livro: fora da abrangência: oportunidade pública municipal de outro estado (só Goiás tem livros municipais);confirmado;não localizado;não localizado;não localizado;não localizado;confirmado;confirmado;confirmado;não localizado;não localizado;não localizado;não localizado;"O diário traz chamamento de empresários (MEI/ME/EPP) para curso do SEBRAE; não há edital aberto para OSC. Descartar e ajustar o filtro do motor."
SP · Chamamentos em diário oficial;5e270ff2e18743569777;Diário Oficial de Aparecida (SP) 2026-09-28 — Extrato do 2º Termo Aditivo do Chamamento Público nº 07/2024;Prefeitura Municipal de Aparecida;verificação individual na fonte oficial;descartada;fora;poder_publico;chamamento_publico;;https://data.queridodiario.ok.org.br/3502507/2026-09-28/ce129041a9ef6f22bf46b18f1b1b7239ab7bfc11.pdf;4;sem_evidencia;False;sem livro: fora da abrangência: oportunidade pública municipal de outro estado (só Goiás tem livros municipais);confirmado;não localizado;não localizado;não localizado;não localizado;confirmado;confirmado;confirmado;não localizado;não localizado;não localizado;não localizado;"O diário traz extrato de termo aditivo (prorrogação de contrato de oficineira); não há edital aberto para OSC. Descartar e ajustar o filtro do motor."
SP · Chamamentos em diário oficial;c94a1eb6af9751bd353a;Diário Oficial de Araçatuba (SP) 2026-09-29 — Homologações e resultados dos Chamamentos PNAB 002 a 005/2026;Prefeitura de Araçatuba — Secretaria Municipal de Cultura;verificação individual na fonte oficial;descartada;fora;poder_publico;chamamento_publico;;https://data.queridodiario.ok.org.br/3502804/2026-09-29/7dc671f4e7ca1e8c508ae494e151d3170b8de17e.pdf;4;sem_evidencia;False;sem livro: fora da abrangência: oportunidade pública municipal de outro estado (só Goiás tem livros municipais);confirmado;não localizado;não localizado;não localizado;não localizado;confirmado;confirmado;confirmado;não localizado;não localizado;não localizado;não localizado;"O diário traz homologação/resultado de chamamentos PNAB já julgados; não há edital aberto para OSC. Descartar e ajustar o filtro do motor."
SP · Chamamentos em diário oficial;1e7863906ab977ea8f1d;Diário Oficial de Campinas (SP) 2026-09-28 — Edital SME nº 01/2026 (retificado) — OSC para educação infantil 0 a 5 anos;Prefeitura Municipal de Campinas — Secretaria Municipal de Educação;verificação individual na fonte oficial;valida_fora_abrangencia;fora;poder_publico;chamamento_publico;2026-10-30;https://data.queridodiario.ok.org.br/3509502/2026-09-28/f3129045f674ff0124f828d323cc5c3f4247d1b0.pdf;12;sem_evidencia;False;sem livro: fora da abrangência: oportunidade pública municipal de outro estado (só Goiás tem livros municipais);confirmado;confirmado;confirmado;confirmado;confirmado;confirmado;confirmado;confirmado;confirmado;confirmado;confirmado;confirmado;Chamamento aberto até 30/10/2026, 12 itens confirmados no DOM. Fora da abrangência e do porte da associação. Sem próximo passo.
SP · Chamamentos em diário oficial;73ab0d7d943c23780f13;Diário Oficial de Catanduva (SP) 2026-09-30 — Credenciamento nº 01/2026-SMADS (parecer de análise de documentos);Prefeitura de Catanduva — Secretaria Municipal de Assistência e Desenvolvimento Social;verificação individual na fonte oficial;arquivada_encerrada;fora;poder_publico;credenciamento;2026-09-15;https://www.catanduva.sp.gov.br/portal/editais/5;6;sem_evidencia;False;sem livro: fora da abrangência: oportunidade pública municipal de outro estado (só Goiás tem livros municipais);confirmado;confirmado;não localizado;não localizado;não localizado;confirmado;confirmado;confirmado;não localizado;não localizado;não localizado;confirmado;"Credenciamento verdadeiro de OSC, mas encerrado em 15/09/2026; o diário de 30/09 é só análise de documentos. Arquivar."
SP · Chamamentos em diário oficial;6cccae146bb680f8e0b6;Diário Oficial de Eldorado (SP) 2026-09-29 — Edital de Chamamento Público nº 02/2026 — Fomento a ações culturais (PNAB);Prefeitura Municipal da Estância Turística de Eldorado (SP) — Departamento de Cultura;verificação individual na fonte oficial;valida_fora_abrangencia;fora;poder_publico;chamamento_publico;2026-10-23;https://data.queridodiario.ok.org.br/3514809/2026-09-29/6c131b673d65f34a772e0aa151fe2162c5ae5072.pdf;12;sem_evidencia;False;sem livro: fora da abrangência: oportunidade pública municipal de outro estado (só Goiás tem livros municipais);confirmado;confirmado;confirmado;confirmado;confirmado;confirmado;confirmado;confirmado;confirmado;confirmado;confirmado;confirmado;Edital PNAB aberto até 23/10/2026, 12 itens confirmados no DOM. A associação de Goiânia não é elegível (residência em SP). Sem próximo passo.
SP · Chamamentos em diário oficial;636ed9f8a257a26af761;Diário Oficial de Guaraçaí (SP) 2026-09-30 — Chamamento 03/2026 — OSC para exploração de alimentos e bebidas na FEAP 2026;Prefeitura Municipal de Guaraçaí;verificação individual na fonte oficial;valida_fora_abrangencia;fora;poder_publico;chamamento_publico;2026-10-06;https://data.queridodiario.ok.org.br/3517802/2026-09-30/bb51fa1d07145e95a38f896e5802b5e8f7ee2f88.pdf;8;sem_evidencia;False;sem livro: fora da abrangência: oportunidade pública municipal de outro estado (só Goiás tem livros municipais);confirmado;confirmado;não localizado;não localizado;não localizado;confirmado;confirmado;confirmado;confirmado;não localizado;confirmado;confirmado;"Oportunidade de receita (não há repasse) aberta até 06/10/2026, conhecida só pelo aviso; edital completo não lido (site não abriu). Fora da abrangência; sem próximo passo."
SP · Chamamentos em diário oficial;c14277a8b11a19a8396e;Diário Oficial de Iracemápolis (SP) 2026-09-29 — Resultado preliminar do Chamamento Público nº 008/2026 (PNAB);Prefeitura Municipal de Iracemápolis;verificação individual na fonte oficial;descartada;fora;poder_publico;chamamento_publico;;https://data.queridodiario.ok.org.br/3521408/2026-09-29/c3eeeda482d41cfddf4aa8e66e9f010a5f180bb0.pdf;4;sem_evidencia;False;sem livro: fora da abrangência: oportunidade pública municipal de outro estado (só Goiás tem livros municipais);confirmado;não localizado;não localizado;não localizado;não localizado;confirmado;confirmado;confirmado;não localizado;não localizado;não localizado;não localizado;"O diário traz resultado preliminar de chamamento PNAB já encerrado; não há edital aberto para OSC. Descartar e ajustar o filtro do motor."
SP · Chamamentos em diário oficial;2c58bba753a8ba5b88fe;Diário Oficial de Itapevi (SP) 2026-09-29 — Prorrogação do Edital de Chamamento Público nº 26/2026 — Cultura Hip Hop (PNAB);Prefeitura Municipal de Itapevi — Secretaria Municipal de Cultura;verificação individual na fonte oficial;valida_fora_abrangencia;fora;poder_publico;chamamento_publico;2026-10-19;https://chamamentos.itapevi.sp.gov.br/chamamentos/343;12;sem_evidencia;False;sem livro: fora da abrangência: oportunidade pública municipal de outro estado (só Goiás tem livros municipais);confirmado;confirmado;não informado no edital;confirmado;confirmado;confirmado;confirmado;confirmado;confirmado;confirmado;confirmado;confirmado;"Edital PNAB aberto até 19/10/2026 (o PDF prorrogado do portal ainda cita 16/10; prevalece o DOM de 29/09). Fora da abrangência; sem próximo passo."
SP · Chamamentos em diário oficial;ab58b0cfb3265da5d4e3;Diário Oficial de Itapirapuã Paulista (SP) 2026-09-30 — Credenciamento nº 002/2026 (fornecimento de marmitex);Prefeitura Municipal de Itapirapuã Paulista;verificação individual na fonte oficial;descartada;fora;poder_publico;chamamento_publico;;https://data.queridodiario.ok.org.br/3522653/2026-09-30/5d194855b1716b1109690681dd77ed239e9cd01b.pdf;4;sem_evidencia;False;sem livro: fora da abrangência: oportunidade pública municipal de outro estado (só Goiás tem livros municipais);confirmado;não localizado;não localizado;não localizado;não localizado;confirmado;confirmado;confirmado;não localizado;não localizado;não localizado;não localizado;"O diário traz credenciamento de empresas para fornecimento de refeições (compra comum); não há edital aberto para OSC. Descartar e ajustar o filtro do motor."
SP · Chamamentos em diário oficial;4fbad864e64449e9b6bd;Diário Oficial de Jaboticabal (SP) 2026-09-28 — Extratos de termos aditivos de fomento/colaboração;Prefeitura Municipal de Jaboticabal — Secretaria de Assistência e Desenvolvimento Social;verificação individual na fonte oficial;descartada;fora;poder_publico;chamamento_publico;;https://data.queridodiario.ok.org.br/3524303/2026-09-28/5e7e07e83403f816a812d0369c58de9917f34c14.pdf;4;sem_evidencia;False;sem livro: fora da abrangência: oportunidade pública municipal de outro estado (só Goiás tem livros municipais);confirmado;não localizado;não localizado;não localizado;não localizado;confirmado;confirmado;confirmado;não localizado;não localizado;não localizado;não localizado;"O diário traz extrato de termos aditivos de parcerias já celebradas; não há edital aberto para OSC. Descartar e ajustar o filtro do motor."
SP · Chamamentos em diário oficial;ce61bec29d28ccc628ba;Diário Oficial de Jaú (SP) 2026-09-30 — Extratos de Termos de Colaboração (Chamamento 001/2026 SME);Prefeitura Municipal de Jaú — Secretaria de Educação;verificação individual na fonte oficial;descartada;fora;poder_publico;chamamento_publico;;https://data.queridodiario.ok.org.br/3525300/2026-09-30/9e75cb24bac65c0a8e30995bb423c9bf4d6ed80b.pdf;4;sem_evidencia;False;sem livro: fora da abrangência: oportunidade pública municipal de outro estado (só Goiás tem livros municipais);confirmado;não localizado;não localizado;não localizado;não localizado;confirmado;confirmado;confirmado;não localizado;não localizado;não localizado;não localizado;"O diário traz extrato de termos de colaboração já celebrados; não há edital aberto para OSC. Descartar e ajustar o filtro do motor."
SP · Chamamentos em diário oficial;e8601cb007e5c966538d;Diário Oficial de Macatuba (SP) 2026-09-28 — Retificação do cronograma do Chamamento Público Cultural nº 03/2026 (PNAB);Prefeitura Municipal de Macatuba — Divisão de Cultura;verificação individual na fonte oficial;arquivada_encerrada;fora;poder_publico;chamamento_publico;2026-09-18;https://data.queridodiario.ok.org.br/3528007/2026-09-28/0713b2ba296cc7b197ecad7a6cd3a8a847bbbf4e.pdf;8;sem_evidencia;False;sem livro: fora da abrangência: oportunidade pública municipal de outro estado (só Goiás tem livros municipais);confirmado;confirmado;confirmado;confirmado;não localizado;confirmado;confirmado;confirmado;não localizado;não localizado;não localizado;confirmado;Edital PNAB verdadeiro, mas com inscrições encerradas (09–18/09/2026). Arquivar.
SP · Chamamentos em diário oficial;68dfe1d68e51a78472cd;Diário Oficial de Macatuba (SP) 2026-09-29 — Resultado da seleção do Chamamento Público Cultural nº 03/2026 (PNAB);Prefeitura Municipal de Macatuba — Divisão de Cultura;verificação individual na fonte oficial;descartada;fora;poder_publico;chamamento_publico;;https://data.queridodiario.ok.org.br/3528007/2026-09-29/2e2ae624e324009e3855a661de4b49582d8ba41a.pdf;4;sem_evidencia;False;sem livro: fora da abrangência: oportunidade pública municipal de outro estado (só Goiás tem livros municipais);confirmado;não localizado;não localizado;não localizado;não localizado;confirmado;confirmado;confirmado;não localizado;não localizado;não localizado;não localizado;"O diário traz resultado da etapa de seleção de chamamento PNAB encerrado; não há edital aberto para OSC. Descartar e ajustar o filtro do motor."
SP · Chamamentos em diário oficial;cf642683d029f82b73ea;Diário Oficial de Marília (SP) 2026-10-01 — Prorrogação de inscrições para eleição de representantes da sociedade civil no CMDM;Conselho Municipal de Direitos das Mulheres de Marília — Comissão Eleitoral;verificação individual na fonte oficial;descartada;fora;poder_publico;chamamento_publico;;https://data.queridodiario.ok.org.br/3529005/2026-10-01/27692884813a795430a0eceb411822e962e7433b.pdf;4;sem_evidencia;False;sem livro: fora da abrangência: oportunidade pública municipal de outro estado (só Goiás tem livros municipais);confirmado;não localizado;não localizado;não localizado;não localizado;confirmado;confirmado;confirmado;não localizado;não localizado;não localizado;não localizado;"O diário traz chamamento para eleição de conselheiros (sem recurso financeiro); não há edital aberto para OSC. Descartar e ajustar o filtro do motor."
SP · Chamamentos em diário oficial;a9cbcecd0bc46634c3d0;Diário Oficial de Monte Mor (SP) 2026-09-28 — Chamamento Sunset Rock 2026 (artistas credenciados) e concurso de logomarca RT-CEC 001/2026;Prefeitura Municipal de Monte Mor — Secretaria de Cultura e Turismo;verificação individual na fonte oficial;descartada;fora;poder_publico;chamamento_publico;;https://data.queridodiario.ok.org.br/3531803/2026-09-28/e8702a1695408958b3b1737ab05715fb0be81a9b.pdf;4;sem_evidencia;False;sem livro: fora da abrangência: oportunidade pública municipal de outro estado (só Goiás tem livros municipais);confirmado;não localizado;não localizado;não localizado;não localizado;confirmado;confirmado;confirmado;não localizado;não localizado;não localizado;não localizado;"O diário traz convocação de artistas já credenciados e concurso de logomarca para pessoas físicas; não há edital aberto para OSC. Descartar e ajustar o filtro do motor."
SP · Chamamentos em diário oficial;f5f1dcf93f35c0931d4c;"Diário Oficial de Rio Claro (SP) 2026-09-30 — ""chamamento público"" ""organizações da sociedade civil""";Prefeitura Municipal de Rio Claro / DAAE;verificação individual na fonte oficial;descartada;fora;poder_publico;chamamento_publico;;https://data.queridodiario.ok.org.br/3543907/2026-09-30/576487679e141757a7bcfb50e07ef4a15a759aba.pdf;12;sem_evidencia;False;sem livro: fora da abrangência: oportunidade pública municipal de outro estado (só Goiás tem livros municipais);confirmado;não informado no edital;não informado no edital;não informado no edital;não informado no edital;confirmado;confirmado;confirmado;não informado no edital;não informado no edital;não informado no edital;confirmado;Menção em diário é falso positivo: resultado do Chamamento 01/2025 de Rio Claro e credenciamento de empresas pelo DAAE. Nada a fazer pela A.M.C.
SP · Chamamentos em diário oficial;abcc8517eab956156feb;"Diário Oficial de Santos (SP) 2026-09-30 — ""chamamento público"" ""organizações da sociedade civil""";Prefeitura Municipal de Santos — Secretaria de Turismo, Comércio e Empreendedorismo;verificação individual na fonte oficial;descartada;fora;poder_publico;credenciamento;;https://data.queridodiario.ok.org.br/3548500/2026-09-30/b369c489f32ea0a53b0437d90fc9114b5781adab.pdf;12;sem_evidencia;False;sem livro: fora da abrangência: oportunidade pública municipal de outro estado (só Goiás tem livros municipais);confirmado;não informado no edital;não informado no edital;não informado no edital;não informado no edital;confirmado;confirmado;confirmado;confirmado;não informado no edital;não informado no edital;confirmado;Falso positivo: chamamento de Santos para permissão de uso de guichê turístico por empresa. Descartar.
SP · Chamamentos em diário oficial;830a309b6f02d9a23b1b;"Diário Oficial de Sertãozinho (SP) 2026-09-30 — ""chamamento público"" ""organizações da sociedade civil""";Prefeitura Municipal de Sertãozinho — Cultura (PNAB);verificação individual na fonte oficial;arquivada_encerrada;fora;poder_publico;chamamento_publico;;https://data.queridodiario.ok.org.br/3551702/2026-09-30/d5418b1370fa8d4361ba58403290dfb7be325ff8.pdf;5;sem_evidencia;False;sem livro: fora da abrangência: oportunidade pública municipal de outro estado (só Goiás tem livros municipais);confirmado;não localizado;não localizado;não localizado;não localizado;confirmado;confirmado;confirmado;não localizado;não localizado;não localizado;confirmado;"Edital real de Pontos de Cultura (PNAB) de Sertãozinho, mas com inscrições já encerradas e limitado ao município. Arquivar; serve de referência para a A.M.C. acompanhar a Rede de Pontos de Cultura de Goiânia/GO."
SP · Chamamentos em diário oficial;52ddb82475a329867873;"Diário Oficial de São Bernardo do Campo (SP) 2026-09-30 — ""chamamento público"" ""organizações da sociedade civil""";Prefeitura de São Bernardo do Campo — Secretaria de Cultura;verificação individual na fonte oficial;valida_fora_abrangencia;fora;poder_publico;chamamento_publico;2026-10-18;https://data.queridodiario.ok.org.br/3548708/2026-09-30/97f585b6bbd2937bd022b17411fb536a974a020f.pdf;12;edicao_unica_no_periodo;False;sem livro: fora da abrangência: oportunidade pública municipal de outro estado (só Goiás tem livros municipais);confirmado;confirmado;confirmado;confirmado;confirmado;confirmado;confirmado;confirmado;confirmado;confirmado;confirmado;confirmado;"Chamamentos culturais reais e abertos de São Bernardo do Campo (Vozes Negras 2026, editais 037–040/2026), com prazo até 18/10/2026 no 037. Restritos ao município, não servem à A.M.C.; útil como modelo de edital temático da Consciência Negra para propor em Goiânia."
SP · Chamamentos em diário oficial;ea46ffb3da97148f4518;"Diário Oficial de Taubaté (SP) 2026-09-28 — ""chamamento público"" ""organizações da sociedade civil""";Consórcio Intermunicipal do Serviço de Atendimento Móvel de Urgência – CISAMU;verificação individual na fonte oficial;valida_fora_abrangencia;fora;poder_publico;chamamento_publico;2026-11-18;https://data.queridodiario.ok.org.br/3554102/2026-09-28/c83c4ec25ba817b007b3cd810d7d008e78db7a60.pdf;8;sem_evidencia;False;sem livro: fora da abrangência: oportunidade pública municipal de outro estado (só Goiás tem livros municipais);confirmado;confirmado;não localizado;não localizado;não localizado;confirmado;confirmado;confirmado;confirmado;confirmado;não localizado;confirmado;"Chamamento real e aberto do CISAMU (Taubaté/SP) para OS de saúde gerir o SAMU 192 Regional, sessão em 18/11/2026. Fora da abrangência e do perfil da associação; arquivar como referência."
SP · Chamamentos em diário oficial;56908792bd337b72bf73;"Diário Oficial de Vera Cruz (SP) 2026-09-29 — ""chamamento público"" ""organizações da sociedade civil""";Prefeitura Municipal de Vera Cruz;verificação individual na fonte oficial;descartada;fora;poder_publico;credenciamento;;https://data.queridodiario.ok.org.br/3556602/2026-09-29/5ebde0ff14180c505cfefa28bc6f8253f66e4015.pdf;12;sem_evidencia;False;sem livro: fora da abrangência: oportunidade pública municipal de outro estado (só Goiás tem livros municipais);confirmado;confirmado;não informado no edital;não informado no edital;não informado no edital;confirmado;não informado no edital;confirmado;não informado no edital;não informado no edital;não informado no edital;confirmado;Falso positivo: chamamento PNAE de Vera Cruz/SP para comprar hortifrutigranjeiros. Descartar.
SP · Chamamentos em diário oficial;5e1720fe34396719f6aa;"Diário Oficial de Votuporanga (SP) 2026-09-28 — ""chamamento público"" ""organizações da sociedade civil""";Prefeitura de Votuporanga — SEASO;verificação individual na fonte oficial;descartada;fora;poder_publico;chamamento_publico;;https://data.queridodiario.ok.org.br/3557105/2026-09-28/fe510730d8a527a45fdd6c36ca36d7534b959fb2.pdf;12;sem_evidencia;False;sem livro: fora da abrangência: oportunidade pública municipal de outro estado (só Goiás tem livros municipais);confirmado;não informado no edital;não informado no edital;não informado no edital;não informado no edital;confirmado;confirmado;confirmado;não informado no edital;não informado no edital;não informado no edital;confirmado;"Despacho de autorização do chamamento de Votuporanga; duplicata do Edital 005/2026 (item a60936a7c595d33defc8). Descartar para não contar em dobro."
SP · Chamamentos em diário oficial;a60936a7c595d33defc8;"Diário Oficial de Votuporanga (SP) 2026-09-29 — ""chamamento público"" ""organizações da sociedade civil""";Prefeitura de Votuporanga — Secretaria Municipal de Assistência Social e Desenvolvimento Social (SEASO);verificação individual na fonte oficial;valida_fora_abrangencia;fora;poder_publico;chamamento_publico;2026-10-28;https://data.queridodiario.ok.org.br/3557105/2026-09-29/f575c351b90cf7d2887d7e21cdabdc750a8ddcdf.pdf;12;sem_evidencia;False;sem livro: fora da abrangência: oportunidade pública municipal de outro estado (só Goiás tem livros municipais);confirmado;confirmado;confirmado;confirmado;confirmado;confirmado;confirmado;confirmado;confirmado;confirmado;confirmado;confirmado;"Chamamento real e aberto (até 28/10/2026) de Votuporanga/SP para obras em OSC socioassistenciais, R$ 600 mil. Fora da abrangência; útil como modelo para pleitear edital de estruturação junto ao FMAS de Goiânia."
SP · Criança e adolescente;aa8271b22a129dce9ef4;Edital de Chamamento Público CMDCA nº 001/2026 — Campo Florido (MG) (registrado no lote como Diário Oficial de Valparaíso (SP) 2026-09-16);Conselho Municipal dos Direitos da Criança e do Adolescente de Campo Florido-MG;verificação individual na fonte oficial;arquivada_encerrada;fora;poder_publico;chamamento_publico;2026-07-10;https://campoflorido.mg.gov.br/wp-content/uploads/2026/06/Edital-Chamamento-Publico-CMDCA-2026-DIGITAL.pdf;12;sem_evidencia;False;sem livro: fora da abrangência: oportunidade pública municipal de outro estado (só Goiás tem livros municipais);confirmado;confirmado;confirmado;confirmado;confirmado;confirmado;confirmado;confirmado;confirmado;confirmado;confirmado;confirmado;Edital FIA do CMDCA de Campo Florido/MG, encerrado em 10/07/2026 e restrito a entidades locais. Não serve à associação. O item no lote está vinculado ao diário de Valparaíso/SP, que não pôde ser lido — o vínculo parece erro do interceptador.
SP · Cultura;825830c89e0f42458dcf;"Diário Oficial de Penápolis (SP) 2026-09-15 — ""chamamento público"" ""organizações da sociedade civil""";Município de Penápolis;verificação individual na fonte oficial;valida_fora_abrangencia;fora;poder_publico;chamamento_publico;2026-10-16;https://www.penapolis.sp.gov.br/portal/editais/0/5/3419/;8;sem_evidencia;False;sem livro: fora da abrangência: oportunidade pública municipal de outro estado (só Goiás tem livros municipais);confirmado;confirmado;não localizado;não localizado;não localizado;confirmado;confirmado;confirmado;não localizado;confirmado;confirmado;confirmado;"Edital PNAB Ciclo 2 de Penápolis/SP, aberto até 16/10/2026. Fora da abrangência da A.M.C.; faltam valor, requisitos e prazos de resultado/recurso, que estão no PDF do edital. Usar só como referência."
SP · Cultura;811f14b65523ac90feeb;"Diário Oficial de Monteiro Lobato (SP) 2026-09-11 — ""edital de chamamento público"" associação";Prefeitura de Monteiro Lobato — Secretaria Municipal de Cultura e Turismo;verificação individual na fonte oficial;valida_fora_abrangencia;fora;poder_publico;chamamento_publico;2026-10-09;https://data.queridodiario.ok.org.br/3531704/2026-09-11/d3742dbd0b9f664ab682eda897c1a39a7e499f92.pdf;12;sem_evidencia;False;sem livro: fora da abrangência: oportunidade pública municipal de outro estado (só Goiás tem livros municipais);confirmado;confirmado;confirmado;confirmado;confirmado;confirmado;confirmado;confirmado;confirmado;confirmado;confirmado;confirmado;"Edital PNAB real e aberto até 09/10/2026, mas restrito a agentes de Monteiro Lobato/SP. Não serve à A.M.C.; acompanhar o edital PNAB equivalente de Goiânia."
SP · Cultura;37f750cd5e12b79ce3d6;MUNICIPIO DE SAO JOSE DO RIO PRETO — O PRESENTE CHAMAMENTO TEM POR OBJETO SELECIONAR 1 (UMA) PESSOA JURÍDICA DE DIREITO PRIVADO, COM OU SEM FINS LUCRA;MUNICIPIO DE SAO JOSE DO RIO PRETO;verificação individual na fonte oficial;valida_fora_abrangencia;fora;mista;credenciamento;2026-10-05;https://pncp.gov.br/app/editais/46588950000180/2026/895;7;sem_evidencia;False;op-4da424d1ec49;confirmado;confirmado;não localizado;não localizado;não localizado;confirmado;confirmado;confirmado;não localizado;não localizado;confirmado;confirmado;"Credenciamento para escolher 1 PJ gestora/captadora do FIT Rio Preto 2027-2028, prazo até 05/10/2026. Fora da abrangência; valor real e requisitos estão no edital do PNCP. Não serve à A.M.C."
SP · Cultura;0bd2e135ad952c6164c1;MUNICIPIO DE PORTO FELIZ — PREMIO CULTURAL COM RECURSOS DA POLITICA NACIONAL ALDIR BLANC DE FOMENTO A CULTURA NO MUNICIPIO DE PORTO FELIZ SP LEI N 14.;MUNICIPIO DE PORTO FELIZ;verificação individual na fonte oficial;valida_fora_abrangencia;fora;poder_publico;premio;2026-10-09;https://pncp.gov.br/app/editais/46634481000198/2026/203;8;sem_evidencia;False;op-242442dd1040;confirmado;confirmado;não localizado;não localizado;confirmado;confirmado;confirmado;confirmado;não localizado;não localizado;confirmado;confirmado;"Prêmio PNAB de Porto Feliz/SP, R$ 292.678,10, aberto até 09/10/2026. Fora da abrangência; requisitos e prazos de resultado/recurso no edital do PNCP. Apenas referência."
SP · Cultura;db0914e3d455a10e9ad2;MUNICIPIO DE IBATE — ABERTURA DE EDITAL PARA SELEÇÃO DE PROJETOS CULTURAIS DE ACORDO COM A POLÍTICA NACIONAL ALDIR BLANC;Município de Ibaté;verificação individual na fonte oficial;valida_fora_abrangencia;fora;poder_publico;chamamento_publico;2026-10-17;https://pncp.gov.br/app/editais/45355575000165/2026/125;12;sem_evidencia;False;op-046cdeaf9a1d;confirmado;confirmado;confirmado;confirmado;confirmado;confirmado;confirmado;confirmado;confirmado;confirmado;confirmado;confirmado;"Edital PNAB real e aberto até 17/10/2026 em Ibaté/SP, R$ 100 mil. Fora da abrangência; sem utilidade direta para a A.M.C."
SP · Cultura;b83a9c183e652e3a6660;MUNICIPIO DE BARRETOS — contratação de pessoa jurídica (organizações da sociedade civil sem fins lucrativos) para prestação de serviços culturais — Pr;Prefeitura da Estância Turística de Barretos;verificação individual na fonte oficial;valida_fora_abrangencia;fora;poder_publico;chamamento_publico;2026-10-20;https://pncp.gov.br/app/editais/44780609000104/2026/334;12;sem_evidencia;False;op-6377e2c1bf1b;confirmado;confirmado;confirmado;confirmado;confirmado;confirmado;confirmado;confirmado;confirmado;confirmado;confirmado;confirmado;"Chamamento de OSC real e aberto até 20/10/2026 em Barretos/SP para o programa Viola e Canturia. Fora da abrangência; serve de modelo de parceria cultural continuada."
SP · Cultura;98287f7777c39067ede8;MUNICIPIO DE ARTUR NOGUEIRA — EDITAL DE CREDENCIAMENTO DE ORGANIZAÇÃO DE SOCIEDADE CIVIL (OSC´S) PARA PRESTAÇÃO DE SERVIÇOS — iniciação musical;Município de Artur Nogueira — Secretaria de Cultura;verificação individual na fonte oficial;valida_fora_abrangencia;fora;poder_publico;credenciamento;2030-12-02;https://pncp.gov.br/app/editais/45735552000186/2030/5;12;recorrente;False;op-59b917a8d20c;confirmado;confirmado;confirmado;confirmado;confirmado;confirmado;confirmado;confirmado;confirmado;confirmado;confirmado;confirmado;"Credenciamento contínuo de OSC para iniciação musical em Artur Nogueira/SP, programa recorrente (repasses desde 2023). Fora da abrangência; há dúvida se o cadastramento segue aberto até 2030, como registrado no PNCP."
SP · Cultura;agr-86104c9d765d;Aviso de Chamamento Público Nº 2/2026 – Seleção de projetos culturais – PNAB;Prefeitura Municipal de Monte Azul Paulista;verificação individual na fonte oficial;pendente;fora;poder_publico;chamamento_publico;;https://monteazulpaulista.sp.gov.br/licitacao.php?slug=chamento-publico-002-2026-002-2026-2026;6;sem_evidencia;False;sem livro: fora da abrangência: oportunidade pública municipal de outro estado (só Goiás tem livros municipais);confirmado;não localizado;não localizado;não localizado;não localizado;confirmado;confirmado;confirmado;não localizado;confirmado;não localizado;confirmado;"Chamamento PNAB real de Monte Azul Paulista/SP (10 projetos, edital de 30/09/2026); prazo e valor não lidos porque o PDF não abriu. Fora da abrangência; baixa prioridade para a releitura."
SP · Cultura;agr-775b02c1fa3d;CHAMAMENTO PUBLICO DE ARTESAO E CULINARISTA PARA REALIZAR EXPOSICAO E COMERCIALIZACAO DE SEUS PRODUTOS EM EVENTOS — MUNICIPIO DE PORTO FELIZ;Município de Porto Feliz — Secretaria de Cultura, Esportes e Turismo;verificação individual na fonte oficial;descartada;fora;poder_publico;credenciamento;2027-05-13;https://pncp.gov.br/app/editais/46634481000198/2026/90;12;sem_evidencia;False;op-8f289b3d5dc3;confirmado;confirmado;não informado no edital;não informado no edital;dispensado pelo tipo;confirmado;confirmado;confirmado;confirmado;não informado no edital;não informado no edital;confirmado;Falso positivo: credenciamento de artesãos para feiras de Porto Feliz/SP, sem repasse financeiro. Descartar.
SP · Cultura;agr-269ab19fd523;CHAMAMENTO PÚBLICO para o CREDENCIAMENTO DE PROPOSTAS DE ARTISTAS E FAZEDORES DE CULTURA PARA COMPOR A… — FUNDACAO EDUCACIONAL E CULTURAL DE CARAGUATA;FUNDACAO EDUCACIONAL E CULTURAL DE CARAGUATATUBA;verificação individual na fonte oficial;valida_fora_abrangencia;fora;poder_publico;credenciamento;2027-02-09;https://pncp.gov.br/app/editais/67652750000119/2026/21;8;sem_evidencia;False;op-24fdc5889aab;confirmado;confirmado;não localizado;não localizado;confirmado;confirmado;confirmado;confirmado;não localizado;não localizado;confirmado;confirmado;Credenciamento contínuo de artistas da FUNDACC até 09/02/2027, R$ 1,1 mi estimado. É contratação de serviços artísticos em SP, fora da abrangência. Não serve à A.M.C.
SP · Cultura;agr-2f7dca67aa92;CREDENCIAMENTO DE MONITORES PARA OFICINAS DE DANÇA E MÚSICA EM DIVERSAS MODALIDADES — MUNICIPIO DE ANDRADINA;Prefeitura Municipal de Andradina;verificação individual na fonte oficial;valida_fora_abrangencia;fora;poder_publico;credenciamento;2027-04-02;https://pncp.gov.br/app/editais/44428506000171/2026/35;12;sem_evidencia;False;op-cc87a0708859;confirmado;confirmado;não informado no edital;não informado no edital;dispensado pelo tipo;confirmado;confirmado;confirmado;confirmado;não informado no edital;confirmado;confirmado;"Credenciamento de PJ para oficinas de dança e música em Andradina/SP, R$ 27/hora-aula, até 02/04/2027. Fora da abrangência; sem interesse para a A.M.C."
SP · Cultura;agr-7548802ecb9c;CREDENCIAMENTO DE PESSOAS JURÍDICAS PARA A PRESTAÇÃO DE SERVIÇOS ARTÍSTICOS NAS ÁREAS DE MÚSICA, AUDIOVISUAL… — MUNICIPIO DA ESTÂNCIA TURÍSTICA DE OLÍ;Prefeitura da Estância Turística de Olímpia — Secretaria de Cultura e Defesa do Folclore;verificação individual na fonte oficial;valida_fora_abrangencia;fora;poder_publico;credenciamento;2027-02-19;https://pncp.gov.br/app/editais/46596151000155/2026/124;12;sem_evidencia;False;sem livro: não é seleção aberta a associações (dispensa/inexigibilidade de chamamento, credenciamento de pessoa física ou compra);confirmado;confirmado;não informado no edital;não informado no edital;confirmado;confirmado;confirmado;confirmado;confirmado;não informado no edital;confirmado;confirmado;"Credenciamento aberto de PJ artísticas em Olímpia/SP até 19/02/2027. Fora da abrangência; sem utilidade para a A.M.C."
SP · Cultura;agr-6e369506ef3d;CREDENCIAMENTO DE PROPOSTAS DE APRESENTAÇÕES ARTÍSTICAS PARA COMPOR A PROGRAMAÇÃO DOS EVENTOS DA SECRETARIA… — MUNICIPIO DE ATIBAIA;Prefeitura Municipal de Atibaia — Secretaria de Cultura;verificação individual na fonte oficial;arquivada_encerrada;fora;poder_publico;credenciamento;;https://pncp.gov.br/app/editais/45279635000108/2026/49;12;sem_evidencia;False;op-cff691786063;confirmado;confirmado;não informado no edital;não informado no edital;confirmado;confirmado;confirmado;confirmado;confirmado;não informado no edital;não informado no edital;confirmado;"Credenciamento artístico de Atibaia/SP anulado após impugnações. Arquivar; pode haver republicação, mas fora da abrangência."
SP · Cultura;agr-b969621c9220;CREDENCIAMENTO E POSSÍVEL CONTRATAÇÃO DE PESSOAS JURÍDICAS PARA PRESTAÇÃO DE SERVIÇOS CULTURAIS, NA CONDIÇÃO DE OFICINEIROS… — MUNICIPIO DE ASSIS;Prefeitura Municipal de Assis — Secretaria Municipal de Cultura;verificação individual na fonte oficial;valida_fora_abrangencia;fora;poder_publico;credenciamento;2027-07-30;https://pncp.gov.br/app/editais/46179941000135/2026/308;12;sem_evidencia;False;op-ada34905cb8e;confirmado;dispensado pelo tipo;confirmado;não informado no edital;confirmado;confirmado;confirmado;confirmado;confirmado;não informado no edital;não informado no edital;confirmado;"Credenciamento permanente de PJ culturais em Assis/SP até 30/07/2027 (R$ 701 mil/ano). Fora da abrangência; sem utilidade direta para a A.M.C."
SP · Cultura;agr-3510f352d52b;CREDENCIAMENTO ELETRÔNICO DE PESSOAS FÍSICAS E JURÍDICAS PARA PRESTAÇÃO DE SERVIÇOS DE APRESENTAÇÕES MUSICAIS… — MUNICIPIO DE DIVINOLANDIA;MUNICIPIO DE DIVINOLANDIA;verificação individual na fonte oficial;pendente;fora;poder_publico;chamamento_publico;;;0;sem_evidencia;False;sem livro: não é seleção aberta a associações (dispensa/inexigibilidade de chamamento, credenciamento de pessoa física ou compra);não localizado;não localizado;não localizado;não localizado;não localizado;não localizado;não localizado;não localizado;não localizado;não localizado;não localizado;não localizado;"Oportunidade municipal paulista não verificada na fonte oficial nesta sessão (API do PNCP retornou HTTP 429 (limite de requisições); conforme o adendo, não se insistiu. Fonte oficial não lida.) Mesmo confirmada, tende a ficar fora da abrangência; próximo passo: reler https://pncp.gov.br/app/editais/46435921000188/2026/136."
SP · Cultura;agr-4c4fa5404afe;Chamamento Público para Credenciamento de artistas de âmbito municipal e regional destinados à realização de… — MUNICIPIO DE MONTEIRO LOBATO;MUNICIPIO DE MONTEIRO LOBATO;verificação individual na fonte oficial;pendente;fora;poder_publico;chamamento_publico;;;0;sem_evidencia;False;op-a5e9f8f793fe;não localizado;não localizado;não localizado;não localizado;não localizado;não localizado;não localizado;não localizado;não localizado;não localizado;não localizado;não localizado;"Oportunidade municipal paulista não verificada na fonte oficial nesta sessão (API do PNCP retornou HTTP 429 (limite de requisições); conforme o adendo, não se insistiu. Fonte oficial não lida.) Mesmo confirmada, tende a ficar fora da abrangência; próximo passo: reler https://pncp.gov.br/app/editais/46643482000107/2026/10."
SP · Cultura;agr-618adb441362;Credenciamento de artistas, com vista a contratações para apresentações musicais na Programação Cultural do… — MUNICIPIO DE MARIAPOLIS;MUNICIPIO DE MARIAPOLIS;verificação individual na fonte oficial;pendente;fora;poder_publico;chamamento_publico;;;0;sem_evidencia;False;op-2399e323a73e;não localizado;não localizado;não localizado;não localizado;não localizado;não localizado;não localizado;não localizado;não localizado;não localizado;não localizado;não localizado;"Oportunidade municipal paulista não verificada na fonte oficial nesta sessão (API do PNCP retornou HTTP 429 (limite de requisições); conforme o adendo, não se insistiu. Fonte oficial não lida.) Mesmo confirmada, tende a ficar fora da abrangência; próximo passo: reler https://pncp.gov.br/app/editais/51405231000116/2026/2."
SP · Cultura;agr-e507455715c2;Credenciamento de profissional para desenvolvimento de oficina pedagógica intercultural de língua materna e… — MUNICIPIO DE TAPIRAI;MUNICIPIO DE TAPIRAI;verificação individual na fonte oficial;pendente;fora;poder_publico;chamamento_publico;;;0;sem_evidencia;False;op-1089e6f55d89;não localizado;não localizado;não localizado;não localizado;não localizado;não localizado;não localizado;não localizado;não localizado;não localizado;não localizado;não localizado;"Oportunidade municipal paulista não verificada na fonte oficial nesta sessão (API do PNCP retornou HTTP 429 (limite de requisições); conforme o adendo, não se insistiu. Fonte oficial não lida.) Mesmo confirmada, tende a ficar fora da abrangência; próximo passo: reler https://pncp.gov.br/app/editais/46634465000103/2026/25."
SP · Cultura;agr-24294c86e66b;Credenciamento para fins de eventual e futura contratação de serviços artísticos de músicos, duplas, trios… — MUNICIPIO DE PEDREGULHO;MUNICIPIO DE PEDREGULHO;verificação individual na fonte oficial;pendente;fora;poder_publico;chamamento_publico;;;0;sem_evidencia;False;op-5d7f1e05a220;não localizado;não localizado;não localizado;não localizado;não localizado;não localizado;não localizado;não localizado;não localizado;não localizado;não localizado;não localizado;"Oportunidade municipal paulista não verificada na fonte oficial nesta sessão (API do PNCP retornou HTTP 429 (limite de requisições); conforme o adendo, não se insistiu. Fonte oficial não lida.) Mesmo confirmada, tende a ficar fora da abrangência; próximo passo: reler https://pncp.gov.br/app/editais/45318466000178/2026/201."
SP · Cultura;agr-4051cba14eb4;Seleção de projetos para firmar termo de execução cultural com recursos da política nacional Aldir Blanc de… — MUNICIPIO DE ITATINGA;MUNICIPIO DE ITATINGA;verificação individual na fonte oficial;pendente;fora;poder_publico;chamamento_publico;;;0;sem_evidencia;False;op-e2f989370174;não localizado;não localizado;não localizado;não localizado;não localizado;não localizado;não localizado;não localizado;não localizado;não localizado;não localizado;não localizado;"Oportunidade municipal paulista não verificada na fonte oficial nesta sessão (API do PNCP retornou HTTP 429 (limite de requisições); conforme o adendo, não se insistiu. Fonte oficial não lida.) Mesmo confirmada, tende a ficar fora da abrangência; próximo passo: reler https://pncp.gov.br/app/editais/46634127000163/2026/1974."
SP · Cultura;agr-4f0cb2a0478f;credenciamento de pessoas físicas, pessoas jurídicas, grupos, coletivos e agentes culturais interessados na… — MUNICIPIO DE PRESIDENTE PRUDENTE;MUNICIPIO DE PRESIDENTE PRUDENTE;estudo local (dados do sistema) — verifi;pendente;fora;poder_publico;credenciamento;;;0;sem_evidencia;False;sem livro: não é seleção aberta a associações (dispensa/inexigibilidade de chamamento, credenciamento de pessoa física ou compra);não localizado;não localizado;não localizado;não localizado;não localizado;não localizado;não localizado;não localizado;não localizado;não localizado;não localizado;não localizado;Estudo local: 0/12 itens já registrados no sistema. Prazo de inscrição e Valor podem ser dispensa pelo tipo (art. 79 da Lei 14.133/2021) se o edital confirmar cadastramento permanente e tabela fixa. Próximo passo: ler o edital no PNCP/diário pelo navegador e fechar os itens em falta.
SP · Educação;7147b501ca7e398929c3;"Diário Oficial de Iracemápolis (SP) 2026-08-14 — ""edital de chamamento público"" associação";Prefeitura Municipal de Iracemápolis;estudo local (dados do sistema) — verifi;pendente;fora;poder_publico;chamamento_publico;;https://iracemapolis.siscam.com.br/arquivo?Id=41354;7;pistas_locais_a_confirmar;False;sem livro: fora da abrangência: oportunidade pública municipal de outro estado (só Goiás tem livros municipais);confirmado;não localizado;não localizado;não localizado;não localizado;confirmado;confirmado;confirmado;não localizado;confirmado;confirmado;confirmado;Estudo local: 7/12 itens já registrados no sistema. Chamamento/edital com seleção: nenhum item é dispensável pelo tipo. Próximo passo: ler o edital no PNCP/diário pelo navegador e fechar os itens em falta.
SP · Educação;596e7daa5e97ac628e9e;SECRETARIA MUNICIPAL DE EDUCACAO — Contratação, pelo PODER CONCEDENTE, representado pela SECRETARIA MUNICIPAL DE EDUCAÇÃO (“CONTRATANTE”), de pessoa j;SECRETARIA MUNICIPAL DE EDUCACAO;estudo local (dados do sistema) — verifi;pendente;fora;poder_publico;chamamento_publico;2026-10-16;;0;sem_evidencia;False;op-efcd284e1bc7;não localizado;não localizado;não localizado;não localizado;não localizado;não localizado;não localizado;não localizado;não localizado;não localizado;não localizado;não localizado;Estudo local: 0/12 itens já registrados no sistema. Chamamento/edital com seleção: nenhum item é dispensável pelo tipo. Próximo passo: ler o edital no PNCP/diário pelo navegador e fechar os itens em falta.
SP · Esporte e lazer;edb376915e2eaa590a49;MUNICIPIO DE ARTUR NOGUEIRA — CREDENCIAMENTO (OSC’S) DE EXECUÇÃO DE PROJETO ESPORTIVO VOLTADO Á DIFUSÃO DO ESPORTE E LAZER POR MEIO DA MODALIDADE VOLE;MUNICIPIO DE ARTUR NOGUEIRA;estudo local (dados do sistema) — verifi;pendente;fora;poder_publico;credenciamento;2027-03-08;;0;pistas_locais_a_confirmar;False;op-f56633f577fa;não localizado;não localizado;não localizado;não localizado;não localizado;não localizado;não localizado;não localizado;não localizado;não localizado;não localizado;não localizado;Estudo local: 0/12 itens já registrados no sistema. Prazo de inscrição e Valor podem ser dispensa pelo tipo (art. 79 da Lei 14.133/2021) se o edital confirmar cadastramento permanente e tabela fixa. Próximo passo: ler o edital no PNCP/diário pelo navegador e fechar os itens em falta.
SP · Meio ambiente e clima;02beaaebc68cfe0ebe7b;Seleção de propostas para a celebração de parceria entre o Município de Indaiatuba, por intermédio da Secretaria Municipal de Serviços Urbanos e Meio ;Município de Indaiatuba;estudo local (dados do sistema) — verifi;pendente;fora;poder_publico;chamamento_publico;;https://www.indaiatuba.sp.gov.br/administracao/licitacoes/editais-publicados/4557/;3;sem_evidencia;False;op-3bca4ad026cd;confirmado;não localizado;não localizado;não localizado;não localizado;confirmado;não localizado;confirmado;não localizado;não localizado;não localizado;não localizado;Estudo local: 3/12 itens já registrados no sistema. Chamamento/edital com seleção: nenhum item é dispensável pelo tipo. Próximo passo: ler o edital no PNCP/diário pelo navegador e fechar os itens em falta.
SP · Meio ambiente e clima;96092b26f94706290261;COMANDO DA AERONAUTICA — Habilitação de associação ou cooperativa, para estabelecimento de Termo de Compromisso para coleta seletiva solidária de resí;COMANDO DA AERONAUTICA;estudo local (dados do sistema) — verifi;pendente;fora;poder_publico;chamamento_publico;2026-12-08;;0;sem_evidencia;False;op-94bc0e79405c;não localizado;não localizado;não localizado;não localizado;não localizado;não localizado;não localizado;não localizado;não localizado;não localizado;não localizado;não localizado;Estudo local: 0/12 itens já registrados no sistema. Chamamento/edital com seleção: nenhum item é dispensável pelo tipo. Próximo passo: ler o edital no PNCP/diário pelo navegador e fechar os itens em falta.
SP · Meio ambiente e clima;0c0e5d9749876f121e93;MUNICIPIO DE ARTUR NOGUEIRA — CREDENCIAMENTO DE SELEÇÃO DE ORGANIZAÇÕES DA SOCIEDADE CIVIL (OSC) PARA CELEBRAÇÃO DE TERMO DE COLABORAÇÃO PARA A PRESTA;MUNICIPIO DE ARTUR NOGUEIRA;estudo local (dados do sistema) — verifi;pendente;fora;poder_publico;credenciamento;2026-12-11;;0;pistas_locais_a_confirmar;False;op-2ccc3588d7c5;não localizado;não localizado;não localizado;não localizado;não localizado;não localizado;não localizado;não localizado;não localizado;não localizado;não localizado;não localizado;Estudo local: 0/12 itens já registrados no sistema. Prazo de inscrição e Valor podem ser dispensa pelo tipo (art. 79 da Lei 14.133/2021) se o edital confirmar cadastramento permanente e tabela fixa. Próximo passo: ler o edital no PNCP/diário pelo navegador e fechar os itens em falta.
SP · Meio ambiente e clima;a1bde44f46f05562501c;MUNICIPIO DE ARTUR NOGUEIRA — CREDENCIAMENTO PARA FIRMAR ACORDO DE COOPERAÇÃO TÉCNICA, SEM ÔNUS PARA A ADMINISTRAÇÃO PÚBLICA COM EMPRESA DE ENGENHARIA;MUNICIPIO DE ARTUR NOGUEIRA;estudo local (dados do sistema) — verifi;pendente;fora;poder_publico;credenciamento;2030-09-22;;0;pistas_locais_a_confirmar;False;op-0dfd6fb42c37;não localizado;não localizado;não localizado;não localizado;não localizado;não localizado;não localizado;não localizado;não localizado;não localizado;não localizado;não localizado;Estudo local: 0/12 itens já registrados no sistema. Prazo de inscrição e Valor podem ser dispensa pelo tipo (art. 79 da Lei 14.133/2021) se o edital confirmar cadastramento permanente e tabela fixa. Próximo passo: ler o edital no PNCP/diário pelo navegador e fechar os itens em falta.
SP · Meio ambiente e clima;0f7da70e6f4e43e02e13;"Diário Oficial de Águas de São Pedro (SP) 2026-09-30 — ""chamamento público"" ""organizações da sociedade civil""";;estudo local (dados do sistema) — verifi;pendente;fora;poder_publico;chamamento_publico;;;0;sem_evidencia;False;sem livro: fora da abrangência: oportunidade pública municipal de outro estado (só Goiás tem livros municipais);não localizado;não localizado;não localizado;não localizado;não localizado;não localizado;não localizado;não localizado;não localizado;não localizado;não localizado;não localizado;Estudo local: 0/12 itens já registrados no sistema. Chamamento/edital com seleção: nenhum item é dispensável pelo tipo. Próximo passo: ler o edital no PNCP/diário pelo navegador e fechar os itens em falta.
SP · Outras;be5987c60001d96c436f;MUNICIPIO DE PINDORAMA — CREDENCIAMENTO DE ORGANIZACOES DA SOCIEDADE CIVIL DE PINDORAMA INTERESSADA EM RECEBER DOACAO DE BENS MOVEIS CONSIDERADOS INSE;MUNICIPIO DE PINDORAMA;estudo local (dados do sistema) — verifi;pendente;fora;poder_publico;credenciamento;2027-05-12;;0;sem_evidencia;False;op-c045e35db5b1;não localizado;não localizado;não localizado;não localizado;não localizado;não localizado;não localizado;não localizado;não localizado;não localizado;não localizado;não localizado;Estudo local: 0/12 itens já registrados no sistema. Prazo de inscrição e Valor podem ser dispensa pelo tipo (art. 79 da Lei 14.133/2021) se o edital confirmar cadastramento permanente e tabela fixa. Próximo passo: ler o edital no PNCP/diário pelo navegador e fechar os itens em falta.
SP · Outras;agr-3f80614ddcc8;AVISO DE CHAMAMENTO PÚBLICO Nº 11/2026;Prefeitura Municipal de Itapetininga;estudo local (dados do sistema) — verifi;pendente;fora;poder_publico;chamamento_publico;;https://www.itapetininga.sp.gov.br/licitacao;0;sem_evidencia;False;sem livro: fora da abrangência: oportunidade pública municipal de outro estado (só Goiás tem livros municipais);não localizado;não localizado;não localizado;não localizado;não localizado;não localizado;não localizado;não localizado;não localizado;não localizado;não localizado;não localizado;Estudo local: 0/12 itens já registrados no sistema. Chamamento/edital com seleção: nenhum item é dispensável pelo tipo. Próximo passo: ler o edital no PNCP/diário pelo navegador e fechar os itens em falta.
SP · Pessoa idosa;1d55f83206609420bf2a;MUNICIPIO DE IGUAPE — Credenciamento de Instituições de Longa Permanência para Idosos(ILPIs), classificadas nos Graus I, II e III de complexidade, vis;MUNICIPIO DE IGUAPE;estudo local (dados do sistema) — verifi;pendente;fora;poder_publico;credenciamento;2026-12-31;;0;sem_evidencia;False;op-382b8e9e0446;não localizado;não localizado;não localizado;não localizado;não localizado;não localizado;não localizado;não localizado;não localizado;não localizado;não localizado;não localizado;Estudo local: 0/12 itens já registrados no sistema. Prazo de inscrição e Valor podem ser dispensa pelo tipo (art. 79 da Lei 14.133/2021) se o edital confirmar cadastramento permanente e tabela fixa. Próximo passo: ler o edital no PNCP/diário pelo navegador e fechar os itens em falta.
SP · Pessoa idosa;7c0fa594c3ad2f9ddfbc;MUNICIPIO DE ITAPOLIS — Credenciamento de empresas privadas e/ou instituições de longa permanência para idosos (ILPIs) com ou sem fins lucrativos para;MUNICIPIO DE ITAPOLIS;estudo local (dados do sistema) — verifi;pendente;fora;poder_publico;credenciamento;2027-02-26;;0;sem_evidencia;False;sem livro: não é seleção aberta a associações (dispensa/inexigibilidade de chamamento, credenciamento de pessoa física ou compra);não localizado;não localizado;não localizado;não localizado;não localizado;não localizado;não localizado;não localizado;não localizado;não localizado;não localizado;não localizado;Estudo local: 0/12 itens já registrados no sistema. Prazo de inscrição e Valor podem ser dispensa pelo tipo (art. 79 da Lei 14.133/2021) se o edital confirmar cadastramento permanente e tabela fixa. Próximo passo: ler o edital no PNCP/diário pelo navegador e fechar os itens em falta.
SP · Pessoa idosa;4b7b01fdcbb766bdb605;(UO) ESP-CIA.PTA DE TRENS METROPS-CPTM — Credenciamento de associações e/ou cooperativas de catadores de materiais recicláveis para coleta, transporte;(UO) ESP-CIA.PTA DE TRENS METROPS-CPTM;estudo local (dados do sistema) — verifi;pendente;fora;poder_publico;credenciamento;2027-05-04;;0;sem_evidencia;False;op-4d6ae06a4182;não localizado;não localizado;não localizado;não localizado;não localizado;não localizado;não localizado;não localizado;não localizado;não localizado;não localizado;não localizado;Estudo local: 0/12 itens já registrados no sistema. Prazo de inscrição e Valor podem ser dispensa pelo tipo (art. 79 da Lei 14.133/2021) se o edital confirmar cadastramento permanente e tabela fixa. Próximo passo: ler o edital no PNCP/diário pelo navegador e fechar os itens em falta.
SP · Pessoa idosa;bb204fd7a07ab250912d;MUNICIPIO DE TARUMA — Credenciamento de Instituições de Longa Permanência para Idosos - ILPIs, para acolhimento institucional integral de pessoas idos;MUNICIPIO DE TARUMA;estudo local (dados do sistema) — verifi;pendente;fora;poder_publico;credenciamento;2027-09-19;;0;sem_evidencia;False;op-c1e189d8e647;não localizado;não localizado;não localizado;não localizado;não localizado;não localizado;não localizado;não localizado;não localizado;não localizado;não localizado;não localizado;Estudo local: 0/12 itens já registrados no sistema. Prazo de inscrição e Valor podem ser dispensa pelo tipo (art. 79 da Lei 14.133/2021) se o edital confirmar cadastramento permanente e tabela fixa. Próximo passo: ler o edital no PNCP/diário pelo navegador e fechar os itens em falta.
SP · Pessoa idosa;5699923eaa8f53d1fcb5;MUNICIPIO DE JAGUARIUNA — CH001/2026 (SEOS) - Credenciamento, de caráter não competitivo, de pessoas jurídicas, cooperativas e associações legalmente ;MUNICIPIO DE JAGUARIUNA;estudo local (dados do sistema) — verifi;pendente;fora;poder_publico;credenciamento;2036-05-27;;0;sem_evidencia;False;op-b77a274d9d13;não localizado;não localizado;não localizado;não localizado;não localizado;não localizado;não localizado;não localizado;não localizado;não localizado;não localizado;não localizado;Estudo local: 0/12 itens já registrados no sistema. Prazo de inscrição e Valor podem ser dispensa pelo tipo (art. 79 da Lei 14.133/2021) se o edital confirmar cadastramento permanente e tabela fixa. Próximo passo: ler o edital no PNCP/diário pelo navegador e fechar os itens em falta.
SP · Saúde;7953fb9e3735e1761123;"Diário Oficial de Valinhos (SP) 2026-09-25 — ""edital de chamamento público"" associação";Prefeitura Municipal de Valinhos;estudo local (dados do sistema) — verifi;pendente;fora;poder_publico;chamamento_publico;;;6;pistas_locais_a_confirmar;False;sem livro: fora da abrangência: oportunidade pública municipal de outro estado (só Goiás tem livros municipais);confirmado;não localizado;não localizado;não localizado;confirmado;confirmado;confirmado;confirmado;não localizado;confirmado;não localizado;não localizado;Estudo local: 6/12 itens já registrados no sistema. Chamamento/edital com seleção: nenhum item é dispensável pelo tipo. Próximo passo: ler o edital no PNCP/diário pelo navegador e fechar os itens em falta.
SP · Saúde;op-op-bf48b4a8c63e;"Diário Oficial de Valinhos (SP) 2026-09-25 — ""edital de chamamento público"" associação — Prefeitura Municipal de Valinhos";Prefeitura Municipal de Valinhos;estudo local (dados do sistema) — verifi;pendente;fora;poder_publico;chamamento_publico;;;7;pistas_locais_a_confirmar;False;sem livro: fora da abrangência: oportunidade pública municipal de outro estado (só Goiás tem livros municipais);confirmado;não localizado;não localizado;não localizado;confirmado;confirmado;confirmado;confirmado;não localizado;confirmado;não localizado;confirmado;Estudo local: 7/12 itens já registrados no sistema. Chamamento/edital com seleção: nenhum item é dispensável pelo tipo. Próximo passo: ler o edital no PNCP/diário pelo navegador e fechar os itens em falta.
SP · Saúde;634f365db34a6b63c02b;"Diário Oficial de Valparaíso (SP) 2026-08-27 — ""edital de chamamento público"" associação";PREFEITURA MUNICIPAL DE VALPARAISO;estudo local (dados do sistema) — verifi;pendente;fora;poder_publico;chamamento_publico;;;6;sem_evidencia;False;op-805835db8e7e;confirmado;não localizado;não localizado;não localizado;não localizado;confirmado;confirmado;confirmado;não localizado;confirmado;não localizado;confirmado;Estudo local: 6/12 itens já registrados no sistema. Chamamento/edital com seleção: nenhum item é dispensável pelo tipo. Próximo passo: ler o edital no PNCP/diário pelo navegador e fechar os itens em falta.
SP · Saúde;agr-34a22d843bb8;Edital Prefeitura de Ourinhos 2026: Saúde;Prefeitura de Ourinhos;estudo local (dados do sistema) — verifi;pendente;fora;poder_publico;chamamento_publico;;https://www.ourinhos.sp.gov.br/portal/editais/1;3;sem_evidencia;False;sem livro: fora da abrangência: oportunidade pública municipal de outro estado (só Goiás tem livros municipais);não localizado;não localizado;não localizado;não localizado;não localizado;confirmado;confirmado;confirmado;não localizado;não localizado;não localizado;não localizado;Estudo local: 3/12 itens já registrados no sistema. Chamamento/edital com seleção: nenhum item é dispensável pelo tipo. Próximo passo: ler o edital no PNCP/diário pelo navegador e fechar os itens em falta.
SP · Saúde;07058d13f051c4fa41cd;MUNICIPIO DE JACAREI — CHAMADA PÚBLICA Nº 03/2026 - SEMAPLAN- SELEÇÃO DE ORGANIZAÇÃO DA SOCIEDADE CIVIL (OSC) PARA CELEBRAÇÃO DE TERMO DE COLABORAÇÃO ;MUNICIPIO DE JACAREI;estudo local (dados do sistema) — verifi;pendente;fora;poder_publico;chamamento_publico;2026-10-17;;0;sem_evidencia;False;op-9fc0f65335a3;não localizado;não localizado;não localizado;não localizado;não localizado;não localizado;não localizado;não localizado;não localizado;não localizado;não localizado;não localizado;Estudo local: 0/12 itens já registrados no sistema. Chamamento/edital com seleção: nenhum item é dispensável pelo tipo. Próximo passo: ler o edital no PNCP/diário pelo navegador e fechar os itens em falta.
SP · Saúde;71fcb68f30c6590a44dd;FUNDO MUNICIPAL DE SAUDE - FMS — CREDENCIAMENTO DE ENTIDADES PRIVADAS SEM FINS LUCRATIVOS COM FINALIDADE ESTATUTÁRIA COMPATÍVEL COM SAÚDE E PROTEÇÃO A;FUNDO MUNICIPAL DE SAUDE - FMS;estudo local (dados do sistema) — verifi;pendente;fora;poder_publico;credenciamento;2026-10-23;;0;sem_evidencia;False;op-da70036250f5;não localizado;não localizado;não localizado;não localizado;não localizado;não localizado;não localizado;não localizado;não localizado;não localizado;não localizado;não localizado;Estudo local: 0/12 itens já registrados no sistema. Prazo de inscrição e Valor podem ser dispensa pelo tipo (art. 79 da Lei 14.133/2021) se o edital confirmar cadastramento permanente e tabela fixa. Próximo passo: ler o edital no PNCP/diário pelo navegador e fechar os itens em falta.
SP · Saúde;d810b5f262c0ac09c067;MUNICIPIO DE ARTUR NOGUEIRA — EDITAL DE CREDENCIAMENTO PARA PARCERIA EM REGIME DE COLABORAÇÃO ENTRE A SECRETARIA DE EDUCAÇÃO E ORGANIZAÇÃO DA SOCIEDAD;MUNICIPIO DE ARTUR NOGUEIRA;estudo local (dados do sistema) — verifi;pendente;fora;poder_publico;credenciamento;2030-11-25;;0;pistas_locais_a_confirmar;False;op-b140f48b9f42;não localizado;não localizado;não localizado;não localizado;não localizado;não localizado;não localizado;não localizado;não localizado;não localizado;não localizado;não localizado;Estudo local: 0/12 itens já registrados no sistema. Prazo de inscrição e Valor podem ser dispensa pelo tipo (art. 79 da Lei 14.133/2021) se o edital confirmar cadastramento permanente e tabela fixa. Próximo passo: ler o edital no PNCP/diário pelo navegador e fechar os itens em falta.
SP · Saúde;1e32fb4e311c1c01b2ef;CONSIRC - CONSORCIO PUBLICO INTERMUNICIPAL DE SAUDE DA REGIAO DE CATANDUVA — CREDENCIAMENTO DE PESSOA(S) JURÍDICA(S) OU PESSOA(S) FÍSICA(S) PARA PREST;CONSIRC - CONSORCIO PUBLICO INTERMUNICIPAL DE SAUDE DA REGIAO DE CATANDUVA;estudo local (dados do sistema) — verifi;pendente;fora;poder_publico;credenciamento;2031-09-15;;0;sem_evidencia;False;op-4b499e8906e4;não localizado;não localizado;não localizado;não localizado;não localizado;não localizado;não localizado;não localizado;não localizado;não localizado;não localizado;não localizado;Estudo local: 0/12 itens já registrados no sistema. Prazo de inscrição e Valor podem ser dispensa pelo tipo (art. 79 da Lei 14.133/2021) se o edital confirmar cadastramento permanente e tabela fixa. Próximo passo: ler o edital no PNCP/diário pelo navegador e fechar os itens em falta.
SP · Saúde;agr-78f8b41235be;Fundação Tide Setubal abre edital com apoio de R$ 200 mil para projetos de saúde mental;;estudo local (dados do sistema) — verifi;pendente;fora;poder_publico;chamamento_publico;;https://conteudo.fundacaotidesetubal.org.br/edital-territorios-clinicos-2026;0;sem_evidencia;False;op-93424573d587;não localizado;não localizado;não localizado;não localizado;não localizado;não localizado;não localizado;não localizado;não localizado;não localizado;não localizado;não localizado;Estudo local: 0/12 itens já registrados no sistema. Chamamento/edital com seleção: nenhum item é dispensável pelo tipo. Próximo passo: ler o edital no PNCP/diário pelo navegador e fechar os itens em falta.
MG · Chamamentos em diário oficial;8fd771d634dd4b775e81;"Diário Oficial de Nova Serrana (MG) 2026-09-24 — ""edital de chamamento público"" associação";PREFEITURA MUNICIPAL DE NOVA SERRANA/MG;estudo local (dados do sistema) — verifi;pendente;fora;poder_publico;credenciamento;;https://www.novaserrana.mg.gov.br/portal/editais/1;5;pistas_locais_a_confirmar;False;sem livro: fora da abrangência: oportunidade pública municipal de outro estado (só Goiás tem livros municipais);confirmado;não localizado;não localizado;não localizado;não localizado;confirmado;confirmado;confirmado;não localizado;confirmado;não localizado;não localizado;Estudo local: 5/12 itens já registrados no sistema. Prazo de inscrição e Valor podem ser dispensa pelo tipo (art. 79 da Lei 14.133/2021) se o edital confirmar cadastramento permanente e tabela fixa. Próximo passo: ler o edital no PNCP/diário pelo navegador e fechar os itens em falta.
MG · Chamamentos em diário oficial;a5dddf11624e3e49d2dc;"Diário Oficial de Uberaba (MG) 2026-09-14 — ""edital de chamamento público"" associação";ESTADO DE MINAS GERAIS, por intermédio da SECRETARIA DE ESTADO DE SAÚDE – SES/MG;estudo local (dados do sistema) — verifi;pendente;fora;poder_publico;chamamento_publico;;https://www.saude.mg.gov.br/transparencia/;4;sem_evidencia;False;sem livro: fora da abrangência: oportunidade pública municipal de outro estado (só Goiás tem livros municipais);não localizado;não localizado;não localizado;não localizado;não localizado;confirmado;confirmado;confirmado;não localizado;confirmado;não localizado;não localizado;Estudo local: 4/12 itens já registrados no sistema. Chamamento/edital com seleção: nenhum item é dispensável pelo tipo. Próximo passo: ler o edital no PNCP/diário pelo navegador e fechar os itens em falta.
MG · Chamamentos em diário oficial;8cb3d18426bd689effff;"Diário Oficial de Campo Belo (MG) 2026-09-29 — ""chamamento público"" ""organizações da sociedade civil""";;estudo local (dados do sistema) — verifi;pendente;fora;poder_publico;chamamento_publico;;;0;sem_evidencia;False;sem livro: fora da abrangência: oportunidade pública municipal de outro estado (só Goiás tem livros municipais);não localizado;não localizado;não localizado;não localizado;não localizado;não localizado;não localizado;não localizado;não localizado;não localizado;não localizado;não localizado;Estudo local: 0/12 itens já registrados no sistema. Chamamento/edital com seleção: nenhum item é dispensável pelo tipo. Próximo passo: ler o edital no PNCP/diário pelo navegador e fechar os itens em falta.
MG · Chamamentos em diário oficial;28e594af7408f6b646b6;"Diário Oficial de Salinas (MG) 2026-09-28 — ""chamamento público"" ""organizações da sociedade civil""";;estudo local (dados do sistema) — verifi;pendente;fora;poder_publico;chamamento_publico;;;0;sem_evidencia;False;sem livro: fora da abrangência: oportunidade pública municipal de outro estado (só Goiás tem livros municipais);não localizado;não localizado;não localizado;não localizado;não localizado;não localizado;não localizado;não localizado;não localizado;não localizado;não localizado;não localizado;Estudo local: 0/12 itens já registrados no sistema. Chamamento/edital com seleção: nenhum item é dispensável pelo tipo. Próximo passo: ler o edital no PNCP/diário pelo navegador e fechar os itens em falta.
MG · Chamamentos em diário oficial;80e9e36331d76ce6f0c7;"Diário Oficial de Salinas (MG) 2026-09-30 — ""chamamento público"" ""organizações da sociedade civil""";;estudo local (dados do sistema) — verifi;pendente;fora;poder_publico;chamamento_publico;;;0;sem_evidencia;False;sem livro: fora da abrangência: oportunidade pública municipal de outro estado (só Goiás tem livros municipais);não localizado;não localizado;não localizado;não localizado;não localizado;não localizado;não localizado;não localizado;não localizado;não localizado;não localizado;não localizado;Estudo local: 0/12 itens já registrados no sistema. Chamamento/edital com seleção: nenhum item é dispensável pelo tipo. Próximo passo: ler o edital no PNCP/diário pelo navegador e fechar os itens em falta.
MG · Cultura;2f85462b05516caee710;"Diário Oficial de Uberaba (MG) 2026-09-22 — ""edital de chamamento público"" associação";Município de Uberaba;estudo local (dados do sistema) — verifi;pendente;fora;poder_publico;chamamento_publico;;https://www.folhauberaba.com.br/fundacao-cultural-de-uberaba-publica-editais-da-pnab-de-fomento-a-cultura/;9;pistas_locais_a_confirmar;False;sem livro: fora da abrangência: oportunidade pública municipal de outro estado (só Goiás tem livros municipais);confirmado;não localizado;não localizado;não localizado;confirmado;confirmado;confirmado;confirmado;confirmado;confirmado;confirmado;confirmado;Estudo local: 9/12 itens já registrados no sistema. Chamamento/edital com seleção: nenhum item é dispensável pelo tipo. Próximo passo: ler o edital no PNCP/diário pelo navegador e fechar os itens em falta.
MG · Cultura;a2f833bf388f4584743c;SELEÇÃO DE PROJETOS CULTURAIS PARA FOMENTO À EXECUÇÃO DE AÇÕES CULTURAIS COM RECURSOS DA POLÍTICA NACIONAL ALDIR BLANC DE FOMENTO À CULTURA-PNAB LEI N;PNCP - Portal Nacional de Contratações Públicas;estudo local (dados do sistema) — verifi;pendente;fora;poder_publico;chamamento_publico;;;0;sem_evidencia;False;op-ca8d792fd7ea;não localizado;não localizado;não localizado;não localizado;não localizado;não localizado;não localizado;não localizado;não localizado;não localizado;não localizado;não localizado;Estudo local: 0/12 itens já registrados no sistema. Chamamento/edital com seleção: nenhum item é dispensável pelo tipo. Próximo passo: ler o edital no PNCP/diário pelo navegador e fechar os itens em falta.
MG · Cultura;9c84a8750b5212859261;MUNICIPIO DE PIRAPETINGA — Seleção e concessão de fomento à execução de ações culturais por meio de projetos, com recursos da Política Nacional Aldir ;MUNICIPIO DE PIRAPETINGA;estudo local (dados do sistema) — verifi;pendente;fora;poder_publico;chamamento_publico;2026-10-09;;0;sem_evidencia;False;sem livro: não é seleção aberta a associações (dispensa/inexigibilidade de chamamento, credenciamento de pessoa física ou compra);não localizado;não localizado;não localizado;não localizado;não localizado;não localizado;não localizado;não localizado;não localizado;não localizado;não localizado;não localizado;Estudo local: 0/12 itens já registrados no sistema. Chamamento/edital com seleção: nenhum item é dispensável pelo tipo. Próximo passo: ler o edital no PNCP/diário pelo navegador e fechar os itens em falta.
MG · Cultura;f83f0ffc5b5012122392;MUNICIPIO DE LAGOA SANTA — CREDENCIAMENTO DE PROPOSTAS ARTÍSTICAS, INDIVIDUAIS, E/OU COLETIVOS, E PROFISSIONAIS DE SEGUIMENTOS ARTÍSTICOCULTURAIS, PAR;MUNICIPIO DE LAGOA SANTA;estudo local (dados do sistema) — verifi;pendente;fora;poder_publico;credenciamento;2027-04-10;;0;sem_evidencia;False;op-ea5dcc842783;não localizado;não localizado;não localizado;não localizado;não localizado;não localizado;não localizado;não localizado;não localizado;não localizado;não localizado;não localizado;Estudo local: 0/12 itens já registrados no sistema. Prazo de inscrição e Valor podem ser dispensa pelo tipo (art. 79 da Lei 14.133/2021) se o edital confirmar cadastramento permanente e tabela fixa. Próximo passo: ler o edital no PNCP/diário pelo navegador e fechar os itens em falta.
MG · Cultura;1a9d84e79fddc5eb04ff;MUNICIPIO DE CONFINS — CHAMADA PÚBLICA PARA CREDENCIAMENTO DE ARTISTAS, BANDAS, GRUPOS CULTURAIS, COLETIVOS ARTÍSTICOS, PROFISSIONAIS DO AUDIOVISUAL E;MUNICIPIO DE CONFINS;estudo local (dados do sistema) — verifi;pendente;fora;poder_publico;credenciamento;2027-06-01;;0;pistas_locais_a_confirmar;False;op-1d10c500fc10;não localizado;não localizado;não localizado;não localizado;não localizado;não localizado;não localizado;não localizado;não localizado;não localizado;não localizado;não localizado;Estudo local: 0/12 itens já registrados no sistema. Prazo de inscrição e Valor podem ser dispensa pelo tipo (art. 79 da Lei 14.133/2021) se o edital confirmar cadastramento permanente e tabela fixa. Próximo passo: ler o edital no PNCP/diário pelo navegador e fechar os itens em falta.
MG · Cultura;b8cad0469985df74852f;MUNICIPIO DE JURUAIA — CREDENCIAMENTO ELETRÔNICO PARA RECEBIMENTO DE PROPOSTAS DE PESSOAS FÍSICAS E JURÍDICAS INTERESSADAS NA PRESTAÇÃO DE SERVIÇOS AR;MUNICIPIO DE JURUAIA;estudo local (dados do sistema) — verifi;pendente;fora;poder_publico;credenciamento;2027-08-03;;0;sem_evidencia;False;sem livro: não é seleção aberta a associações (dispensa/inexigibilidade de chamamento, credenciamento de pessoa física ou compra);não localizado;não localizado;não localizado;não localizado;não localizado;não localizado;não localizado;não localizado;não localizado;não localizado;não localizado;não localizado;Estudo local: 0/12 itens já registrados no sistema. Prazo de inscrição e Valor podem ser dispensa pelo tipo (art. 79 da Lei 14.133/2021) se o edital confirmar cadastramento permanente e tabela fixa. Próximo passo: ler o edital no PNCP/diário pelo navegador e fechar os itens em falta.
MG · Cultura;agr-e4b295e12e4f;CONTRATAÇÃO DE ARTISTAS (INDIVIDUAIS OU GRUPOS), BANDAS, DJ’S, LOCUTORES, LOCAÇÃO DE EQUIPAMENTOS E GRUPOS… — MUNICIPIO DE CHAPADA GAUCHA;MUNICIPIO DE CHAPADA GAUCHA;estudo local (dados do sistema) — verifi;pendente;fora;poder_publico;chamamento_publico;;;0;sem_evidencia;False;op-c1e9943dc4f4;não localizado;não localizado;não localizado;não localizado;não localizado;não localizado;não localizado;não localizado;não localizado;não localizado;não localizado;não localizado;Estudo local: 0/12 itens já registrados no sistema. Chamamento/edital com seleção: nenhum item é dispensável pelo tipo. Próximo passo: ler o edital no PNCP/diário pelo navegador e fechar os itens em falta.
MG · Cultura;agr-4dfc1f34024c;CONTRATAÇÃO DE ARTISTAS LOCAIS E REGIONAIS PARA APRESENTAÇÕES ARTÍSTICAS E CULTURAIS REMUNERADA A HORA POR… — MUNICIPIO DE ALVARENGA;MUNICIPIO DE ALVARENGA;estudo local (dados do sistema) — verifi;pendente;fora;poder_publico;chamamento_publico;;;0;sem_evidencia;False;op-f169d35b6065;não localizado;não localizado;não localizado;não localizado;não localizado;não localizado;não localizado;não localizado;não localizado;não localizado;não localizado;não localizado;Estudo local: 0/12 itens já registrados no sistema. Chamamento/edital com seleção: nenhum item é dispensável pelo tipo. Próximo passo: ler o edital no PNCP/diário pelo navegador e fechar os itens em falta.
MG · Cultura;agr-ea2e5f24f29e;CONTRATAÇÃO DE SHOWS ARTÍSTICOS ( BANDAS E/OU ARTISTAS) PARA APRESENTAÇÕES MUSICAIS, EM DIFERENTES ESTILOS… — MUNICIPIO DE IBIRACATU;MUNICIPIO DE IBIRACATU;estudo local (dados do sistema) — verifi;pendente;fora;poder_publico;chamamento_publico;;;0;sem_evidencia;False;op-75c21dd75ec7;não localizado;não localizado;não localizado;não localizado;não localizado;não localizado;não localizado;não localizado;não localizado;não localizado;não localizado;não localizado;Estudo local: 0/12 itens já registrados no sistema. Chamamento/edital com seleção: nenhum item é dispensável pelo tipo. Próximo passo: ler o edital no PNCP/diário pelo navegador e fechar os itens em falta.
MG · Cultura;agr-7d75cab38b18;CREDENCIAMENTO DE ARTISTAS E/OU BANDAS MUSICAIS PARA REALIZAÇÃO DE APRESENTAÇÕES MUSICAIS AO VIVO, VISANDO… — MUNICIPIO DE PIUMHI;MUNICIPIO DE PIUMHI;estudo local (dados do sistema) — verifi;pendente;fora;poder_publico;credenciamento;;;0;sem_evidencia;False;op-086421c75e5b;não localizado;não localizado;não localizado;não localizado;não localizado;não localizado;não localizado;não localizado;não localizado;não localizado;não localizado;não localizado;Estudo local: 0/12 itens já registrados no sistema. Prazo de inscrição e Valor podem ser dispensa pelo tipo (art. 79 da Lei 14.133/2021) se o edital confirmar cadastramento permanente e tabela fixa. Próximo passo: ler o edital no PNCP/diário pelo navegador e fechar os itens em falta.
MG · Cultura;agr-757402dfda9c;CREDENCIAMENTO DE ARTISTAS LOCAIS, A FIM DE POSSIBILITAR CONTRATAÇÕES FUTURAS AO MUNICÍPIO DOS SERVIÇOS DE… — MUNICIPIO DE FORMIGA;MUNICIPIO DE FORMIGA;estudo local (dados do sistema) — verifi;pendente;fora;poder_publico;credenciamento;;;0;sem_evidencia;False;op-ebab83bc078b;não localizado;não localizado;não localizado;não localizado;não localizado;não localizado;não localizado;não localizado;não localizado;não localizado;não localizado;não localizado;Estudo local: 0/12 itens já registrados no sistema. Prazo de inscrição e Valor podem ser dispensa pelo tipo (art. 79 da Lei 14.133/2021) se o edital confirmar cadastramento permanente e tabela fixa. Próximo passo: ler o edital no PNCP/diário pelo navegador e fechar os itens em falta.
MG · Cultura;agr-7edbb5e0ac9a;CREDENCIAMENTO DE ARTISTAS LOCAIS, COM FINALIDADE DE PROMOVER APRESENTAÇÕES NOS EVENTOS REALIZADOS NA SEDE… — MUNICIPIO DE MINAS NOVAS;MUNICIPIO DE MINAS NOVAS;estudo local (dados do sistema) — verifi;pendente;fora;poder_publico;credenciamento;;;0;sem_evidencia;False;op-d0d78bef7578;não localizado;não localizado;não localizado;não localizado;não localizado;não localizado;não localizado;não localizado;não localizado;não localizado;não localizado;não localizado;Estudo local: 0/12 itens já registrados no sistema. Prazo de inscrição e Valor podem ser dispensa pelo tipo (art. 79 da Lei 14.133/2021) se o edital confirmar cadastramento permanente e tabela fixa. Próximo passo: ler o edital no PNCP/diário pelo navegador e fechar os itens em falta.
MG · Cultura;agr-76dc68082a76;CREDENCIAMENTO DE ARTISTAS LOCAIS, PARA FUTURA E EVENTUAL CONTRATAÇÃO DE APRESENTAÇÕES MUSICAIS DO GÊNERO… — MUNICIPIO DE NINHEIRA;MUNICIPIO DE NINHEIRA;estudo local (dados do sistema) — verifi;pendente;fora;poder_publico;credenciamento;;;0;sem_evidencia;False;op-aa52a1f4d990;não localizado;não localizado;não localizado;não localizado;não localizado;não localizado;não localizado;não localizado;não localizado;não localizado;não localizado;não localizado;Estudo local: 0/12 itens já registrados no sistema. Prazo de inscrição e Valor podem ser dispensa pelo tipo (art. 79 da Lei 14.133/2021) se o edital confirmar cadastramento permanente e tabela fixa. Próximo passo: ler o edital no PNCP/diário pelo navegador e fechar os itens em falta.
MG · Cultura;agr-ba5bff968c84;CREDENCIAMENTO DE ARTISTAS LOCAIS/REGIONAIS PARA APRESENTAÇÃO DE SHOWS MUSICAIS NAS FESTIVIDADES E EVENTOS… — MUNICIPIO DE FRANCISCO SA;MUNICIPIO DE FRANCISCO SA;estudo local (dados do sistema) — verifi;pendente;fora;poder_publico;credenciamento;;;0;sem_evidencia;False;op-bfe369817103;não localizado;não localizado;não localizado;não localizado;não localizado;não localizado;não localizado;não localizado;não localizado;não localizado;não localizado;não localizado;Estudo local: 0/12 itens já registrados no sistema. Prazo de inscrição e Valor podem ser dispensa pelo tipo (art. 79 da Lei 14.133/2021) se o edital confirmar cadastramento permanente e tabela fixa. Próximo passo: ler o edital no PNCP/diário pelo navegador e fechar os itens em falta.
MG · Cultura;agr-9b509448a8c6;CREDENCIAMENTO DE ARTISTAS NAS SEGUINTES CATEGORIAS: CANTOR SOLO, BANDA, DJ E LOCUTOR DE EVENTOS, PARA… — MUNICIPIO DE SAO MIGUEL DO ANTA;MUNICIPIO DE SAO MIGUEL DO ANTA;estudo local (dados do sistema) — verifi;pendente;fora;poder_publico;credenciamento;;;0;sem_evidencia;False;op-481a3b3bdea6;não localizado;não localizado;não localizado;não localizado;não localizado;não localizado;não localizado;não localizado;não localizado;não localizado;não localizado;não localizado;Estudo local: 0/12 itens já registrados no sistema. Prazo de inscrição e Valor podem ser dispensa pelo tipo (art. 79 da Lei 14.133/2021) se o edital confirmar cadastramento permanente e tabela fixa. Próximo passo: ler o edital no PNCP/diário pelo navegador e fechar os itens em falta.
MG · Cultura;agr-4c05618037f1;CREDENCIAMENTO DE ARTISTAS, BANDAS OU GRUPOS MUSICAIS AMADORES, DE RENOME LOCAL E REGIONAL, E BANDAS DE… — MUNICIPIO DE FELICIO DOS SANTOS;MUNICIPIO DE FELICIO DOS SANTOS;estudo local (dados do sistema) — verifi;pendente;fora;poder_publico;credenciamento;;;0;sem_evidencia;False;op-48bed3d9211f;não localizado;não localizado;não localizado;não localizado;não localizado;não localizado;não localizado;não localizado;não localizado;não localizado;não localizado;não localizado;Estudo local: 0/12 itens já registrados no sistema. Prazo de inscrição e Valor podem ser dispensa pelo tipo (art. 79 da Lei 14.133/2021) se o edital confirmar cadastramento permanente e tabela fixa. Próximo passo: ler o edital no PNCP/diário pelo navegador e fechar os itens em falta.
MG · Cultura;agr-c706419f91fd;CREDENCIAMENTO DE ARTISTAS, CANTORES, DUPLAS, BANDAS, GRUPOS MUSICAIS, DJS, LOCUTORES/APRESENTADORES, MESTRES… — MUNICIPIO DE PASSABEM;MUNICIPIO DE PASSABEM;estudo local (dados do sistema) — verifi;pendente;fora;poder_publico;credenciamento;;;0;sem_evidencia;False;op-11357518d057;não localizado;não localizado;não localizado;não localizado;não localizado;não localizado;não localizado;não localizado;não localizado;não localizado;não localizado;não localizado;Estudo local: 0/12 itens já registrados no sistema. Prazo de inscrição e Valor podem ser dispensa pelo tipo (art. 79 da Lei 14.133/2021) se o edital confirmar cadastramento permanente e tabela fixa. Próximo passo: ler o edital no PNCP/diário pelo navegador e fechar os itens em falta.
MG · Cultura;agr-3e0357f101a7;CREDENCIAMENTO DE ARTISTAS, DJS, DUPLAS E BANDAS PARA REALIZAÇÃO DE APRESENTAÇÕES ARTÍSTICAS EM EVENTOS… — MUNICIPIO DE URUANA DE MINAS;MUNICIPIO DE URUANA DE MINAS;estudo local (dados do sistema) — verifi;pendente;fora;poder_publico;credenciamento;;;0;sem_evidencia;False;op-35951d75eea9;não localizado;não localizado;não localizado;não localizado;não localizado;não localizado;não localizado;não localizado;não localizado;não localizado;não localizado;não localizado;Estudo local: 0/12 itens já registrados no sistema. Prazo de inscrição e Valor podem ser dispensa pelo tipo (art. 79 da Lei 14.133/2021) se o edital confirmar cadastramento permanente e tabela fixa. Próximo passo: ler o edital no PNCP/diário pelo navegador e fechar os itens em falta.
MG · Cultura;agr-8b75b654bad4;CREDENCIAMENTO DE ARTISTAS, GRUPOS E BANDAS MUSICAIS PARA REALIZAÇÃO DE APRESENTAÇÕES ARTÍSTICAS EM EVENTOS… — MUNICIPIO DE RIO VERMELHO;MUNICIPIO DE RIO VERMELHO;estudo local (dados do sistema) — verifi;pendente;fora;poder_publico;credenciamento;;;0;sem_evidencia;False;op-07bbaca312c5;não localizado;não localizado;não localizado;não localizado;não localizado;não localizado;não localizado;não localizado;não localizado;não localizado;não localizado;não localizado;Estudo local: 0/12 itens já registrados no sistema. Prazo de inscrição e Valor podem ser dispensa pelo tipo (art. 79 da Lei 14.133/2021) se o edital confirmar cadastramento permanente e tabela fixa. Próximo passo: ler o edital no PNCP/diário pelo navegador e fechar os itens em falta.
MG · Cultura;agr-b4327e111615;CREDENCIAMENTO DE CANTORES E BANDAS LOCAIS E REGIONAIS, PARA A REALIZAÇÃO DE APRESENTAÇÕES MUSICAIS AO VIVO… — MUNICIPIO DE NOVA SERRANA;MUNICIPIO DE NOVA SERRANA;estudo local (dados do sistema) — verifi;pendente;fora;poder_publico;credenciamento;;;0;pistas_locais_a_confirmar;False;op-2cf694599fca;não localizado;não localizado;não localizado;não localizado;não localizado;não localizado;não localizado;não localizado;não localizado;não localizado;não localizado;não localizado;Estudo local: 0/12 itens já registrados no sistema. Prazo de inscrição e Valor podem ser dispensa pelo tipo (art. 79 da Lei 14.133/2021) se o edital confirmar cadastramento permanente e tabela fixa. Próximo passo: ler o edital no PNCP/diário pelo navegador e fechar os itens em falta.
MG · Cultura;agr-beefc6426e67;CREDENCIAMENTO DE CANTORES, ARTISTAS SOLO E GRUPOS MUSICAIS PARA ATENDER AOS EVENTOS PROMOVIDOS OU APOIADOS… — MUNICIPIO DE LAMIM;MUNICIPIO DE LAMIM;estudo local (dados do sistema) — verifi;pendente;fora;poder_publico;credenciamento;;;0;sem_evidencia;False;op-62be28037c2f;não localizado;não localizado;não localizado;não localizado;não localizado;não localizado;não localizado;não localizado;não localizado;não localizado;não localizado;não localizado;Estudo local: 0/12 itens já registrados no sistema. Prazo de inscrição e Valor podem ser dispensa pelo tipo (art. 79 da Lei 14.133/2021) se o edital confirmar cadastramento permanente e tabela fixa. Próximo passo: ler o edital no PNCP/diário pelo navegador e fechar os itens em falta.
MG · Cultura;agr-572354e313a0;CREDENCIAMENTO DE EMPRESAS OU PROFISSIONAIS HABILITADOS PARA REALIZAÇÃO DE SHOWS ARTÍSTICOS (BANDAS, DUPLAS… — MUNICIPIO DE ESTRELA DO INDAIA;MUNICIPIO DE ESTRELA DO INDAIA;estudo local (dados do sistema) — verifi;pendente;fora;poder_publico;credenciamento;;;0;sem_evidencia;False;sem livro: não é seleção aberta a associações (dispensa/inexigibilidade de chamamento, credenciamento de pessoa física ou compra);não localizado;não localizado;não localizado;não localizado;não localizado;não localizado;não localizado;não localizado;não localizado;não localizado;não localizado;não localizado;Estudo local: 0/12 itens já registrados no sistema. Prazo de inscrição e Valor podem ser dispensa pelo tipo (art. 79 da Lei 14.133/2021) se o edital confirmar cadastramento permanente e tabela fixa. Próximo passo: ler o edital no PNCP/diário pelo navegador e fechar os itens em falta.
MG · Cultura;agr-22dac9a69074;CREDENCIAMENTO DE GRUPOS, BANDAS E ARTISTAS MUSICAIS, EM DIFERENTES ESTILOS, PARA ATENDER AOS EVENTOS… — MUNICIPIO DE CORACAO DE JESUS;MUNICIPIO DE CORACAO DE JESUS;estudo local (dados do sistema) — verifi;pendente;fora;poder_publico;credenciamento;;;0;sem_evidencia;False;op-e84e8b05cb33;não localizado;não localizado;não localizado;não localizado;não localizado;não localizado;não localizado;não localizado;não localizado;não localizado;não localizado;não localizado;Estudo local: 0/12 itens já registrados no sistema. Prazo de inscrição e Valor podem ser dispensa pelo tipo (art. 79 da Lei 14.133/2021) se o edital confirmar cadastramento permanente e tabela fixa. Próximo passo: ler o edital no PNCP/diário pelo navegador e fechar os itens em falta.
MG · Cultura;agr-5d0b1a58adb5;CREDENCIAMENTO DE INTERESSADOS PARA APRESENTAÇÃO MUSICAL E ARTÍSTICA EM EVENTOS PROMOVIDOS PELA SECRETARIA DE… — MUNICIPIO DE POUSO ALEGRE;MUNICIPIO DE POUSO ALEGRE;estudo local (dados do sistema) — verifi;pendente;fora;poder_publico;credenciamento;;;0;sem_evidencia;False;op-e0f13d445e16;não localizado;não localizado;não localizado;não localizado;não localizado;não localizado;não localizado;não localizado;não localizado;não localizado;não localizado;não localizado;Estudo local: 0/12 itens já registrados no sistema. Prazo de inscrição e Valor podem ser dispensa pelo tipo (art. 79 da Lei 14.133/2021) se o edital confirmar cadastramento permanente e tabela fixa. Próximo passo: ler o edital no PNCP/diário pelo navegador e fechar os itens em falta.
MG · Cultura;agr-d923f4ca10ec;CREDENCIAMENTO DE PESSOAS FÍSICAS E JURÍDICAS, INCLUSIVE MICROEMPREENDEDORES INDIVIDUAIS, ARTISTAS, MÚSICOS… — MUNICIPIO DE SERRANOPOLIS DE MINAS;MUNICIPIO DE SERRANOPOLIS DE MINAS;estudo local (dados do sistema) — verifi;pendente;fora;poder_publico;credenciamento;;;0;sem_evidencia;False;sem livro: não é seleção aberta a associações (dispensa/inexigibilidade de chamamento, credenciamento de pessoa física ou compra);não localizado;não localizado;não localizado;não localizado;não localizado;não localizado;não localizado;não localizado;não localizado;não localizado;não localizado;não localizado;Estudo local: 0/12 itens já registrados no sistema. Prazo de inscrição e Valor podem ser dispensa pelo tipo (art. 79 da Lei 14.133/2021) se o edital confirmar cadastramento permanente e tabela fixa. Próximo passo: ler o edital no PNCP/diário pelo navegador e fechar os itens em falta.
MG · Cultura;agr-8bd7d5c1e956;CREDENCIAMENTO DE PESSOAS FÍSICAS E/OU JURIDICAS, PRESTADORES DE SERVIÇOS AUTONOMOS ( SEM VINCULO… — MUNICIPIO DE DATAS;MUNICIPIO DE DATAS;estudo local (dados do sistema) — verifi;pendente;fora;poder_publico;credenciamento;;;0;sem_evidencia;False;sem livro: não é seleção aberta a associações (dispensa/inexigibilidade de chamamento, credenciamento de pessoa física ou compra);não localizado;não localizado;não localizado;não localizado;não localizado;não localizado;não localizado;não localizado;não localizado;não localizado;não localizado;não localizado;Estudo local: 0/12 itens já registrados no sistema. Prazo de inscrição e Valor podem ser dispensa pelo tipo (art. 79 da Lei 14.133/2021) se o edital confirmar cadastramento permanente e tabela fixa. Próximo passo: ler o edital no PNCP/diário pelo navegador e fechar os itens em falta.
MG · Cultura;agr-56e7a902a424;CREDENCIAMENTO DE PESSOAS FÍSICAS EOU JURÍDICAS PARA MINISTRAR AULAS DE MÚSICA COM DIVERSOS TIPOS DE… — MUNICIPIO DE CONGONHAS DO NORTE;MUNICIPIO DE CONGONHAS DO NORTE;estudo local (dados do sistema) — verifi;pendente;fora;poder_publico;credenciamento;;;0;sem_evidencia;False;sem livro: não é seleção aberta a associações (dispensa/inexigibilidade de chamamento, credenciamento de pessoa física ou compra);não localizado;não localizado;não localizado;não localizado;não localizado;não localizado;não localizado;não localizado;não localizado;não localizado;não localizado;não localizado;Estudo local: 0/12 itens já registrados no sistema. Prazo de inscrição e Valor podem ser dispensa pelo tipo (art. 79 da Lei 14.133/2021) se o edital confirmar cadastramento permanente e tabela fixa. Próximo passo: ler o edital no PNCP/diário pelo navegador e fechar os itens em falta.
MG · Cultura;agr-4d9877fc587b;CREDENCIAMENTO DE PESSOAS FÍSICAS OU JURÍDICAS PARA CONTRATAÇÃO DE ARTISTAS REGIONAIS, BANDAS MUSICAIS… — MUNICIPIO DE DIVINOLANDIA DE MINAS;MUNICIPIO DE DIVINOLANDIA DE MINAS;estudo local (dados do sistema) — verifi;pendente;fora;poder_publico;credenciamento;;;0;sem_evidencia;False;sem livro: não é seleção aberta a associações (dispensa/inexigibilidade de chamamento, credenciamento de pessoa física ou compra);não localizado;não localizado;não localizado;não localizado;não localizado;não localizado;não localizado;não localizado;não localizado;não localizado;não localizado;não localizado;Estudo local: 0/12 itens já registrados no sistema. Prazo de inscrição e Valor podem ser dispensa pelo tipo (art. 79 da Lei 14.133/2021) se o edital confirmar cadastramento permanente e tabela fixa. Próximo passo: ler o edital no PNCP/diário pelo navegador e fechar os itens em falta.
MG · Cultura;agr-a40bcd646b0e;CREDENCIAMENTO DE SHOWS ARTÍSTICOS, CULTURAIS E DE ENTRETENIMENTO, COMPREENDEN-DO BANDAS DE PEQUENO, MÉDIO E… — MUNICIPIO DE PAI PEDRO;MUNICIPIO DE PAI PEDRO;estudo local (dados do sistema) — verifi;pendente;fora;poder_publico;credenciamento;;;0;sem_evidencia;False;op-9239692e823f;não localizado;não localizado;não localizado;não localizado;não localizado;não localizado;não localizado;não localizado;não localizado;não localizado;não localizado;não localizado;Estudo local: 0/12 itens já registrados no sistema. Prazo de inscrição e Valor podem ser dispensa pelo tipo (art. 79 da Lei 14.133/2021) se o edital confirmar cadastramento permanente e tabela fixa. Próximo passo: ler o edital no PNCP/diário pelo navegador e fechar os itens em falta.
MG · Cultura;agr-a9d5cfc20772;CREDENCIAMENTO PARA CONTRATAÇÃO DE BANDAS E ARTISTAS DA TERRA, PARA APRESENTAÇÃO DE SHOWS QUE ATENDAM AO… — MUNICIPIO DE CAMPO BELO;MUNICIPIO DE CAMPO BELO;estudo local (dados do sistema) — verifi;pendente;fora;poder_publico;credenciamento;;;0;pistas_locais_a_confirmar;False;op-926275aec149;não localizado;não localizado;não localizado;não localizado;não localizado;não localizado;não localizado;não localizado;não localizado;não localizado;não localizado;não localizado;Estudo local: 0/12 itens já registrados no sistema. Prazo de inscrição e Valor podem ser dispensa pelo tipo (art. 79 da Lei 14.133/2021) se o edital confirmar cadastramento permanente e tabela fixa. Próximo passo: ler o edital no PNCP/diário pelo navegador e fechar os itens em falta.
MG · Cultura;agr-efbb07e6ad3c;CREDENCIAMENTO, DE ARTISTAS, BANDAS, GRUPOS MUSICAIS E LOCUTOR PROFISSIONAL, PARA REALIZAÇÃO DE APRESENTAÇÕES… — MUNICIPIO DE SENADOR MODESTINO GONCAL;MUNICIPIO DE SENADOR MODESTINO GONCALVES;estudo local (dados do sistema) — verifi;pendente;fora;poder_publico;credenciamento;;;0;sem_evidencia;False;op-193ed91ffb92;não localizado;não localizado;não localizado;não localizado;não localizado;não localizado;não localizado;não localizado;não localizado;não localizado;não localizado;não localizado;Estudo local: 0/12 itens já registrados no sistema. Prazo de inscrição e Valor podem ser dispensa pelo tipo (art. 79 da Lei 14.133/2021) se o edital confirmar cadastramento permanente e tabela fixa. Próximo passo: ler o edital no PNCP/diário pelo navegador e fechar os itens em falta.
MG · Cultura;agr-8a65d6296f55;Chamamento Público para Credenciamento de BANDAS, ARTISTAS MUSICAIS E DJ, não detentores de consagração… — MUNICIPIO DE BARRA LONGA;MUNICIPIO DE BARRA LONGA;estudo local (dados do sistema) — verifi;pendente;fora;poder_publico;credenciamento;;;0;sem_evidencia;False;op-bc7466212f2f;não localizado;não localizado;não localizado;não localizado;não localizado;não localizado;não localizado;não localizado;não localizado;não localizado;não localizado;não localizado;Estudo local: 0/12 itens já registrados no sistema. Prazo de inscrição e Valor podem ser dispensa pelo tipo (art. 79 da Lei 14.133/2021) se o edital confirmar cadastramento permanente e tabela fixa. Próximo passo: ler o edital no PNCP/diário pelo navegador e fechar os itens em falta.
MG · Cultura;agr-fd3c5f452766;Chamamento Público/credenciamento de interessados para prestação de serviço de desenvolvimento de oficinas… — MUNICIPIO DE DOURADOQUARA;MUNICIPIO DE DOURADOQUARA;estudo local (dados do sistema) — verifi;pendente;fora;poder_publico;credenciamento;;;0;sem_evidencia;False;op-3c1dcb1fdaef;não localizado;não localizado;não localizado;não localizado;não localizado;não localizado;não localizado;não localizado;não localizado;não localizado;não localizado;não localizado;Estudo local: 0/12 itens já registrados no sistema. Prazo de inscrição e Valor podem ser dispensa pelo tipo (art. 79 da Lei 14.133/2021) se o edital confirmar cadastramento permanente e tabela fixa. Próximo passo: ler o edital no PNCP/diário pelo navegador e fechar os itens em falta.
MG · Cultura;agr-16e110a7b9b4;Contratação de artistas, grupos musicais, culturais e profissionais de entretenimento para realização de… — MUNICIPIO DE SANTANA DO GARAMBEU;MUNICIPIO DE SANTANA DO GARAMBEU;estudo local (dados do sistema) — verifi;pendente;fora;poder_publico;chamamento_publico;;;0;sem_evidencia;False;op-6c1c8098cd32;não localizado;não localizado;não localizado;não localizado;não localizado;não localizado;não localizado;não localizado;não localizado;não localizado;não localizado;não localizado;Estudo local: 0/12 itens já registrados no sistema. Chamamento/edital com seleção: nenhum item é dispensável pelo tipo. Próximo passo: ler o edital no PNCP/diário pelo navegador e fechar os itens em falta.
MG · Cultura;agr-b3e25bbaefa7;Credenciamento de Artistas Locais/Regionais, Pessoas Físicas e/ou Jurídicas, para apresentação de shows… — MUNICIPIO DE FREI LAGONEGRO;MUNICIPIO DE FREI LAGONEGRO;estudo local (dados do sistema) — verifi;pendente;fora;poder_publico;credenciamento;;;0;sem_evidencia;False;sem livro: não é seleção aberta a associações (dispensa/inexigibilidade de chamamento, credenciamento de pessoa física ou compra);não localizado;não localizado;não localizado;não localizado;não localizado;não localizado;não localizado;não localizado;não localizado;não localizado;não localizado;não localizado;Estudo local: 0/12 itens já registrados no sistema. Prazo de inscrição e Valor podem ser dispensa pelo tipo (art. 79 da Lei 14.133/2021) se o edital confirmar cadastramento permanente e tabela fixa. Próximo passo: ler o edital no PNCP/diário pelo navegador e fechar os itens em falta.
MG · Cultura;agr-1f925fe52a6a;Credenciamento de artistas do município de Santa Bárbara e demais municípios da região do Entre Serras (Barão… — MUNICIPIO DE SANTA BARBARA;MUNICIPIO DE SANTA BARBARA;estudo local (dados do sistema) — verifi;pendente;fora;poder_publico;credenciamento;;;0;sem_evidencia;False;op-f01615ad269e;não localizado;não localizado;não localizado;não localizado;não localizado;não localizado;não localizado;não localizado;não localizado;não localizado;não localizado;não localizado;Estudo local: 0/12 itens já registrados no sistema. Prazo de inscrição e Valor podem ser dispensa pelo tipo (art. 79 da Lei 14.133/2021) se o edital confirmar cadastramento permanente e tabela fixa. Próximo passo: ler o edital no PNCP/diário pelo navegador e fechar os itens em falta.
MG · Cultura;agr-9fcebf05f579;Credenciamento de artistas locais para eventual e futura contratação para apresentações de estilos variados… — MUNICIPIO DE FERROS;MUNICIPIO DE FERROS;estudo local (dados do sistema) — verifi;pendente;fora;poder_publico;credenciamento;;;0;sem_evidencia;False;op-393c8f46b952;não localizado;não localizado;não localizado;não localizado;não localizado;não localizado;não localizado;não localizado;não localizado;não localizado;não localizado;não localizado;Estudo local: 0/12 itens já registrados no sistema. Prazo de inscrição e Valor podem ser dispensa pelo tipo (art. 79 da Lei 14.133/2021) se o edital confirmar cadastramento permanente e tabela fixa. Próximo passo: ler o edital no PNCP/diário pelo navegador e fechar os itens em falta.
MG · Cultura;agr-0cbd3a65cc1a;Credenciamento de artistas locais, compreendendo músicos solos, duplas, bandas e DJs, devidamente… — MUNICIPIO DE BOM JESUS DA PENHA;MUNICIPIO DE BOM JESUS DA PENHA;estudo local (dados do sistema) — verifi;pendente;fora;poder_publico;credenciamento;;;0;sem_evidencia;False;op-017b72d8d8d7;não localizado;não localizado;não localizado;não localizado;não localizado;não localizado;não localizado;não localizado;não localizado;não localizado;não localizado;não localizado;Estudo local: 0/12 itens já registrados no sistema. Prazo de inscrição e Valor podem ser dispensa pelo tipo (art. 79 da Lei 14.133/2021) se o edital confirmar cadastramento permanente e tabela fixa. Próximo passo: ler o edital no PNCP/diário pelo navegador e fechar os itens em falta.
MG · Cultura;agr-7f1d6b213462;Credenciamento de artistas nas categorias de cantor solo, dupla, trio, bandas, DJ e locutor, para atender aos… — MUNICIPIO DE PAULA CANDIDO;MUNICIPIO DE PAULA CANDIDO;estudo local (dados do sistema) — verifi;pendente;fora;poder_publico;credenciamento;;;0;sem_evidencia;False;op-4b5ba2a0c39b;não localizado;não localizado;não localizado;não localizado;não localizado;não localizado;não localizado;não localizado;não localizado;não localizado;não localizado;não localizado;Estudo local: 0/12 itens já registrados no sistema. Prazo de inscrição e Valor podem ser dispensa pelo tipo (art. 79 da Lei 14.133/2021) se o edital confirmar cadastramento permanente e tabela fixa. Próximo passo: ler o edital no PNCP/diário pelo navegador e fechar os itens em falta.
MG · Cultura;agr-677b32698c6d;Credenciamento de artistas, bandas ou grupos musicais amadores, de renome local, regional e estadual, para… — MUNICIPIO DE GOUVEA;MUNICIPIO DE GOUVEA;estudo local (dados do sistema) — verifi;pendente;fora;poder_publico;credenciamento;;;0;sem_evidencia;False;op-e39e78948f6f;não localizado;não localizado;não localizado;não localizado;não localizado;não localizado;não localizado;não localizado;não localizado;não localizado;não localizado;não localizado;Estudo local: 0/12 itens já registrados no sistema. Prazo de inscrição e Valor podem ser dispensa pelo tipo (art. 79 da Lei 14.133/2021) se o edital confirmar cadastramento permanente e tabela fixa. Próximo passo: ler o edital no PNCP/diário pelo navegador e fechar os itens em falta.
MG · Cultura;agr-a698875d1126;Credenciamento de artistas, bandas, grupos musicais, oficineiros e demais profissionais do setor cultural… — MUNICIPIO DE ESPINOSA;MUNICIPIO DE ESPINOSA;estudo local (dados do sistema) — verifi;pendente;fora;poder_publico;credenciamento;;;0;sem_evidencia;False;op-bc20af83df87;não localizado;não localizado;não localizado;não localizado;não localizado;não localizado;não localizado;não localizado;não localizado;não localizado;não localizado;não localizado;Estudo local: 0/12 itens já registrados no sistema. Prazo de inscrição e Valor podem ser dispensa pelo tipo (art. 79 da Lei 14.133/2021) se o edital confirmar cadastramento permanente e tabela fixa. Próximo passo: ler o edital no PNCP/diário pelo navegador e fechar os itens em falta.
MG · Cultura;agr-ecb3db79a43a;Credenciamento de cantores e/ou grupos musicais locais para a realização de apresentações artísticas musicais… — MUNICIPIO DE SAO JOSE DA VARGINHA;MUNICIPIO DE SAO JOSE DA VARGINHA;estudo local (dados do sistema) — verifi;pendente;fora;poder_publico;credenciamento;;;0;sem_evidencia;False;op-61e0ff6d90c0;não localizado;não localizado;não localizado;não localizado;não localizado;não localizado;não localizado;não localizado;não localizado;não localizado;não localizado;não localizado;Estudo local: 0/12 itens já registrados no sistema. Prazo de inscrição e Valor podem ser dispensa pelo tipo (art. 79 da Lei 14.133/2021) se o edital confirmar cadastramento permanente e tabela fixa. Próximo passo: ler o edital no PNCP/diário pelo navegador e fechar os itens em falta.
MG · Cultura;agr-6fc4bbc17029;Credenciamento de comunicadores profissionais, serviço de fotografia e serviço de filmagem para prestação de… — MUNICIPIO DE DATAS;MUNICIPIO DE DATAS;estudo local (dados do sistema) — verifi;pendente;fora;poder_publico;credenciamento;;;0;sem_evidencia;False;op-037225c7b6e8;não localizado;não localizado;não localizado;não localizado;não localizado;não localizado;não localizado;não localizado;não localizado;não localizado;não localizado;não localizado;Estudo local: 0/12 itens já registrados no sistema. Prazo de inscrição e Valor podem ser dispensa pelo tipo (art. 79 da Lei 14.133/2021) se o edital confirmar cadastramento permanente e tabela fixa. Próximo passo: ler o edital no PNCP/diário pelo navegador e fechar os itens em falta.
MG · Cultura;agr-41cfddb97629;Credenciamento de músicos, artistas, bandas, grupos musicais e demais profissionais/atrações artísticas… — MUNICIPIO DE BELA VISTA DE MINAS;MUNICIPIO DE BELA VISTA DE MINAS;estudo local (dados do sistema) — verifi;pendente;fora;poder_publico;credenciamento;;;0;sem_evidencia;False;op-bc0bf1616731;não localizado;não localizado;não localizado;não localizado;não localizado;não localizado;não localizado;não localizado;não localizado;não localizado;não localizado;não localizado;Estudo local: 0/12 itens já registrados no sistema. Prazo de inscrição e Valor podem ser dispensa pelo tipo (art. 79 da Lei 14.133/2021) se o edital confirmar cadastramento permanente e tabela fixa. Próximo passo: ler o edital no PNCP/diário pelo navegador e fechar os itens em falta.
MG · Cultura;agr-0f792a976f0c;Credenciamento de pessoa física e/ou jurídica para prestação de serviços profissionais de OFICINEIROS… — MUNICIPIO DE SANTA RITA DE IBITIPOCA;MUNICIPIO DE SANTA RITA DE IBITIPOCA;estudo local (dados do sistema) — verifi;pendente;fora;poder_publico;credenciamento;;;0;sem_evidencia;False;sem livro: não é seleção aberta a associações (dispensa/inexigibilidade de chamamento, credenciamento de pessoa física ou compra);não localizado;não localizado;não localizado;não localizado;não localizado;não localizado;não localizado;não localizado;não localizado;não localizado;não localizado;não localizado;Estudo local: 0/12 itens já registrados no sistema. Prazo de inscrição e Valor podem ser dispensa pelo tipo (art. 79 da Lei 14.133/2021) se o edital confirmar cadastramento permanente e tabela fixa. Próximo passo: ler o edital no PNCP/diário pelo navegador e fechar os itens em falta.
MG · Cultura;agr-eede075f70a3;Credenciamento de pessoas físicas e jurídicas para prestação de serviços de apresentações artísticas… — MUNICIPIO DE MATERLANDIA;MUNICIPIO DE MATERLANDIA;estudo local (dados do sistema) — verifi;pendente;fora;poder_publico;credenciamento;;;0;sem_evidencia;False;sem livro: não é seleção aberta a associações (dispensa/inexigibilidade de chamamento, credenciamento de pessoa física ou compra);não localizado;não localizado;não localizado;não localizado;não localizado;não localizado;não localizado;não localizado;não localizado;não localizado;não localizado;não localizado;Estudo local: 0/12 itens já registrados no sistema. Prazo de inscrição e Valor podem ser dispensa pelo tipo (art. 79 da Lei 14.133/2021) se o edital confirmar cadastramento permanente e tabela fixa. Próximo passo: ler o edital no PNCP/diário pelo navegador e fechar os itens em falta.
MG · Cultura;agr-2209b072028a;Credenciamento de pessoas jurídicas especializadas na prestação de serviços de shows e apresentações… — MUNICIPIO DE SERRANOPOLIS DE MINAS;MUNICIPIO DE SERRANOPOLIS DE MINAS;estudo local (dados do sistema) — verifi;pendente;fora;poder_publico;credenciamento;;;0;sem_evidencia;False;sem livro: não é seleção aberta a associações (dispensa/inexigibilidade de chamamento, credenciamento de pessoa física ou compra);não localizado;não localizado;não localizado;não localizado;não localizado;não localizado;não localizado;não localizado;não localizado;não localizado;não localizado;não localizado;Estudo local: 0/12 itens já registrados no sistema. Prazo de inscrição e Valor podem ser dispensa pelo tipo (art. 79 da Lei 14.133/2021) se o edital confirmar cadastramento permanente e tabela fixa. Próximo passo: ler o edital no PNCP/diário pelo navegador e fechar os itens em falta.
MG · Cultura;agr-9b34dc2169dd;Credenciamento de pessoas jurídicas para prestação de serviços especializados de instrutoria cultural, com… — MUNICIPIO DE URUCUIA;MUNICIPIO DE URUCUIA;estudo local (dados do sistema) — verifi;pendente;fora;poder_publico;credenciamento;;;0;sem_evidencia;False;sem livro: não é seleção aberta a associações (dispensa/inexigibilidade de chamamento, credenciamento de pessoa física ou compra);não localizado;não localizado;não localizado;não localizado;não localizado;não localizado;não localizado;não localizado;não localizado;não localizado;não localizado;não localizado;Estudo local: 0/12 itens já registrados no sistema. Prazo de inscrição e Valor podem ser dispensa pelo tipo (art. 79 da Lei 14.133/2021) se o edital confirmar cadastramento permanente e tabela fixa. Próximo passo: ler o edital no PNCP/diário pelo navegador e fechar os itens em falta.
MG · Cultura;agr-0fa8bc935adb;Credenciamento para contratação de artistas nas categorias cantor solo, banda, dupla e artista voz e violão… — MUNICIPIO DE FRANCISCO DUMONT;MUNICIPIO DE FRANCISCO DUMONT;estudo local (dados do sistema) — verifi;pendente;fora;poder_publico;credenciamento;;;0;sem_evidencia;False;op-1b4512033ad6;não localizado;não localizado;não localizado;não localizado;não localizado;não localizado;não localizado;não localizado;não localizado;não localizado;não localizado;não localizado;Estudo local: 0/12 itens já registrados no sistema. Prazo de inscrição e Valor podem ser dispensa pelo tipo (art. 79 da Lei 14.133/2021) se o edital confirmar cadastramento permanente e tabela fixa. Próximo passo: ler o edital no PNCP/diário pelo navegador e fechar os itens em falta.
MG · Cultura;agr-812b810bbaeb;Credenciamento para contratação de serviços técnicos especializados em arte-educação para ministrar cursos… — MUNICIPIO DE ITABIRITO;MUNICIPIO DE ITABIRITO;estudo local (dados do sistema) — verifi;pendente;fora;poder_publico;credenciamento;;;0;sem_evidencia;False;op-e1ae764b2a2a;não localizado;não localizado;não localizado;não localizado;não localizado;não localizado;não localizado;não localizado;não localizado;não localizado;não localizado;não localizado;Estudo local: 0/12 itens já registrados no sistema. Prazo de inscrição e Valor podem ser dispensa pelo tipo (art. 79 da Lei 14.133/2021) se o edital confirmar cadastramento permanente e tabela fixa. Próximo passo: ler o edital no PNCP/diário pelo navegador e fechar os itens em falta.
MG · Cultura;agr-fdef8dbe9382;Credenciamento para eventual contratação de pessoas físicas e/ou jurídicas, especializadas na prestação de… — MUNICIPIO DE ALVINOPOLIS;MUNICIPIO DE ALVINOPOLIS;estudo local (dados do sistema) — verifi;pendente;fora;poder_publico;credenciamento;;;0;sem_evidencia;False;sem livro: não é seleção aberta a associações (dispensa/inexigibilidade de chamamento, credenciamento de pessoa física ou compra);não localizado;não localizado;não localizado;não localizado;não localizado;não localizado;não localizado;não localizado;não localizado;não localizado;não localizado;não localizado;Estudo local: 0/12 itens já registrados no sistema. Prazo de inscrição e Valor podem ser dispensa pelo tipo (art. 79 da Lei 14.133/2021) se o edital confirmar cadastramento permanente e tabela fixa. Próximo passo: ler o edital no PNCP/diário pelo navegador e fechar os itens em falta.
MG · Cultura;agr-d57719b3723d;Credenciamento, de artistas locais e regionais para atender aos eventos culturais e esportivos promovidos… — MUNICIPIO DE CARMO DE MINAS;MUNICIPIO DE CARMO DE MINAS;estudo local (dados do sistema) — verifi;pendente;fora;poder_publico;credenciamento;;;0;sem_evidencia;False;op-7805a9791e0c;não localizado;não localizado;não localizado;não localizado;não localizado;não localizado;não localizado;não localizado;não localizado;não localizado;não localizado;não localizado;Estudo local: 0/12 itens já registrados no sistema. Prazo de inscrição e Valor podem ser dispensa pelo tipo (art. 79 da Lei 14.133/2021) se o edital confirmar cadastramento permanente e tabela fixa. Próximo passo: ler o edital no PNCP/diário pelo navegador e fechar os itens em falta.
MG · Cultura;agr-9e7638226595;Credenciamento, de pessoas físicas e/ou jurídicas para prestação de serviços de instrutor musical… — MUNICIPIO DE GOUVEA;MUNICIPIO DE GOUVEA;estudo local (dados do sistema) — verifi;pendente;fora;poder_publico;credenciamento;;;0;sem_evidencia;False;sem livro: não é seleção aberta a associações (dispensa/inexigibilidade de chamamento, credenciamento de pessoa física ou compra);não localizado;não localizado;não localizado;não localizado;não localizado;não localizado;não localizado;não localizado;não localizado;não localizado;não localizado;não localizado;Estudo local: 0/12 itens já registrados no sistema. Prazo de inscrição e Valor podem ser dispensa pelo tipo (art. 79 da Lei 14.133/2021) se o edital confirmar cadastramento permanente e tabela fixa. Próximo passo: ler o edital no PNCP/diário pelo navegador e fechar os itens em falta.
MG · Cultura;agr-b9816a2cb83d;Credenciamento, de shows artísticos de profissionais sem renome nacional para realização de apresentações… — MUNICIPIO DE CARBONITA;MUNICIPIO DE CARBONITA;estudo local (dados do sistema) — verifi;pendente;fora;poder_publico;credenciamento;;;0;sem_evidencia;False;op-ad1a5b92a4bf;não localizado;não localizado;não localizado;não localizado;não localizado;não localizado;não localizado;não localizado;não localizado;não localizado;não localizado;não localizado;Estudo local: 0/12 itens já registrados no sistema. Prazo de inscrição e Valor podem ser dispensa pelo tipo (art. 79 da Lei 14.133/2021) se o edital confirmar cadastramento permanente e tabela fixa. Próximo passo: ler o edital no PNCP/diário pelo navegador e fechar os itens em falta.
MG · Cultura;agr-e1787b873eee;credenciamento de microempreendedores individuais, microempresas ou pessoas jurídicas interessadas na… — MUNICIPIO DE AIMORES;MUNICIPIO DE AIMORES;estudo local (dados do sistema) — verifi;pendente;fora;poder_publico;credenciamento;;;0;sem_evidencia;False;op-c6263415eeb1;não localizado;não localizado;não localizado;não localizado;não localizado;não localizado;não localizado;não localizado;não localizado;não localizado;não localizado;não localizado;Estudo local: 0/12 itens já registrados no sistema. Prazo de inscrição e Valor podem ser dispensa pelo tipo (art. 79 da Lei 14.133/2021) se o edital confirmar cadastramento permanente e tabela fixa. Próximo passo: ler o edital no PNCP/diário pelo navegador e fechar os itens em falta.
MG · Educação;7cc127c475288ac0d250;PONTE NOVA CAMARA MUNICIPAL — Concurso Parlamento em Ação, projeto desenvolvido e gerenciado pela Escola do Legislativo da Câmara Municipal de Ponte N;PONTE NOVA CAMARA MUNICIPAL;estudo local (dados do sistema) — verifi;pendente;fora;poder_publico;premio;2026-11-26;;0;sem_evidencia;False;op-ce6ad5846629;não localizado;não localizado;não localizado;não localizado;não localizado;não localizado;não localizado;não localizado;não localizado;não localizado;não localizado;não localizado;Estudo local: 0/12 itens já registrados no sistema. Chamamento/edital com seleção: nenhum item é dispensável pelo tipo. Próximo passo: ler o edital no PNCP/diário pelo navegador e fechar os itens em falta.
MG · Educação;9a64fee8a5cb67d5cbf0;MINAS GERAIS SECRETARIA DE ESTADO DA EDUCACAO — Reabertura do Edital de Credenciamento SEE nº 02/2025 - Credenciamento de instituições públicas ou pri;MINAS GERAIS SECRETARIA DE ESTADO DA EDUCACAO;estudo local (dados do sistema) — verifi;pendente;fora;poder_publico;credenciamento;2027-07-30;;0;sem_evidencia;False;op-b69ca4f1c758;não localizado;não localizado;não localizado;não localizado;não localizado;não localizado;não localizado;não localizado;não localizado;não localizado;não localizado;não localizado;Estudo local: 0/12 itens já registrados no sistema. Prazo de inscrição e Valor podem ser dispensa pelo tipo (art. 79 da Lei 14.133/2021) se o edital confirmar cadastramento permanente e tabela fixa. Próximo passo: ler o edital no PNCP/diário pelo navegador e fechar os itens em falta.
MG · Educação;agr-3a8163669d87;CHAMADA PÚBLICA PARA CREDENCIAMENTO DE OFICINEIROS PARA MINISTRAR AULAS NAS TURMAS DE ETI – ESCOLA EM TEMPO… — MUNICIPIO DE ELOI MENDES;MUNICIPIO DE ELOI MENDES;estudo local (dados do sistema) — verifi;pendente;fora;poder_publico;credenciamento;;;0;sem_evidencia;False;op-7f7071ecf424;não localizado;não localizado;não localizado;não localizado;não localizado;não localizado;não localizado;não localizado;não localizado;não localizado;não localizado;não localizado;Estudo local: 0/12 itens já registrados no sistema. Prazo de inscrição e Valor podem ser dispensa pelo tipo (art. 79 da Lei 14.133/2021) se o edital confirmar cadastramento permanente e tabela fixa. Próximo passo: ler o edital no PNCP/diário pelo navegador e fechar os itens em falta.
MG · Esporte e lazer;1f6f8ec7518f17718fc9;FUNDACAO UBERLANDENSE DO TURISMO ESPORTE E LAZER — Credenciamento de interessados (terceiro facilitador) na captação de recursos vinculados à lei esta;FUNDACAO UBERLANDENSE DO TURISMO ESPORTE E LAZER;estudo local (dados do sistema) — verifi;pendente;fora;poder_publico;incentivo_fiscal;2030-12-11;;0;sem_evidencia;False;op-03c70c51481b;não localizado;não localizado;não localizado;não localizado;não localizado;não localizado;não localizado;não localizado;não localizado;não localizado;não localizado;não localizado;Estudo local: 0/12 itens já registrados no sistema. Prazo de recurso tende a ser dispensa pelo tipo (rito na norma do programa). Próximo passo: ler o edital no PNCP/diário pelo navegador e fechar os itens em falta.
MG · Meio ambiente e clima;3505388824b85275e63c;"Diário Oficial de Uberaba (MG) 2026-09-15 — ""edital de chamamento público"" associação";COMPANHIA OPERACIONAL DE DESENVOLVIMENTO, SANEAMENTO E AÇÕES URBANAS – CODAU;estudo local (dados do sistema) — verifi;pendente;fora;poder_publico;chamamento_publico;;https://www.codau.com.br/transparencia/legislacao/378-lei-complementar-n-366-2008/file;5;sem_evidencia;False;sem livro: fora da abrangência: oportunidade pública municipal de outro estado (só Goiás tem livros municipais);confirmado;não localizado;não localizado;não localizado;não localizado;confirmado;confirmado;confirmado;não localizado;confirmado;não localizado;não localizado;Estudo local: 5/12 itens já registrados no sistema. Chamamento/edital com seleção: nenhum item é dispensável pelo tipo. Próximo passo: ler o edital no PNCP/diário pelo navegador e fechar os itens em falta.
MG · Meio ambiente e clima;eedf3e2c1d25c3dfbbc2;CONSELHO DE ARQUITETURA E URBANISMO DO ESTADO DE MINAS GERAIS — O concurso PRÊMIO DE BOAS PRÁTICAS URBANAS: AMBIENTAL, SANEAMENTO E SOCIAL - 2026, vis;CONSELHO DE ARQUITETURA E URBANISMO DO ESTADO DE MINAS GERAIS;estudo local (dados do sistema) — verifi;pendente;fora;poder_publico;premio;2026-10-21;;0;sem_evidencia;False;op-06c1b2360f31;não localizado;não localizado;não localizado;não localizado;não localizado;não localizado;não localizado;não localizado;não localizado;não localizado;não localizado;não localizado;Estudo local: 0/12 itens já registrados no sistema. Chamamento/edital com seleção: nenhum item é dispensável pelo tipo. Próximo passo: ler o edital no PNCP/diário pelo navegador e fechar os itens em falta.
MG · Outras;aa2c4ba104e6ba6ce856;"PONTE NOVA CAMARA MUNICIPAL — Concurso, referente a 5a edição da gincana “Sua casa, nossa Câmara!"", que premiará cidadãos e moradores de Ponte Nova pa";PONTE NOVA CAMARA MUNICIPAL;estudo local (dados do sistema) — verifi;pendente;fora;poder_publico;premio;2026-12-17;;0;sem_evidencia;False;op-1699b476a8cf;não localizado;não localizado;não localizado;não localizado;não localizado;não localizado;não localizado;não localizado;não localizado;não localizado;não localizado;não localizado;Estudo local: 0/12 itens já registrados no sistema. Chamamento/edital com seleção: nenhum item é dispensável pelo tipo. Próximo passo: ler o edital no PNCP/diário pelo navegador e fechar os itens em falta.
MG · Outras;agr-b1a568c83992;Edital Rio Doce Participativo e Comunitário abre seleção de projetos;;estudo local (dados do sistema) — verifi;pendente;fora;poder_publico;chamamento_publico;;https://fbb.org.br/edital-publico/editalriodoce/;0;sem_evidencia;False;op-a062baaa8e7c;não localizado;não localizado;não localizado;não localizado;não localizado;não localizado;não localizado;não localizado;não localizado;não localizado;não localizado;não localizado;Estudo local: 0/12 itens já registrados no sistema. Chamamento/edital com seleção: nenhum item é dispensável pelo tipo. Próximo passo: ler o edital no PNCP/diário pelo navegador e fechar os itens em falta.
MG · Pessoa idosa;6639c8db87c88c9a3485;MUNICIPIO DE MURIAE — Credenciamento para prestação de serviços de acolhimento Institucional de Longa Permanência para Idosos (ILPI) para acolhimento ;MUNICIPIO DE MURIAE;estudo local (dados do sistema) — verifi;pendente;fora;poder_publico;credenciamento;2027-01-19;;0;sem_evidencia;False;op-c35dfb6b9c98;não localizado;não localizado;não localizado;não localizado;não localizado;não localizado;não localizado;não localizado;não localizado;não localizado;não localizado;não localizado;Estudo local: 0/12 itens já registrados no sistema. Prazo de inscrição e Valor podem ser dispensa pelo tipo (art. 79 da Lei 14.133/2021) se o edital confirmar cadastramento permanente e tabela fixa. Próximo passo: ler o edital no PNCP/diário pelo navegador e fechar os itens em falta.
MG · Pessoa idosa;5cac39c12aff0c6a38f4;MUNICIPIO DE PASSOS — Credenciamento de Instituições de Longa Permanência para Idosos – ILPI, pessoas jurídicas de direito privado, com ou sem fins lu;MUNICIPIO DE PASSOS;estudo local (dados do sistema) — verifi;pendente;fora;poder_publico;credenciamento;2031-06-25;;0;sem_evidencia;False;op-ae5b9c2eed9f;não localizado;não localizado;não localizado;não localizado;não localizado;não localizado;não localizado;não localizado;não localizado;não localizado;não localizado;não localizado;Estudo local: 0/12 itens já registrados no sistema. Prazo de inscrição e Valor podem ser dispensa pelo tipo (art. 79 da Lei 14.133/2021) se o edital confirmar cadastramento permanente e tabela fixa. Próximo passo: ler o edital no PNCP/diário pelo navegador e fechar os itens em falta.
MG · Saúde;1b3cbccafedc237a8c1f;CONSORCIO INTERMUNICIPAL DE SAUDE ENTRE OS VALES DO MUCURI E JEQUITINHONHA — CREDENCIAMENTO DE ENTIDADES SEM FINS LUCRATIVOS ESPECIALIZADAS NA EXECUÇÃ;CONSORCIO INTERMUNICIPAL DE SAUDE ENTRE OS VALES DO MUCURI E JEQUITINHONHA;estudo local (dados do sistema) — verifi;pendente;fora;poder_publico;credenciamento;2026-12-31;;0;pistas_locais_a_confirmar;False;op-4ed89a6949db;não localizado;não localizado;não localizado;não localizado;não localizado;não localizado;não localizado;não localizado;não localizado;não localizado;não localizado;não localizado;Estudo local: 0/12 itens já registrados no sistema. Prazo de inscrição e Valor podem ser dispensa pelo tipo (art. 79 da Lei 14.133/2021) se o edital confirmar cadastramento permanente e tabela fixa. Próximo passo: ler o edital no PNCP/diário pelo navegador e fechar os itens em falta.
MG · Saúde;771ba62c6c6dd0c76172;CONSORCIO MULTIFINALITARIO DO BAIXO JEQUITINHONHA — Credenciamento de entidades sem fins lucrativos especializadas na execução de ações itinerantes de;CONSORCIO MULTIFINALITARIO DO BAIXO JEQUITINHONHA;estudo local (dados do sistema) — verifi;pendente;fora;poder_publico;credenciamento;2026-12-31;;0;pistas_locais_a_confirmar;False;op-4f1d427f9d9d;não localizado;não localizado;não localizado;não localizado;não localizado;não localizado;não localizado;não localizado;não localizado;não localizado;não localizado;não localizado;Estudo local: 0/12 itens já registrados no sistema. Prazo de inscrição e Valor podem ser dispensa pelo tipo (art. 79 da Lei 14.133/2021) se o edital confirmar cadastramento permanente e tabela fixa. Próximo passo: ler o edital no PNCP/diário pelo navegador e fechar os itens em falta.
MG · Saúde;b5cd59fc772195702900;CONSORCIO INTERMUNICIPAL DE SAUDE DO ENTORNO DE SALINAS — [Portal de Compras Públicas] - Credenciamento de entidades sem fins lucrativos especializada;CONSORCIO INTERMUNICIPAL DE SAUDE DO ENTORNO DE SALINAS;estudo local (dados do sistema) — verifi;pendente;fora;poder_publico;credenciamento;2027-05-28;;0;pistas_locais_a_confirmar;False;op-a722a524962a;não localizado;não localizado;não localizado;não localizado;não localizado;não localizado;não localizado;não localizado;não localizado;não localizado;não localizado;não localizado;Estudo local: 0/12 itens já registrados no sistema. Prazo de inscrição e Valor podem ser dispensa pelo tipo (art. 79 da Lei 14.133/2021) se o edital confirmar cadastramento permanente e tabela fixa. Próximo passo: ler o edital no PNCP/diário pelo navegador e fechar os itens em falta.
PR · Chamamentos em diário oficial;0d126d7346635a5fb36d;"Diário Oficial de Arapongas (PR) 2026-09-11 — ""edital de chamamento público"" associação";Prefeitura Municipal de Arapongas;estudo local (dados do sistema) — verifi;pendente;fora;poder_publico;chamamento_publico;;https://www.arapongas.pr.gov.br/editais/2023/fev/13.02_assinado.pdf;6;pistas_locais_a_confirmar;False;sem livro: fora da abrangência: oportunidade pública municipal de outro estado (só Goiás tem livros municipais);confirmado;não localizado;não localizado;não localizado;confirmado;confirmado;confirmado;confirmado;não localizado;confirmado;não localizado;não localizado;Estudo local: 6/12 itens já registrados no sistema. Chamamento/edital com seleção: nenhum item é dispensável pelo tipo. Próximo passo: ler o edital no PNCP/diário pelo navegador e fechar os itens em falta.
PR · Chamamentos em diário oficial;e0a2663b1f39e9c79970;"Diário Oficial de Londrina (PR) 2026-09-18 — ""edital de chamamento público"" associação";Município de Londrina;estudo local (dados do sistema) — verifi;pendente;fora;poder_publico;chamamento_publico;;https://portal.londrina.pr.gov.br/plano-plurianual-ppa;5;pistas_locais_a_confirmar;False;sem livro: fora da abrangência: oportunidade pública municipal de outro estado (só Goiás tem livros municipais);confirmado;não localizado;não localizado;não localizado;não localizado;confirmado;confirmado;confirmado;não localizado;confirmado;não localizado;não localizado;Estudo local: 5/12 itens já registrados no sistema. Chamamento/edital com seleção: nenhum item é dispensável pelo tipo. Próximo passo: ler o edital no PNCP/diário pelo navegador e fechar os itens em falta.
PR · Chamamentos em diário oficial;4689c4a13c8a7ccbcdf9;"Diário Oficial de Pinhais (PR) 2026-09-23 — ""edital de chamamento público"" associação";Prefeitura Municipal de Pinhais;estudo local (dados do sistema) — verifi;pendente;fora;poder_publico;chamamento_publico;;;5;pistas_locais_a_confirmar;False;sem livro: fora da abrangência: oportunidade pública municipal de outro estado (só Goiás tem livros municipais);confirmado;não localizado;não localizado;não localizado;não localizado;confirmado;confirmado;confirmado;não localizado;confirmado;não localizado;não localizado;Estudo local: 5/12 itens já registrados no sistema. Chamamento/edital com seleção: nenhum item é dispensável pelo tipo. Próximo passo: ler o edital no PNCP/diário pelo navegador e fechar os itens em falta.
PR · Chamamentos em diário oficial;df60291a34485a534b1e;"Diário Oficial de Primeiro de Maio (PR) 2026-08-28 — ""edital de chamamento público"" associação";SECRETARIA MUNICIPAL DE CULTURA;estudo local (dados do sistema) — verifi;pendente;fora;poder_publico;chamamento_publico;;https://www.gov.br/cultura/pt-br/assuntos/politica-nacional-aldir-blanc/painel-de-dados;4;sem_evidencia;False;sem livro: fora da abrangência: oportunidade pública municipal de outro estado (só Goiás tem livros municipais);não localizado;não localizado;não localizado;não localizado;não localizado;confirmado;confirmado;confirmado;não localizado;confirmado;não localizado;não localizado;Estudo local: 4/12 itens já registrados no sistema. Chamamento/edital com seleção: nenhum item é dispensável pelo tipo. Próximo passo: ler o edital no PNCP/diário pelo navegador e fechar os itens em falta.
PR · Chamamentos em diário oficial;aadddcf8ee72a06d5104;"Diário Oficial de Arapongas (PR) 2026-09-30 — ""chamamento público"" ""organizações da sociedade civil""";;estudo local (dados do sistema) — verifi;pendente;fora;poder_publico;chamamento_publico;;;0;sem_evidencia;False;sem livro: fora da abrangência: oportunidade pública municipal de outro estado (só Goiás tem livros municipais);não localizado;não localizado;não localizado;não localizado;não localizado;não localizado;não localizado;não localizado;não localizado;não localizado;não localizado;não localizado;Estudo local: 0/12 itens já registrados no sistema. Chamamento/edital com seleção: nenhum item é dispensável pelo tipo. Próximo passo: ler o edital no PNCP/diário pelo navegador e fechar os itens em falta.
PR · Chamamentos em diário oficial;b14f8ebe6da342c68687;"Diário Oficial de Campo Largo (PR) 2026-09-28 — ""chamamento público"" ""organizações da sociedade civil""";;estudo local (dados do sistema) — verifi;pendente;fora;poder_publico;chamamento_publico;;;0;sem_evidencia;False;sem livro: fora da abrangência: oportunidade pública municipal de outro estado (só Goiás tem livros municipais);não localizado;não localizado;não localizado;não localizado;não localizado;não localizado;não localizado;não localizado;não localizado;não localizado;não localizado;não localizado;Estudo local: 0/12 itens já registrados no sistema. Chamamento/edital com seleção: nenhum item é dispensável pelo tipo. Próximo passo: ler o edital no PNCP/diário pelo navegador e fechar os itens em falta.
PR · Chamamentos em diário oficial;07bee627addc6ba30b56;"Diário Oficial de Campo Mourão (PR) 2026-09-29 — ""chamamento público"" ""organizações da sociedade civil""";;estudo local (dados do sistema) — verifi;pendente;fora;poder_publico;chamamento_publico;;;0;sem_evidencia;False;sem livro: fora da abrangência: oportunidade pública municipal de outro estado (só Goiás tem livros municipais);não localizado;não localizado;não localizado;não localizado;não localizado;não localizado;não localizado;não localizado;não localizado;não localizado;não localizado;não localizado;Estudo local: 0/12 itens já registrados no sistema. Chamamento/edital com seleção: nenhum item é dispensável pelo tipo. Próximo passo: ler o edital no PNCP/diário pelo navegador e fechar os itens em falta.
PR · Chamamentos em diário oficial;cb66d02d4a627a47e515;"Diário Oficial de Curitiba (PR) 2026-09-30 — ""chamamento público"" ""organizações da sociedade civil""";;estudo local (dados do sistema) — verifi;pendente;fora;poder_publico;chamamento_publico;;;0;sem_evidencia;False;sem livro: fora da abrangência: oportunidade pública municipal de outro estado (só Goiás tem livros municipais);não localizado;não localizado;não localizado;não localizado;não localizado;não localizado;não localizado;não localizado;não localizado;não localizado;não localizado;não localizado;Estudo local: 0/12 itens já registrados no sistema. Chamamento/edital com seleção: nenhum item é dispensável pelo tipo. Próximo passo: ler o edital no PNCP/diário pelo navegador e fechar os itens em falta.
PR · Chamamentos em diário oficial;c2b9d51f55f386789171;"Diário Oficial de Ipiranga (PR) 2026-09-28 — ""chamamento público"" ""organizações da sociedade civil""";;estudo local (dados do sistema) — verifi;pendente;fora;poder_publico;chamamento_publico;;;0;sem_evidencia;False;sem livro: fora da abrangência: oportunidade pública municipal de outro estado (só Goiás tem livros municipais);não localizado;não localizado;não localizado;não localizado;não localizado;não localizado;não localizado;não localizado;não localizado;não localizado;não localizado;não localizado;Estudo local: 0/12 itens já registrados no sistema. Chamamento/edital com seleção: nenhum item é dispensável pelo tipo. Próximo passo: ler o edital no PNCP/diário pelo navegador e fechar os itens em falta.
PR · Chamamentos em diário oficial;a44b4fc1f114d001d840;"Diário Oficial de Pinhais (PR) 2026-09-28 — ""chamamento público"" ""organizações da sociedade civil""";;estudo local (dados do sistema) — verifi;pendente;fora;poder_publico;chamamento_publico;;;0;sem_evidencia;False;sem livro: fora da abrangência: oportunidade pública municipal de outro estado (só Goiás tem livros municipais);não localizado;não localizado;não localizado;não localizado;não localizado;não localizado;não localizado;não localizado;não localizado;não localizado;não localizado;não localizado;Estudo local: 0/12 itens já registrados no sistema. Chamamento/edital com seleção: nenhum item é dispensável pelo tipo. Próximo passo: ler o edital no PNCP/diário pelo navegador e fechar os itens em falta.
PR · Chamamentos em diário oficial;6d6820e458bf2f0f6f8a;"Diário Oficial de Primeiro de Maio (PR) 2026-09-29 — ""chamamento público"" ""organizações da sociedade civil""";;estudo local (dados do sistema) — verifi;pendente;fora;poder_publico;chamamento_publico;;;0;sem_evidencia;False;sem livro: fora da abrangência: oportunidade pública municipal de outro estado (só Goiás tem livros municipais);não localizado;não localizado;não localizado;não localizado;não localizado;não localizado;não localizado;não localizado;não localizado;não localizado;não localizado;não localizado;Estudo local: 0/12 itens já registrados no sistema. Chamamento/edital com seleção: nenhum item é dispensável pelo tipo. Próximo passo: ler o edital no PNCP/diário pelo navegador e fechar os itens em falta.
PR · Chamamentos em diário oficial;e8029e2f9280c594c969;"Diário Oficial de São Mateus do Sul (PR) 2026-09-28 — ""chamamento público"" ""organizações da sociedade civil""";;estudo local (dados do sistema) — verifi;pendente;fora;poder_publico;chamamento_publico;;;0;sem_evidencia;False;sem livro: fora da abrangência: oportunidade pública municipal de outro estado (só Goiás tem livros municipais);não localizado;não localizado;não localizado;não localizado;não localizado;não localizado;não localizado;não localizado;não localizado;não localizado;não localizado;não localizado;Estudo local: 0/12 itens já registrados no sistema. Chamamento/edital com seleção: nenhum item é dispensável pelo tipo. Próximo passo: ler o edital no PNCP/diário pelo navegador e fechar os itens em falta.
PR · Criança e adolescente;cd7d07b0009238ddda36;MUNICIPIO DE CLEVELANDIA — Chamamento Público destinado à seleção de projetos de Organizações da Sociedade Civil - OSCs, regularmente registradas e at;MUNICIPIO DE CLEVELANDIA;estudo local (dados do sistema) — verifi;pendente;fora;poder_publico;chamamento_publico;2027-02-02;;0;sem_evidencia;False;op-9b3bb66d5da5;não localizado;não localizado;não localizado;não localizado;não localizado;não localizado;não localizado;não localizado;não localizado;não localizado;não localizado;não localizado;Estudo local: 0/12 itens já registrados no sistema. Chamamento/edital com seleção: nenhum item é dispensável pelo tipo. Próximo passo: ler o edital no PNCP/diário pelo navegador e fechar os itens em falta.
PR · Cultura;agr-a5368ba5557b;ContraFluxo – Chamada para organizações sociais de Curitiba (PR) que queiram transformar uma causa em filme;Ministério da Cultura;estudo local (dados do sistema) — verifi;pendente;fora;poder_publico;chamamento_publico;;https://www.cultura.pr.gov.br/Categoria-de-Pagina/Editais;0;sem_evidencia;False;op-56d1b0cc44e7;não localizado;não localizado;não localizado;não localizado;não localizado;não localizado;não localizado;não localizado;não localizado;não localizado;não localizado;não localizado;Estudo local: 0/12 itens já registrados no sistema. Chamamento/edital com seleção: nenhum item é dispensável pelo tipo. Próximo passo: ler o edital no PNCP/diário pelo navegador e fechar os itens em falta.
PR · Cultura;97fabcfdd67d8a286b52;"Diário Oficial de Arapongas (PR) 2026-09-16 — ""edital de chamamento público"" associação";Prefeitura Municipal de Arapongas;estudo local (dados do sistema) — verifi;pendente;fora;poder_publico;chamamento_publico;;https://www.arapongas.pr.gov.br/editais/2023/set/29.09_assinado.pdf;8;pistas_locais_a_confirmar;False;sem livro: fora da abrangência: oportunidade pública municipal de outro estado (só Goiás tem livros municipais);confirmado;não localizado;não localizado;não localizado;não localizado;confirmado;confirmado;confirmado;confirmado;confirmado;confirmado;confirmado;Estudo local: 8/12 itens já registrados no sistema. Chamamento/edital com seleção: nenhum item é dispensável pelo tipo. Próximo passo: ler o edital no PNCP/diário pelo navegador e fechar os itens em falta.
PR · Cultura;0d5b91d777bd5cd341db;"Diário Oficial de Arapongas (PR) 2026-09-17 — ""edital de chamamento público"" associação";Município de Arapongas;estudo local (dados do sistema) — verifi;pendente;fora;poder_publico;chamamento_publico;;https://sapl.arapongas.pr.leg.br/media/sapl/public/documentoacessorio/2026/888/plano_municipal_voo_cultural_2026_1_1.pdf;6;pistas_locais_a_confirmar;False;sem livro: fora da abrangência: oportunidade pública municipal de outro estado (só Goiás tem livros municipais);confirmado;não localizado;não localizado;não localizado;não localizado;confirmado;confirmado;confirmado;não localizado;confirmado;confirmado;não localizado;Estudo local: 6/12 itens já registrados no sistema. Chamamento/edital com seleção: nenhum item é dispensável pelo tipo. Próximo passo: ler o edital no PNCP/diário pelo navegador e fechar os itens em falta.
PR · Cultura;16e89e9dee668529ef38;"Diário Oficial de Pinhais (PR) 2026-08-28 — ""chamamento público"" ""organizações da sociedade civil""";MINISTÉRIO DA CULTURA;estudo local (dados do sistema) — verifi;pendente;fora;poder_publico;chamamento_publico;;https://catalao.go.gov.br/producao/public/index.php/avisos/edital-de-chamamento-publico/chamamento-publico-politica-nacional-aldir-blanc-de-fomento-a-cultura-pnab;8;sem_evidencia;False;op-c79c9e33ec6b;confirmado;não localizado;não localizado;não localizado;confirmado;confirmado;confirmado;confirmado;não localizado;confirmado;confirmado;confirmado;Estudo local: 8/12 itens já registrados no sistema. Chamamento/edital com seleção: nenhum item é dispensável pelo tipo. Próximo passo: ler o edital no PNCP/diário pelo navegador e fechar os itens em falta.
PR · Cultura;eaf338374cd00fe1e042;MUNICIPIO DE CAFELANDIA — SELEÇÃO DE ORGANIZAÇÕES DA SOCIEDADE CIVIL - OSCS, SEM FINS LUCRATIVOS, PARA CELEBRAÇÃO DE TERMO DE COLABORAÇÃO, NOS TERMOS ;MUNICIPIO DE CAFELANDIA;estudo local (dados do sistema) — verifi;pendente;fora;poder_publico;chamamento_publico;2026-10-19;;0;sem_evidencia;False;op-bb6cb0abbf21;não localizado;não localizado;não localizado;não localizado;não localizado;não localizado;não localizado;não localizado;não localizado;não localizado;não localizado;não localizado;Estudo local: 0/12 itens já registrados no sistema. Chamamento/edital com seleção: nenhum item é dispensável pelo tipo. Próximo passo: ler o edital no PNCP/diário pelo navegador e fechar os itens em falta.
PR · Cultura;b8b9f49ac12387efb376;MUNICIPIO DE IVAIPORA — PREMIAÇÃO POR TRAJETÓRIA, PREVISTO EM PLANO DE AÇÃO DA PNAB, EM ATENDIMENTO ÀS NECESSIDADES DA SECRETARIA MUNICIPAL DE CULTURA;MUNICIPIO DE IVAIPORA;estudo local (dados do sistema) — verifi;pendente;fora;poder_publico;chamamento_publico;2026-10-20;;0;sem_evidencia;False;op-e520da727edc;não localizado;não localizado;não localizado;não localizado;não localizado;não localizado;não localizado;não localizado;não localizado;não localizado;não localizado;não localizado;Estudo local: 0/12 itens já registrados no sistema. Chamamento/edital com seleção: nenhum item é dispensável pelo tipo. Próximo passo: ler o edital no PNCP/diário pelo navegador e fechar os itens em falta.
PR · Cultura;agr-5ca13155a606;CHAMAMENTO PÚBLICO PARA CREDENCIAMENTO DE PESSOAS FÍSICAS OU JURÍDICAS, SENDO PROFISSIONAIS PARA PRESTAÇÃO DE… — MUNICIPIO DE ARAPONGAS;MUNICIPIO DE ARAPONGAS;estudo local (dados do sistema) — verifi;pendente;fora;poder_publico;credenciamento;;;0;sem_evidencia;False;sem livro: não é seleção aberta a associações (dispensa/inexigibilidade de chamamento, credenciamento de pessoa física ou compra);não localizado;não localizado;não localizado;não localizado;não localizado;não localizado;não localizado;não localizado;não localizado;não localizado;não localizado;não localizado;Estudo local: 0/12 itens já registrados no sistema. Prazo de inscrição e Valor podem ser dispensa pelo tipo (art. 79 da Lei 14.133/2021) se o edital confirmar cadastramento permanente e tabela fixa. Próximo passo: ler o edital no PNCP/diário pelo navegador e fechar os itens em falta.
PR · Cultura;agr-ec278b38830d;CREDENCIAMENTO DE ARTISTAS, MÚSICOS, BANDAS, DJS, GRUPOS ARTÍSTICO-CULTURAIS, MANIFESTAÇÕES TRADICIONAIS… — MUNICIPIO DE MATINHOS;MUNICIPIO DE MATINHOS;estudo local (dados do sistema) — verifi;pendente;fora;poder_publico;credenciamento;;;0;sem_evidencia;False;op-472c8bcf7e27;não localizado;não localizado;não localizado;não localizado;não localizado;não localizado;não localizado;não localizado;não localizado;não localizado;não localizado;não localizado;Estudo local: 0/12 itens já registrados no sistema. Prazo de inscrição e Valor podem ser dispensa pelo tipo (art. 79 da Lei 14.133/2021) se o edital confirmar cadastramento permanente e tabela fixa. Próximo passo: ler o edital no PNCP/diário pelo navegador e fechar os itens em falta.
PR · Cultura;agr-abb60b19b0ed;CREDENCIAMENTO DE PESSOAS FÍSICAS PARA REALIZAÇÃO DE SHOWS MUSICAIS AO VIVO, destinados ao atendimento das… — MUNICIPIO DE PARANAPOEMA;MUNICIPIO DE PARANAPOEMA;estudo local (dados do sistema) — verifi;pendente;fora;poder_publico;credenciamento;;;0;sem_evidencia;False;sem livro: não é seleção aberta a associações (dispensa/inexigibilidade de chamamento, credenciamento de pessoa física ou compra);não localizado;não localizado;não localizado;não localizado;não localizado;não localizado;não localizado;não localizado;não localizado;não localizado;não localizado;não localizado;Estudo local: 0/12 itens já registrados no sistema. Prazo de inscrição e Valor podem ser dispensa pelo tipo (art. 79 da Lei 14.133/2021) se o edital confirmar cadastramento permanente e tabela fixa. Próximo passo: ler o edital no PNCP/diário pelo navegador e fechar os itens em falta.
PR · Cultura;agr-8babf549f396;Credenciamento consiste na realização de cadastro de Pessoas Jurídicas, inclusive Microempreendedores… — MUNICIPIO DE PEROBAL;MUNICIPIO DE PEROBAL;estudo local (dados do sistema) — verifi;pendente;fora;poder_publico;credenciamento;;;0;sem_evidencia;False;op-46fdf618b935;não localizado;não localizado;não localizado;não localizado;não localizado;não localizado;não localizado;não localizado;não localizado;não localizado;não localizado;não localizado;Estudo local: 0/12 itens já registrados no sistema. Prazo de inscrição e Valor podem ser dispensa pelo tipo (art. 79 da Lei 14.133/2021) se o edital confirmar cadastramento permanente e tabela fixa. Próximo passo: ler o edital no PNCP/diário pelo navegador e fechar os itens em falta.
PR · Cultura;agr-58c3f914b193;IV FESCAM – Festival da Canção de Medianeira – Edição 2026, festival de interpretação musical destinado… — MUNICIPIO DE MEDIANEIRA;MUNICIPIO DE MEDIANEIRA;estudo local (dados do sistema) — verifi;pendente;fora;poder_publico;chamamento_publico;;;0;sem_evidencia;False;op-e2a50ceb0abe;não localizado;não localizado;não localizado;não localizado;não localizado;não localizado;não localizado;não localizado;não localizado;não localizado;não localizado;não localizado;Estudo local: 0/12 itens já registrados no sistema. Chamamento/edital com seleção: nenhum item é dispensável pelo tipo. Próximo passo: ler o edital no PNCP/diário pelo navegador e fechar os itens em falta.
PR · Cultura;agr-64c2869671e2;“CHAMAMENTO PÚBLICO PARA CREDENCIAMENTO DE ARTISTAS LOCAIS/REGIONAIS”, mediante pagamento de cachê, com base… — MUNICIPIO DE ALMIRANTE TAMANDARE;MUNICIPIO DE ALMIRANTE TAMANDARE;estudo local (dados do sistema) — verifi;pendente;fora;poder_publico;credenciamento;;;0;sem_evidencia;False;op-5366e4cb496c;não localizado;não localizado;não localizado;não localizado;não localizado;não localizado;não localizado;não localizado;não localizado;não localizado;não localizado;não localizado;Estudo local: 0/12 itens já registrados no sistema. Prazo de inscrição e Valor podem ser dispensa pelo tipo (art. 79 da Lei 14.133/2021) se o edital confirmar cadastramento permanente e tabela fixa. Próximo passo: ler o edital no PNCP/diário pelo navegador e fechar os itens em falta.
PR · Educação;op-op-658ed6de4b10;Chamamento Público para firmar Termo de Colaboração com Organização da Sociedade Civil, sem fins lucrativos, que execute Serviço de Educação Básica e ;Prefeitura Municipal de Guaíra;estudo local (dados do sistema) — verifi;pendente;fora;poder_publico;patrocinio_privado;;https://www.guaira.pr.gov.br/chamamentos/todos/121;8;pistas_locais_a_confirmar;False;sem livro: fora da abrangência: oportunidade pública municipal de outro estado (só Goiás tem livros municipais);confirmado;não localizado;não localizado;não localizado;não localizado;confirmado;confirmado;confirmado;confirmado;confirmado;confirmado;confirmado;Estudo local: 8/12 itens já registrados no sistema. Prazo de recurso tende a ser dispensa pelo tipo (regulamento privado). Próximo passo: ler o edital no PNCP/diário pelo navegador e fechar os itens em falta.
PR · Educação;69183c19f4109edfe34d;MUNICIPIO DE QUATIGUA — Credenciamento para seleção de associação de estudantes regularmente constituída, sem fins lucrativos, para a cessão de uso, a;MUNICIPIO DE QUATIGUA;estudo local (dados do sistema) — verifi;pendente;fora;poder_publico;credenciamento;2027-04-22;;0;sem_evidencia;False;op-668b86d4dc91;não localizado;não localizado;não localizado;não localizado;não localizado;não localizado;não localizado;não localizado;não localizado;não localizado;não localizado;não localizado;Estudo local: 0/12 itens já registrados no sistema. Prazo de inscrição e Valor podem ser dispensa pelo tipo (art. 79 da Lei 14.133/2021) se o edital confirmar cadastramento permanente e tabela fixa. Próximo passo: ler o edital no PNCP/diário pelo navegador e fechar os itens em falta.
PR · Meio ambiente e clima;7dea72097c1a02157929;"Diário Oficial de Pinhais (PR) 2026-08-21 — ""edital de chamamento público"" associação";Município de Pinhais;estudo local (dados do sistema) — verifi;pendente;fora;poder_publico;chamamento_publico;;;5;pistas_locais_a_confirmar;False;sem livro: fora da abrangência: oportunidade pública municipal de outro estado (só Goiás tem livros municipais);confirmado;não localizado;não localizado;não localizado;não localizado;confirmado;confirmado;confirmado;não localizado;confirmado;não localizado;não localizado;Estudo local: 5/12 itens já registrados no sistema. Chamamento/edital com seleção: nenhum item é dispensável pelo tipo. Próximo passo: ler o edital no PNCP/diário pelo navegador e fechar os itens em falta.
PR · Meio ambiente e clima;0dfc53b2787c26812fd2;DEFENSORIA PUBLICA DO ESTADO DO PARANA — O objeto do presente credenciamento selecionar associações e/ou cooperativas de catadores de materiais recicl;DEFENSORIA PUBLICA DO ESTADO DO PARANA;estudo local (dados do sistema) — verifi;pendente;fora;poder_publico;credenciamento;2026-12-31;;0;sem_evidencia;False;op-22c0f9a5fc02;não localizado;não localizado;não localizado;não localizado;não localizado;não localizado;não localizado;não localizado;não localizado;não localizado;não localizado;não localizado;Estudo local: 0/12 itens já registrados no sistema. Prazo de inscrição e Valor podem ser dispensa pelo tipo (art. 79 da Lei 14.133/2021) se o edital confirmar cadastramento permanente e tabela fixa. Próximo passo: ler o edital no PNCP/diário pelo navegador e fechar os itens em falta.
PR · Outras;agr-a64c3c7ec87a;Edital CAU/PR 2026: Captação e Regras da Chamada Pública;CAU/PR;estudo local (dados do sistema) — verifi;pendente;fora;poder_publico;chamamento_publico;;https://eleicoes2026.caupr.gov.br/normativos/;1;sem_evidencia;False;sem livro: fora da abrangência: oportunidade pública municipal de outro estado (só Goiás tem livros municipais);não localizado;não localizado;não localizado;não localizado;não localizado;não localizado;não localizado;não localizado;não localizado;confirmado;não localizado;não localizado;Estudo local: 1/12 itens já registrados no sistema. Chamamento/edital com seleção: nenhum item é dispensável pelo tipo. Próximo passo: ler o edital no PNCP/diário pelo navegador e fechar os itens em falta.
PR · Outras;16872582ce529dbad93a;MUNICIPIO DE CAMPINA DA LAGOA — Chamamento Público de Instituições/Associações Estudantis e de Acadêmicos, sem ?ns lucrativos, regularmente constituíd;MUNICIPIO DE CAMPINA DA LAGOA;estudo local (dados do sistema) — verifi;pendente;fora;poder_publico;chamamento_publico;2026-12-31;;0;sem_evidencia;False;op-95a3a52a9382;não localizado;não localizado;não localizado;não localizado;não localizado;não localizado;não localizado;não localizado;não localizado;não localizado;não localizado;não localizado;Estudo local: 0/12 itens já registrados no sistema. Chamamento/edital com seleção: nenhum item é dispensável pelo tipo. Próximo passo: ler o edital no PNCP/diário pelo navegador e fechar os itens em falta.
PR · Outras;4c6ff39d88c1c0d84ebf;MUNICIPIO DE GUAIRA — Credenciamento de cooperativas de crédito autorizadas a funcionar pelo Banco Central do Brasil e legalmente aptas à captação de ;MUNICIPIO DE GUAIRA;estudo local (dados do sistema) — verifi;pendente;fora;poder_publico;credenciamento;2027-07-21;;0;pistas_locais_a_confirmar;False;op-531a7fa2f804;não localizado;não localizado;não localizado;não localizado;não localizado;não localizado;não localizado;não localizado;não localizado;não localizado;não localizado;não localizado;Estudo local: 0/12 itens já registrados no sistema. Prazo de inscrição e Valor podem ser dispensa pelo tipo (art. 79 da Lei 14.133/2021) se o edital confirmar cadastramento permanente e tabela fixa. Próximo passo: ler o edital no PNCP/diário pelo navegador e fechar os itens em falta.
PR · Pessoa idosa;20c113b4a7496ee6b118;MUNICIPIO DE DOIS VIZINHOS — Credenciamento de Instituições de Longa Permanência para Idosos – ILPI, para prestação de serviços de acolhimento institu;MUNICIPIO DE DOIS VIZINHOS;estudo local (dados do sistema) — verifi;pendente;fora;poder_publico;credenciamento;2026-12-01;;0;sem_evidencia;False;op-38d483143939;não localizado;não localizado;não localizado;não localizado;não localizado;não localizado;não localizado;não localizado;não localizado;não localizado;não localizado;não localizado;Estudo local: 0/12 itens já registrados no sistema. Prazo de inscrição e Valor podem ser dispensa pelo tipo (art. 79 da Lei 14.133/2021) se o edital confirmar cadastramento permanente e tabela fixa. Próximo passo: ler o edital no PNCP/diário pelo navegador e fechar os itens em falta.
PR · Pessoa idosa;d86b3f3fe797d42267ef;MUNICIPIO DE RIO NEGRO — Credenciamento de Instituições de acolhimento para pessoas adultas e de longa permanência para idosos.;MUNICIPIO DE RIO NEGRO;estudo local (dados do sistema) — verifi;pendente;fora;poder_publico;credenciamento;2027-04-09;;0;sem_evidencia;False;op-82c44881b205;não localizado;não localizado;não localizado;não localizado;não localizado;não localizado;não localizado;não localizado;não localizado;não localizado;não localizado;não localizado;Estudo local: 0/12 itens já registrados no sistema. Prazo de inscrição e Valor podem ser dispensa pelo tipo (art. 79 da Lei 14.133/2021) se o edital confirmar cadastramento permanente e tabela fixa. Próximo passo: ler o edital no PNCP/diário pelo navegador e fechar os itens em falta.
PR · Pessoa idosa;a5b735b5c65fa78c06c8;MUNICIPIO DE CASTRO — CHAMAMENTO PÚBLICO PARA FINS DE CREDENCIAMENTO DE COOPERATIVA OU ASSOCIAÇÃO OU DA INICI­ATIVA PRIVADA DE MATERIAIS RECICLÁVEIS E;MUNICIPIO DE CASTRO;estudo local (dados do sistema) — verifi;pendente;fora;poder_publico;credenciamento;2027-06-11;;0;pistas_locais_a_confirmar;False;op-db3a5b5a861e;não localizado;não localizado;não localizado;não localizado;não localizado;não localizado;não localizado;não localizado;não localizado;não localizado;não localizado;não localizado;Estudo local: 0/12 itens já registrados no sistema. Prazo de inscrição e Valor podem ser dispensa pelo tipo (art. 79 da Lei 14.133/2021) se o edital confirmar cadastramento permanente e tabela fixa. Próximo passo: ler o edital no PNCP/diário pelo navegador e fechar os itens em falta.
PR · Pessoa idosa;dff5896618cb3113b654;MUNICIPIO DE CEU AZUL — CREDENCIAMENTO de Instituições de Longa Permanência para Idosos (ILPIs), que tenham interesse em prestar serviços de acolhimen;MUNICIPIO DE CEU AZUL;estudo local (dados do sistema) — verifi;pendente;fora;poder_publico;credenciamento;2027-06-22;;0;sem_evidencia;False;op-93bf84cd4b54;não localizado;não localizado;não localizado;não localizado;não localizado;não localizado;não localizado;não localizado;não localizado;não localizado;não localizado;não localizado;Estudo local: 0/12 itens já registrados no sistema. Prazo de inscrição e Valor podem ser dispensa pelo tipo (art. 79 da Lei 14.133/2021) se o edital confirmar cadastramento permanente e tabela fixa. Próximo passo: ler o edital no PNCP/diário pelo navegador e fechar os itens em falta.
PR · Pessoa idosa;676eea1770c7497b7cf9;MUNICIPIO DE RIO BRANCO DO SUL — Credenciamento de associações e/ou cooperativas de catadores de materiais recicláveis para a prestação de serviços de;MUNICIPIO DE RIO BRANCO DO SUL;estudo local (dados do sistema) — verifi;pendente;fora;poder_publico;credenciamento;2028-03-17;;0;pistas_locais_a_confirmar;False;op-6ff37055ad13;não localizado;não localizado;não localizado;não localizado;não localizado;não localizado;não localizado;não localizado;não localizado;não localizado;não localizado;não localizado;Estudo local: 0/12 itens já registrados no sistema. Prazo de inscrição e Valor podem ser dispensa pelo tipo (art. 79 da Lei 14.133/2021) se o edital confirmar cadastramento permanente e tabela fixa. Próximo passo: ler o edital no PNCP/diário pelo navegador e fechar os itens em falta.
PR · Pessoa idosa;7f36da8ad9945612c787;MUNICIPIO DE TELEMACO BORBA — Credenciamento de cooperativas e associações de catadores de materiais recicláveis, bem como organizações não governamen;MUNICIPIO DE TELEMACO BORBA;estudo local (dados do sistema) — verifi;pendente;fora;poder_publico;credenciamento;2030-08-16;;0;sem_evidencia;False;op-224b42fd5df3;não localizado;não localizado;não localizado;não localizado;não localizado;não localizado;não localizado;não localizado;não localizado;não localizado;não localizado;não localizado;Estudo local: 0/12 itens já registrados no sistema. Prazo de inscrição e Valor podem ser dispensa pelo tipo (art. 79 da Lei 14.133/2021) se o edital confirmar cadastramento permanente e tabela fixa. Próximo passo: ler o edital no PNCP/diário pelo navegador e fechar os itens em falta.
PR · Saúde;18ce3b23689294c77ab1;FUNDACAO ESTATAL DE ATENCAO EM SAUDE DO ESTADO DO PARANA - FUNEAS-PARANA — Contratação de entidade qualificada em formação técnico-profissional metódi;FUNDACAO ESTATAL DE ATENCAO EM SAUDE DO ESTADO DO PARANA - FUNEAS-PARANA;estudo local (dados do sistema) — verifi;pendente;fora;poder_publico;chamamento_publico;2026-10-07;;0;sem_evidencia;False;op-0cf2e2e7b597;não localizado;não localizado;não localizado;não localizado;não localizado;não localizado;não localizado;não localizado;não localizado;não localizado;não localizado;não localizado;Estudo local: 0/12 itens já registrados no sistema. Chamamento/edital com seleção: nenhum item é dispensável pelo tipo. Próximo passo: ler o edital no PNCP/diário pelo navegador e fechar os itens em falta.
PR · Saúde;09120767f8e3c4ffc74e;MUNICIPIO DE GUAIRA — Chamamento Público para firmar Termo de Colaboração com Organização da Sociedade Civil, sem fins lucrativos, que execute Serviço;MUNICIPIO DE GUAIRA;estudo local (dados do sistema) — verifi;pendente;fora;poder_publico;chamamento_publico;2026-10-08;;0;pistas_locais_a_confirmar;False;op-a200b492ac8e;não localizado;não localizado;não localizado;não localizado;não localizado;não localizado;não localizado;não localizado;não localizado;não localizado;não localizado;não localizado;Estudo local: 0/12 itens já registrados no sistema. Chamamento/edital com seleção: nenhum item é dispensável pelo tipo. Próximo passo: ler o edital no PNCP/diário pelo navegador e fechar os itens em falta.
PR · Saúde;5a7c5c901874ff298d04;MUNICIPIO DE DOIS VIZINHOS — Credenciamento de entidades filantrópicas, entidades sem fins lucrativos ou empresas privadas para realização de exames l;MUNICIPIO DE DOIS VIZINHOS;estudo local (dados do sistema) — verifi;pendente;fora;poder_publico;credenciamento;2027-05-20;;0;sem_evidencia;False;op-a6b4dd53ed06;não localizado;não localizado;não localizado;não localizado;não localizado;não localizado;não localizado;não localizado;não localizado;não localizado;não localizado;não localizado;Estudo local: 0/12 itens já registrados no sistema. Prazo de inscrição e Valor podem ser dispensa pelo tipo (art. 79 da Lei 14.133/2021) se o edital confirmar cadastramento permanente e tabela fixa. Próximo passo: ler o edital no PNCP/diário pelo navegador e fechar os itens em falta.
PR · Saúde;b327f67d492dd8ea3156;MUNICIPIO DE MATINHOS — CREDENCIAMENTO DE INSTITUIÇÕES ESPECIALIZADAS PARA PRESTAÇÃO DE SERVIÇOS DE ACOLHIMENTO INSTITUCIONAL DE LONGA PERMANÊNCIA DES;MUNICIPIO DE MATINHOS;estudo local (dados do sistema) — verifi;pendente;fora;poder_publico;credenciamento;2027-06-07;;0;sem_evidencia;False;op-f7bca31d55fd;não localizado;não localizado;não localizado;não localizado;não localizado;não localizado;não localizado;não localizado;não localizado;não localizado;não localizado;não localizado;Estudo local: 0/12 itens já registrados no sistema. Prazo de inscrição e Valor podem ser dispensa pelo tipo (art. 79 da Lei 14.133/2021) se o edital confirmar cadastramento permanente e tabela fixa. Próximo passo: ler o edital no PNCP/diário pelo navegador e fechar os itens em falta.
CE · Assistência social;7e88f1b374732125b1f4;MUNICIPIO DE EUSEBIO — Chamamento Público para credenciamento de entidades privadas, sem fins lucrativos, que realizem acolhimento exclusivamente volu;MUNICIPIO DE EUSEBIO;estudo local (dados do sistema) — verifi;pendente;fora;poder_publico;credenciamento;2027-03-26;;0;sem_evidencia;False;op-c2ac1918c8d5;não localizado;não localizado;não localizado;não localizado;não localizado;não localizado;não localizado;não localizado;não localizado;não localizado;não localizado;não localizado;Estudo local: 0/12 itens já registrados no sistema. Prazo de inscrição e Valor podem ser dispensa pelo tipo (art. 79 da Lei 14.133/2021) se o edital confirmar cadastramento permanente e tabela fixa. Próximo passo: ler o edital no PNCP/diário pelo navegador e fechar os itens em falta.
CE · Criança e adolescente;5c966ad06907b5684fbb;MUNICIPIO DE IGUATU — Seleção de Organização da Sociedade Civil – OSC para execução, em regime de colaboração com o Município, de serviços educacionai;MUNICIPIO DE IGUATU;estudo local (dados do sistema) — verifi;pendente;fora;poder_publico;chamamento_publico;2026-10-05;;0;sem_evidencia;False;op-7ee7bf8d3c8b;não localizado;não localizado;não localizado;não localizado;não localizado;não localizado;não localizado;não localizado;não localizado;não localizado;não localizado;não localizado;Estudo local: 0/12 itens já registrados no sistema. Chamamento/edital com seleção: nenhum item é dispensável pelo tipo. Próximo passo: ler o edital no PNCP/diário pelo navegador e fechar os itens em falta.
CE · Criança e adolescente;f2329152462a87d05c3f;MUNICIPIO DE MARACANAU — HAMAMENTO PÚBLICO PARA CREDENCIAMENTO DE ENTIDADES COMUNITÁRIAS, SEM FINS LUCRATIVOS/ECONÔMICOS, REGULARMENTE CONSTITUÍDAS, M;MUNICIPIO DE MARACANAU;estudo local (dados do sistema) — verifi;pendente;fora;poder_publico;credenciamento;2026-12-31;;0;sem_evidencia;False;op-f5bc34d20840;não localizado;não localizado;não localizado;não localizado;não localizado;não localizado;não localizado;não localizado;não localizado;não localizado;não localizado;não localizado;Estudo local: 0/12 itens já registrados no sistema. Prazo de inscrição e Valor podem ser dispensa pelo tipo (art. 79 da Lei 14.133/2021) se o edital confirmar cadastramento permanente e tabela fixa. Próximo passo: ler o edital no PNCP/diário pelo navegador e fechar os itens em falta.
CE · Cultura;agr-fd51dd4ab18f;Chamamento Público PMI/SMS Iguatu 2026: Guia Completo;Prefeitura Municipal de Iguatu;estudo local (dados do sistema) — verifi;pendente;fora;poder_publico;chamamento_publico;;https://s3.amazonaws.com/portalleg-producao/ce_pm_iguatu/16.editaleanexos.pdf;7;sem_evidencia;False;sem livro: fora da abrangência: oportunidade pública municipal de outro estado (só Goiás tem livros municipais);confirmado;não localizado;não localizado;não localizado;não localizado;confirmado;confirmado;confirmado;confirmado;confirmado;confirmado;não localizado;Estudo local: 7/12 itens já registrados no sistema. Chamamento/edital com seleção: nenhum item é dispensável pelo tipo. Próximo passo: ler o edital no PNCP/diário pelo navegador e fechar os itens em falta.
CE · Cultura;agr-6d5fba83c3be;EDITAL DE FOMENTO A AÇÕES CULTURAIS - POLÍTICA NACIONAL ALDIR BLANC - MARANGUAPE - EDITAL Nº 008/2026- LINGUAGEM DIVERSAS DA CULTURA.;Prefeitura Municipal de Maranguape;estudo local (dados do sistema) — verifi;pendente;fora;poder_publico;chamamento_publico;;https://www.maranguape.ce.gov.br/informa/328/edital-de-fomento-n-004-2026-espa-os-culturais;10;sem_evidencia;False;sem livro: fora da abrangência: oportunidade pública municipal de outro estado (só Goiás tem livros municipais);confirmado;dispensado pelo edital;não localizado;não localizado;dispensado pelo edital;confirmado;confirmado;confirmado;confirmado;confirmado;confirmado;confirmado;Estudo local: 10/12 itens já registrados no sistema. Chamamento/edital com seleção: nenhum item é dispensável pelo tipo. Próximo passo: ler o edital no PNCP/diário pelo navegador e fechar os itens em falta.
CE · Cultura;agr-c8a00c111ae9;EDITAL DE SUBSÍDIO PARA MANUTENÇÃO DE ESPAÇOS, AMBIENTES E INICIATIVAS ARTÍSTICO-CULTURAIS;Prefeitura Municipal de Potengi através da Secretaria de Cultura, Turismo, Esporte e Juventude;estudo local (dados do sistema) — verifi;pendente;fora;poder_publico;chamamento_publico;;https://potengi.ce.gov.br/publicacoes.php?pagina=1;2;sem_evidencia;False;sem livro: fora da abrangência: oportunidade pública municipal de outro estado (só Goiás tem livros municipais);não localizado;não localizado;não localizado;não localizado;não localizado;confirmado;não localizado;confirmado;não localizado;não localizado;não localizado;não localizado;Estudo local: 2/12 itens já registrados no sistema. Chamamento/edital com seleção: nenhum item é dispensável pelo tipo. Próximo passo: ler o edital no PNCP/diário pelo navegador e fechar os itens em falta.
CE · Cultura;agr-cba3193062dd;Edital Sobral 2026: Projetos Culturais e PNAB;Município de Sobral;estudo local (dados do sistema) — verifi;pendente;fora;poder_publico;chamamento_publico;;https://licitario.com.br/fomento/edital-de-fomento-as-linguagens-artisticas-do-municipio-de-sobral-pnab-xwqbzs;9;sem_evidencia;False;sem livro: fora da abrangência: oportunidade pública municipal de outro estado (só Goiás tem livros municipais);confirmado;não localizado;não localizado;não localizado;confirmado;confirmado;confirmado;confirmado;confirmado;confirmado;confirmado;confirmado;Estudo local: 9/12 itens já registrados no sistema. Chamamento/edital com seleção: nenhum item é dispensável pelo tipo. Próximo passo: ler o edital no PNCP/diário pelo navegador e fechar os itens em falta.
CE · Cultura;agr-8ad632612b62;"SELEÇÃO DE PROJETOS PARA CULTURA E INFÂNCIAS; OBRAS ARTÍSTICAS PARA CIRCULAÇÃO; EVENTOS ARTÍSTICO-CULTURAIS… — MUNICIPIO DE SOBRAL";MUNICIPIO DE SOBRAL;estudo local (dados do sistema) — verifi;pendente;fora;poder_publico;chamamento_publico;;https://licitario.com.br/segmentos/eventos-e-cultura;0;sem_evidencia;False;sem livro: fora da abrangência: oportunidade pública municipal de outro estado (só Goiás tem livros municipais);não localizado;não localizado;não localizado;não localizado;não localizado;não localizado;não localizado;não localizado;não localizado;não localizado;não localizado;não localizado;Estudo local: 0/12 itens já registrados no sistema. Chamamento/edital com seleção: nenhum item é dispensável pelo tipo. Próximo passo: ler o edital no PNCP/diário pelo navegador e fechar os itens em falta.
CE · Cultura;10a6c7656762dd1545d2;MUNICIPIO DE SENADOR POMPEU — Constitui objeto desta chamada pública a seleção e apoio a realização de iniciativa destinada à promoção, preservação e ;MUNICIPIO DE SENADOR POMPEU;estudo local (dados do sistema) — verifi;pendente;fora;poder_publico;chamamento_publico;2026-10-26;;0;sem_evidencia;False;op-9dce2aa91ef4;não localizado;não localizado;não localizado;não localizado;não localizado;não localizado;não localizado;não localizado;não localizado;não localizado;não localizado;não localizado;Estudo local: 0/12 itens já registrados no sistema. Chamamento/edital com seleção: nenhum item é dispensável pelo tipo. Próximo passo: ler o edital no PNCP/diário pelo navegador e fechar os itens em falta.
CE · Cultura;agr-9805215a83ea;1º EDITAL DE CHAMAMENTO PÚBLICO PARA REALIZAÇÃO DO PROGRAMA DE ARTE E CULTURA DIGITAL NO CEARÁ;;estudo local (dados do sistema) — verifi;pendente;fora;poder_publico;chamamento_publico;;https://mapacultural.secult.ce.gov.br/oportunidade/8263/;0;sem_evidencia;False;op-b8513b87a973;não localizado;não localizado;não localizado;não localizado;não localizado;não localizado;não localizado;não localizado;não localizado;não localizado;não localizado;não localizado;Estudo local: 0/12 itens já registrados no sistema. Chamamento/edital com seleção: nenhum item é dispensável pelo tipo. Próximo passo: ler o edital no PNCP/diário pelo navegador e fechar os itens em falta.
CE · Cultura;agr-ffa8f0d4d6bf;1º EDITAL DE CIRCULAÇÃO E INTERCÂMBIO CULTURAL;;estudo local (dados do sistema) — verifi;pendente;fora;poder_publico;chamamento_publico;;https://mapacultural.secult.ce.gov.br/oportunidade/8086/;0;sem_evidencia;False;op-81d969c2909f;não localizado;não localizado;não localizado;não localizado;não localizado;não localizado;não localizado;não localizado;não localizado;não localizado;não localizado;não localizado;Estudo local: 0/12 itens já registrados no sistema. Chamamento/edital com seleção: nenhum item é dispensável pelo tipo. Próximo passo: ler o edital no PNCP/diário pelo navegador e fechar os itens em falta.
CE · Cultura;agr-9a187570ecda;Aulas de Capoeira Gratuitas;;estudo local (dados do sistema) — verifi;pendente;fora;poder_publico;chamamento_publico;;https://mapacultural.secult.ce.gov.br/oportunidade/5718/;0;sem_evidencia;False;op-ffb7d2405071;não localizado;não localizado;não localizado;não localizado;não localizado;não localizado;não localizado;não localizado;não localizado;não localizado;não localizado;não localizado;Estudo local: 0/12 itens já registrados no sistema. Chamamento/edital com seleção: nenhum item é dispensável pelo tipo. Próximo passo: ler o edital no PNCP/diário pelo navegador e fechar os itens em falta.
CE · Cultura;agr-e6da3c02a347;CREDENCIAMENTO DE ARTISTAS, GRUPOS E BANDAS MUSICAIS, PESSOAS FÍSICAS OU JURÍDICAS, PARA FUTURAS CONTRATAÇÕES… — MUNICIPIO DE JIJOCA DE JERICOACOARA;MUNICIPIO DE JIJOCA DE JERICOACOARA;estudo local (dados do sistema) — verifi;pendente;fora;poder_publico;credenciamento;;;0;sem_evidencia;False;sem livro: não é seleção aberta a associações (dispensa/inexigibilidade de chamamento, credenciamento de pessoa física ou compra);não localizado;não localizado;não localizado;não localizado;não localizado;não localizado;não localizado;não localizado;não localizado;não localizado;não localizado;não localizado;Estudo local: 0/12 itens já registrados no sistema. Prazo de inscrição e Valor podem ser dispensa pelo tipo (art. 79 da Lei 14.133/2021) se o edital confirmar cadastramento permanente e tabela fixa. Próximo passo: ler o edital no PNCP/diário pelo navegador e fechar os itens em falta.
CE · Cultura;agr-e9ac5f4f8d20;CREDENCIAMENTO DE BANDAS E DJS PARA APRESENTACOES MUSICAIS NOS DIVERSOS POLOS DO CICLO CARNAVALESCO DE 2027 — MUNICIPIO DE FORTALEZA;MUNICIPIO DE FORTALEZA;estudo local (dados do sistema) — verifi;pendente;fora;poder_publico;credenciamento;;;0;sem_evidencia;False;op-179a80157cb6;não localizado;não localizado;não localizado;não localizado;não localizado;não localizado;não localizado;não localizado;não localizado;não localizado;não localizado;não localizado;Estudo local: 0/12 itens já registrados no sistema. Prazo de inscrição e Valor podem ser dispensa pelo tipo (art. 79 da Lei 14.133/2021) se o edital confirmar cadastramento permanente e tabela fixa. Próximo passo: ler o edital no PNCP/diário pelo navegador e fechar os itens em falta.
CE · Cultura;agr-05400e8cf161;CREDENCIAMENTO DE BANDAS E DJS PARA APRESENTAÇÃO MUSICAL NO CICLO CARNAVALESCO - 2027 - SECULTFOR;;estudo local (dados do sistema) — verifi;pendente;fora;poder_publico;credenciamento;;https://mapacultural.secult.ce.gov.br/oportunidade/8341/;0;sem_evidencia;False;op-c4cd29b08a01;não localizado;não localizado;não localizado;não localizado;não localizado;não localizado;não localizado;não localizado;não localizado;não localizado;não localizado;não localizado;Estudo local: 0/12 itens já registrados no sistema. Prazo de inscrição e Valor podem ser dispensa pelo tipo (art. 79 da Lei 14.133/2021) se o edital confirmar cadastramento permanente e tabela fixa. Próximo passo: ler o edital no PNCP/diário pelo navegador e fechar os itens em falta.
CE · Cultura;agr-5b1d4e4ed7c4;Chamada Secult Ceará - Política de Cotas Raciais;;estudo local (dados do sistema) — verifi;pendente;fora;poder_publico;chamamento_publico;;https://mapacultural.secult.ce.gov.br/oportunidade/5522/;0;sem_evidencia;False;op-3cbf27b6fc5f;não localizado;não localizado;não localizado;não localizado;não localizado;não localizado;não localizado;não localizado;não localizado;não localizado;não localizado;não localizado;Estudo local: 0/12 itens já registrados no sistema. Chamamento/edital com seleção: nenhum item é dispensável pelo tipo. Próximo passo: ler o edital no PNCP/diário pelo navegador e fechar os itens em falta.
CE · Cultura;agr-20b4fa77448a;Chamada para adesão ao Sistema Estadual de Museus do Ceará - SEM/CE - Cadastro Estadual de Museus - 2026;;estudo local (dados do sistema) — verifi;pendente;fora;poder_publico;chamamento_publico;;https://mapacultural.secult.ce.gov.br/oportunidade/4093/;0;sem_evidencia;False;sem livro: fora da abrangência: oportunidade pública municipal de outro estado (só Goiás tem livros municipais);não localizado;não localizado;não localizado;não localizado;não localizado;não localizado;não localizado;não localizado;não localizado;não localizado;não localizado;não localizado;Estudo local: 0/12 itens já registrados no sistema. Chamamento/edital com seleção: nenhum item é dispensável pelo tipo. Próximo passo: ler o edital no PNCP/diário pelo navegador e fechar os itens em falta.
CE · Cultura;agr-33a6a5915ca4;Credenciamento a eventual contratação de artistas ou grupos artísticos (sanfoneiro ou grupo) para… — MUNICIPIO DE ALTANEIRA;MUNICIPIO DE ALTANEIRA;estudo local (dados do sistema) — verifi;pendente;fora;poder_publico;credenciamento;;;0;sem_evidencia;False;op-d980afbed25c;não localizado;não localizado;não localizado;não localizado;não localizado;não localizado;não localizado;não localizado;não localizado;não localizado;não localizado;não localizado;Estudo local: 0/12 itens já registrados no sistema. Prazo de inscrição e Valor podem ser dispensa pelo tipo (art. 79 da Lei 14.133/2021) se o edital confirmar cadastramento permanente e tabela fixa. Próximo passo: ler o edital no PNCP/diário pelo navegador e fechar os itens em falta.
CE · Cultura;agr-7ef997c9bb7a;EDITAL DE BLOCOS E AGREMIAÇÕES DO CICLO CARNAVALESCO 2027 - SECULTFOR;;estudo local (dados do sistema) — verifi;pendente;fora;poder_publico;chamamento_publico;;https://mapacultural.secult.ce.gov.br/oportunidade/8307/;0;sem_evidencia;False;op-8d3594141336;não localizado;não localizado;não localizado;não localizado;não localizado;não localizado;não localizado;não localizado;não localizado;não localizado;não localizado;não localizado;Estudo local: 0/12 itens já registrados no sistema. Chamamento/edital com seleção: nenhum item é dispensável pelo tipo. Próximo passo: ler o edital no PNCP/diário pelo navegador e fechar os itens em falta.
CE · Cultura;agr-5e19b6c24272;EDITAL DE CHAMAMENTO PÚBLICO Nº 001/2026 SELEÇÃO DE PROJETOS PARA FIRMAR TERMO DE EXECUÇÃO CULTURAL COM RECURSOS DA POLÍTICA NACIONAL ALDIR BLANC DE F;;estudo local (dados do sistema) — verifi;pendente;fora;poder_publico;chamamento_publico;;https://mapacultural.secult.ce.gov.br/oportunidade/8397/;0;sem_evidencia;False;op-3ded69a3257b;não localizado;não localizado;não localizado;não localizado;não localizado;não localizado;não localizado;não localizado;não localizado;não localizado;não localizado;não localizado;Estudo local: 0/12 itens já registrados no sistema. Chamamento/edital com seleção: nenhum item é dispensável pelo tipo. Próximo passo: ler o edital no PNCP/diário pelo navegador e fechar os itens em falta.
CE · Cultura;agr-005e749a0612;EDITAL DE CHAMAMENTO PÚBLICO Nº 006/2026- SECULT - PARA CREDENCIAMENTO DE PARECERISTAS PARA AVALIAÇÃO DE PROJETOS CULTURAIS – POLITICA NACIONAL ALDIR ;;estudo local (dados do sistema) — verifi;pendente;fora;poder_publico;credenciamento;;https://mapacultural.secult.ce.gov.br/oportunidade/7758/;0;sem_evidencia;False;op-6bda6dfe5c3a;não localizado;não localizado;não localizado;não localizado;não localizado;não localizado;não localizado;não localizado;não localizado;não localizado;não localizado;não localizado;Estudo local: 0/12 itens já registrados no sistema. Prazo de inscrição e Valor podem ser dispensa pelo tipo (art. 79 da Lei 14.133/2021) se o edital confirmar cadastramento permanente e tabela fixa. Próximo passo: ler o edital no PNCP/diário pelo navegador e fechar os itens em falta.
CE · Cultura;agr-2f24f5ad938e;EDITAL DE CHAMAMENTO PÚBLICO Nº 07/2026 - II FESTIVAL MULTICULTURAL DE SENADOR POMPEU;;estudo local (dados do sistema) — verifi;pendente;fora;poder_publico;chamamento_publico;;https://mapacultural.secult.ce.gov.br/oportunidade/8383/;0;sem_evidencia;False;op-e9a55d35c04a;não localizado;não localizado;não localizado;não localizado;não localizado;não localizado;não localizado;não localizado;não localizado;não localizado;não localizado;não localizado;Estudo local: 0/12 itens já registrados no sistema. Chamamento/edital com seleção: nenhum item é dispensável pelo tipo. Próximo passo: ler o edital no PNCP/diário pelo navegador e fechar os itens em falta.
CE · Cultura;agr-ca13c7459b6a;EDITAL DE CHAMAMENTO PÚBLICO PARA SELEÇÃO DE PROJETOS - PNAB;;estudo local (dados do sistema) — verifi;pendente;fora;poder_publico;chamamento_publico;;https://mapacultural.secult.ce.gov.br/oportunidade/8369/;0;sem_evidencia;False;op-4cfd0e075877;não localizado;não localizado;não localizado;não localizado;não localizado;não localizado;não localizado;não localizado;não localizado;não localizado;não localizado;não localizado;Estudo local: 0/12 itens já registrados no sistema. Chamamento/edital com seleção: nenhum item é dispensável pelo tipo. Próximo passo: ler o edital no PNCP/diário pelo navegador e fechar os itens em falta.
CE · Cultura;agr-b8ef3bf69a04;EDITAL DE FOMENTO AS LINGUAGENS ARTISTICAS DO MUNICIPIO DE SOBRAL – POLÍTICA NACIONAL ALDIR BLANC DE FOMENTO À CULTURA – PNAB;;estudo local (dados do sistema) — verifi;pendente;fora;poder_publico;chamamento_publico;;https://mapacultural.secult.ce.gov.br/oportunidade/8215/;0;sem_evidencia;False;sem livro: fora da abrangência: oportunidade pública municipal de outro estado (só Goiás tem livros municipais);não localizado;não localizado;não localizado;não localizado;não localizado;não localizado;não localizado;não localizado;não localizado;não localizado;não localizado;não localizado;Estudo local: 0/12 itens já registrados no sistema. Chamamento/edital com seleção: nenhum item é dispensável pelo tipo. Próximo passo: ler o edital no PNCP/diário pelo navegador e fechar os itens em falta.
CE · Cultura;agr-d02e74822326;EDITAL DE PESQUISADORES(AS) E CURADORES DO CICLO DE CULTURA POPULAR DO CEARÁ;;estudo local (dados do sistema) — verifi;pendente;fora;poder_publico;chamamento_publico;;https://mapacultural.secult.ce.gov.br/oportunidade/8377/;0;sem_evidencia;False;op-b0b7907b3149;não localizado;não localizado;não localizado;não localizado;não localizado;não localizado;não localizado;não localizado;não localizado;não localizado;não localizado;não localizado;Estudo local: 0/12 itens já registrados no sistema. Chamamento/edital com seleção: nenhum item é dispensável pelo tipo. Próximo passo: ler o edital no PNCP/diário pelo navegador e fechar os itens em falta.
CE · Cultura;agr-6fdde8cd3503;Escola de Cultura Viver Capoeira;;estudo local (dados do sistema) — verifi;pendente;fora;poder_publico;chamamento_publico;;https://mapacultural.secult.ce.gov.br/oportunidade/574/;0;sem_evidencia;False;op-9c60730811cb;não localizado;não localizado;não localizado;não localizado;não localizado;não localizado;não localizado;não localizado;não localizado;não localizado;não localizado;não localizado;Estudo local: 0/12 itens já registrados no sistema. Chamamento/edital com seleção: nenhum item é dispensável pelo tipo. Próximo passo: ler o edital no PNCP/diário pelo navegador e fechar os itens em falta.
CE · Cultura;agr-7663e0f357d9;MECENAS DO CEARÁ 2026;;estudo local (dados do sistema) — verifi;pendente;fora;poder_publico;chamamento_publico;;https://mapacultural.secult.ce.gov.br/oportunidade/7688/;0;sem_evidencia;False;op-d3fc6b5a139e;não localizado;não localizado;não localizado;não localizado;não localizado;não localizado;não localizado;não localizado;não localizado;não localizado;não localizado;não localizado;Estudo local: 0/12 itens já registrados no sistema. Chamamento/edital com seleção: nenhum item é dispensável pelo tipo. Próximo passo: ler o edital no PNCP/diário pelo navegador e fechar os itens em falta.
CE · Cultura;agr-d95a3b1592db;RUSSAS- EDITAL DE CHAMAMENTO PÚBLICO Nº 003/2026 – PARA SELEÇÃO DE ORGANIZAÇÃO DA SOCIEDADE CIVIL PARA REALIZAÇÃO DO XIII FESTIVAL BEIJA-FLOR;;estudo local (dados do sistema) — verifi;pendente;fora;poder_publico;chamamento_publico;;https://mapacultural.secult.ce.gov.br/oportunidade/8348/;0;sem_evidencia;False;op-f7f5315fbf56;não localizado;não localizado;não localizado;não localizado;não localizado;não localizado;não localizado;não localizado;não localizado;não localizado;não localizado;não localizado;Estudo local: 0/12 itens já registrados no sistema. Chamamento/edital com seleção: nenhum item é dispensável pelo tipo. Próximo passo: ler o edital no PNCP/diário pelo navegador e fechar os itens em falta.
CE · Cultura;agr-832ff35b5d93;RUSSAS- EDITAL DE CHAMAMENTO PÚBLICO Nº 004/2026 – PARA SELEÇÃO DE ORGANIZAÇÃO DA SOCIEDADE CIVIL PARA REALIZAÇÃO DO I FÓRUM MUNICIPAL DE PONTOS DE CU;;estudo local (dados do sistema) — verifi;pendente;fora;poder_publico;chamamento_publico;;https://mapacultural.secult.ce.gov.br/oportunidade/8356/;0;sem_evidencia;False;sem livro: fora da abrangência: oportunidade pública municipal de outro estado (só Goiás tem livros municipais);não localizado;não localizado;não localizado;não localizado;não localizado;não localizado;não localizado;não localizado;não localizado;não localizado;não localizado;não localizado;Estudo local: 0/12 itens já registrados no sistema. Chamamento/edital com seleção: nenhum item é dispensável pelo tipo. Próximo passo: ler o edital no PNCP/diário pelo navegador e fechar os itens em falta.
CE · Cultura;agr-1f1da97f1636;SECULTFOR - EDITAL DE SELEÇÃO SIMPLIFICADA DE ARTISTAS EM SITUAÇÃO DE RUA OU EM PROCESSO DE SUPERAÇÃO DA SITUAÇÃO DE RUA | PROJETO VOZES DA RUA;;estudo local (dados do sistema) — verifi;pendente;fora;poder_publico;chamamento_publico;;https://mapacultural.secult.ce.gov.br/oportunidade/8387/;0;sem_evidencia;False;op-bc54a22567bf;não localizado;não localizado;não localizado;não localizado;não localizado;não localizado;não localizado;não localizado;não localizado;não localizado;não localizado;não localizado;Estudo local: 0/12 itens já registrados no sistema. Chamamento/edital com seleção: nenhum item é dispensável pelo tipo. Próximo passo: ler o edital no PNCP/diário pelo navegador e fechar os itens em falta.
CE · Cultura;agr-7666571458fe;Secretaria de Cultura de Guaramiranga;;estudo local (dados do sistema) — verifi;pendente;fora;poder_publico;chamamento_publico;;https://mapacultural.secult.ce.gov.br/oportunidade/8381/;0;sem_evidencia;False;op-cd408c5b6b6c;não localizado;não localizado;não localizado;não localizado;não localizado;não localizado;não localizado;não localizado;não localizado;não localizado;não localizado;não localizado;Estudo local: 0/12 itens já registrados no sistema. Chamamento/edital com seleção: nenhum item é dispensável pelo tipo. Próximo passo: ler o edital no PNCP/diário pelo navegador e fechar os itens em falta.
CE · Esporte e lazer;4c81862de69688f20a15;MUNICIPIO DE ITAITINGA — CREDENCIAMENTO DE ORGANIZAÇÕES DA SOCIEDADE CIVIL – OSCS PARA EXECUÇÃO DE ESCOLINHAS ESPORTIVAS E PROJETOS SOCIOESPORTIVOS VO;MUNICIPIO DE ITAITINGA;estudo local (dados do sistema) — verifi;pendente;fora;poder_publico;credenciamento;2027-07-10;;0;sem_evidencia;False;op-2252dc08f842;não localizado;não localizado;não localizado;não localizado;não localizado;não localizado;não localizado;não localizado;não localizado;não localizado;não localizado;não localizado;Estudo local: 0/12 itens já registrados no sistema. Prazo de inscrição e Valor podem ser dispensa pelo tipo (art. 79 da Lei 14.133/2021) se o edital confirmar cadastramento permanente e tabela fixa. Próximo passo: ler o edital no PNCP/diário pelo navegador e fechar os itens em falta.
SC · Assistência social;ad01cbbd839850376a04;MUNICIPIO DE BALNEARIO CAMBORIU — Credenciamento de entidades privadas, com ou sem fins lucrativos, para acolhimento institucional na modalidade Casa ;MUNICIPIO DE BALNEARIO CAMBORIU;estudo local (dados do sistema) — verifi;pendente;fora;poder_publico;credenciamento;2028-04-15;;0;sem_evidencia;False;op-4f42adc25143;não localizado;não localizado;não localizado;não localizado;não localizado;não localizado;não localizado;não localizado;não localizado;não localizado;não localizado;não localizado;Estudo local: 0/12 itens já registrados no sistema. Prazo de inscrição e Valor podem ser dispensa pelo tipo (art. 79 da Lei 14.133/2021) se o edital confirmar cadastramento permanente e tabela fixa. Próximo passo: ler o edital no PNCP/diário pelo navegador e fechar os itens em falta.
SC · Chamamentos em diário oficial;1a23def2e727da0dd46b;"Diário Oficial de Florianópolis (SC) 2026-09-18 — ""chamamento público"" ""organizações da sociedade civil""";Município de Florianópolis;estudo local (dados do sistema) — verifi;pendente;fora;poder_publico;chamamento_publico;;https://ecrie.com.br/sistema/conteudos/arquivo/a_61_0_1_31032025131336.pdf;8;pistas_locais_a_confirmar;False;sem livro: fora da abrangência: oportunidade pública municipal de outro estado (só Goiás tem livros municipais);confirmado;não localizado;não localizado;não localizado;confirmado;confirmado;confirmado;confirmado;confirmado;confirmado;confirmado;não localizado;Estudo local: 8/12 itens já registrados no sistema. Chamamento/edital com seleção: nenhum item é dispensável pelo tipo. Próximo passo: ler o edital no PNCP/diário pelo navegador e fechar os itens em falta.
SC · Chamamentos em diário oficial;13f07d65bc86723be556;"Diário Oficial de Florianópolis (SC) 2026-09-23 — ""chamamento público"" ""organizações da sociedade civil""";Controladoria Geral do Município;estudo local (dados do sistema) — verifi;pendente;fora;poder_publico;chamamento_publico;;https://www2.prefeitura.sp.gov.br/web/controladoria_geral/legislacao;3;sem_evidencia;False;sem livro: fora da abrangência: oportunidade pública municipal de outro estado (só Goiás tem livros municipais);não localizado;não localizado;não localizado;não localizado;não localizado;confirmado;confirmado;não localizado;não localizado;confirmado;não localizado;não localizado;Estudo local: 3/12 itens já registrados no sistema. Chamamento/edital com seleção: nenhum item é dispensável pelo tipo. Próximo passo: ler o edital no PNCP/diário pelo navegador e fechar os itens em falta.
SC · Cultura;eeb3853aeb4c9cedf3b4;FUNDACAO CULTURAL DE RIO DO SUL — CREDENCIAMENTO PARA EVENTUAIS E FUTURAS CONTRATAÇÕES DE SERVIÇOS ARTÍSTICOS E CULTURAIS PELA FUNDAÇÃO CULTURAL DE RI;FUNDACAO CULTURAL DE RIO DO SUL;estudo local (dados do sistema) — verifi;pendente;fora;poder_publico;credenciamento;2026-10-26;;0;sem_evidencia;False;op-50ec4e9cec78;não localizado;não localizado;não localizado;não localizado;não localizado;não localizado;não localizado;não localizado;não localizado;não localizado;não localizado;não localizado;Estudo local: 0/12 itens já registrados no sistema. Prazo de inscrição e Valor podem ser dispensa pelo tipo (art. 79 da Lei 14.133/2021) se o edital confirmar cadastramento permanente e tabela fixa. Próximo passo: ler o edital no PNCP/diário pelo navegador e fechar os itens em falta.
SC · Cultura;cdd4b914a0427a1b5ee0;FUNDACAO MUNICIPAL DE CULTURA DE BOMBINHAS — EDITAL DE CREDENCIAMENTO ELETRÔNICO DE PESSOAS JURÍDICAS PARA A PRESTAÇÃO DE SERVIÇOS DE CAPTAÇÃO DE RECU;FUNDACAO MUNICIPAL DE CULTURA DE BOMBINHAS;estudo local (dados do sistema) — verifi;pendente;fora;poder_publico;incentivo_fiscal;2026-12-21;;0;sem_evidencia;False;op-ec46868d52e8;não localizado;não localizado;não localizado;não localizado;não localizado;não localizado;não localizado;não localizado;não localizado;não localizado;não localizado;não localizado;Estudo local: 0/12 itens já registrados no sistema. Prazo de recurso tende a ser dispensa pelo tipo (rito na norma do programa). Próximo passo: ler o edital no PNCP/diário pelo navegador e fechar os itens em falta.
SC · Cultura;5b744c9be242e7f5a4fb;MUNICIPIO DE PERITIBA — O objeto deste Edital é a seleção de projetos culturais para receberem apoio financeiro nas categorias descritas no Anexo I, c;MUNICIPIO DE PERITIBA;estudo local (dados do sistema) — verifi;pendente;fora;poder_publico;chamamento_publico;2026-12-31;;0;sem_evidencia;False;op-379aeeb99a2e;não localizado;não localizado;não localizado;não localizado;não localizado;não localizado;não localizado;não localizado;não localizado;não localizado;não localizado;não localizado;Estudo local: 0/12 itens já registrados no sistema. Chamamento/edital com seleção: nenhum item é dispensável pelo tipo. Próximo passo: ler o edital no PNCP/diário pelo navegador e fechar os itens em falta.
SC · Cultura;60783b5899edd4e0b860;CONSORCIO INTERMUNICIPAL MULTIFINALITARIO DA REGIAO DA AMFRI - CIM-AMFRI — CHAMAMENTO PÚBLICO, para CREDENCIAMENTO ELETRÔNICO de pessoas jurídicas par;CONSORCIO INTERMUNICIPAL MULTIFINALITARIO DA REGIAO DA AMFRI - CIM-AMFRI;estudo local (dados do sistema) — verifi;pendente;fora;poder_publico;incentivo_fiscal;2027-07-20;;0;sem_evidencia;False;op-8bd6084d832b;não localizado;não localizado;não localizado;não localizado;não localizado;não localizado;não localizado;não localizado;não localizado;não localizado;não localizado;não localizado;Estudo local: 0/12 itens já registrados no sistema. Prazo de recurso tende a ser dispensa pelo tipo (rito na norma do programa). Próximo passo: ler o edital no PNCP/diário pelo navegador e fechar os itens em falta.
SC · Cultura;b10ae6d287fb0c316d1d;MUNICIPIO DE BRUSQUE — [Portal de Compras Públicas] - CREDENCIAMENTO DE ARTISTAS, GRUPOS ARTÍSTICOS, PROFISSIONAIS DA CULTURA, OFICINEIROS, RECREADORE;MUNICIPIO DE BRUSQUE;estudo local (dados do sistema) — verifi;pendente;fora;poder_publico;credenciamento;2027-09-10;;0;sem_evidencia;False;op-ce70207bbc94;não localizado;não localizado;não localizado;não localizado;não localizado;não localizado;não localizado;não localizado;não localizado;não localizado;não localizado;não localizado;Estudo local: 0/12 itens já registrados no sistema. Prazo de inscrição e Valor podem ser dispensa pelo tipo (art. 79 da Lei 14.133/2021) se o edital confirmar cadastramento permanente e tabela fixa. Próximo passo: ler o edital no PNCP/diário pelo navegador e fechar os itens em falta.
SC · Cultura;agr-4bf07274bac9;CHAMAMENTO DE INTERESSADOS PARA CREDENCIAMENTO, A FIM DE CONTRATAÇÃO DE OBJETO DE CREDENCIAMENTO DE ARTISTAS… — MUNICIPIO DE SAO JOSE DO CEDRO;MUNICIPIO DE SAO JOSE DO CEDRO;estudo local (dados do sistema) — verifi;pendente;fora;poder_publico;credenciamento;;;0;sem_evidencia;False;op-61fcf2102160;não localizado;não localizado;não localizado;não localizado;não localizado;não localizado;não localizado;não localizado;não localizado;não localizado;não localizado;não localizado;Estudo local: 0/12 itens já registrados no sistema. Prazo de inscrição e Valor podem ser dispensa pelo tipo (art. 79 da Lei 14.133/2021) se o edital confirmar cadastramento permanente e tabela fixa. Próximo passo: ler o edital no PNCP/diário pelo navegador e fechar os itens em falta.
SC · Cultura;agr-a321069ccfb1;CREDENCIAMENTO DE ARTISTAS MUSICAIS, PESSOAS FÍSICAS OU JURÍDICAS, INCLUINDO MÚSICOS SOLO, DUPLAS, TRIOS… — MUNICIPIO DE PALMITOS;MUNICIPIO DE PALMITOS;estudo local (dados do sistema) — verifi;pendente;fora;poder_publico;credenciamento;;;0;sem_evidencia;False;sem livro: não é seleção aberta a associações (dispensa/inexigibilidade de chamamento, credenciamento de pessoa física ou compra);não localizado;não localizado;não localizado;não localizado;não localizado;não localizado;não localizado;não localizado;não localizado;não localizado;não localizado;não localizado;Estudo local: 0/12 itens já registrados no sistema. Prazo de inscrição e Valor podem ser dispensa pelo tipo (art. 79 da Lei 14.133/2021) se o edital confirmar cadastramento permanente e tabela fixa. Próximo passo: ler o edital no PNCP/diário pelo navegador e fechar os itens em falta.
SC · Cultura;agr-88d1872ff54e;CREDENCIAMENTO DE EMPRESAS ESPECIALIZADAS PARA PRESTAÇÃO DE SERVIÇOS DE DESENVOLVIMENTO DE ATIVIDADES E… — MUNICIPIO DE PAULO LOPES;MUNICIPIO DE PAULO LOPES;estudo local (dados do sistema) — verifi;pendente;fora;poder_publico;credenciamento;;;0;sem_evidencia;False;sem livro: não é seleção aberta a associações (dispensa/inexigibilidade de chamamento, credenciamento de pessoa física ou compra);não localizado;não localizado;não localizado;não localizado;não localizado;não localizado;não localizado;não localizado;não localizado;não localizado;não localizado;não localizado;Estudo local: 0/12 itens já registrados no sistema. Prazo de inscrição e Valor podem ser dispensa pelo tipo (art. 79 da Lei 14.133/2021) se o edital confirmar cadastramento permanente e tabela fixa. Próximo passo: ler o edital no PNCP/diário pelo navegador e fechar os itens em falta.
SC · Cultura;agr-9b2a7b2f5843;CREDENCIAMENTO DE PESSOAS JURÍDICAS INTERESSADAS EM REALIZAR APRESENTAÇÕES MUSICAIS NOS EVENTOS A SEREM… — MUNICIPIO DE PRESIDENTE GETULIO;MUNICIPIO DE PRESIDENTE GETULIO;estudo local (dados do sistema) — verifi;pendente;fora;poder_publico;credenciamento;;;0;pistas_locais_a_confirmar;False;sem livro: não é seleção aberta a associações (dispensa/inexigibilidade de chamamento, credenciamento de pessoa física ou compra);não localizado;não localizado;não localizado;não localizado;não localizado;não localizado;não localizado;não localizado;não localizado;não localizado;não localizado;não localizado;Estudo local: 0/12 itens já registrados no sistema. Prazo de inscrição e Valor podem ser dispensa pelo tipo (art. 79 da Lei 14.133/2021) se o edital confirmar cadastramento permanente e tabela fixa. Próximo passo: ler o edital no PNCP/diário pelo navegador e fechar os itens em falta.
SC · Cultura;agr-b337798565d1;CREDENCIAMENTO PARA CONTRATAÇÃO DE ARTISTAS, OFICINEIROS, INSTRUTORES, PROFESSORES, MESTRES DE SABERES… — FUNDO MUNICIPAL DE CULTURA;FUNDO MUNICIPAL DE CULTURA;estudo local (dados do sistema) — verifi;pendente;fora;poder_publico;credenciamento;;;0;sem_evidencia;False;op-69be9808c660;não localizado;não localizado;não localizado;não localizado;não localizado;não localizado;não localizado;não localizado;não localizado;não localizado;não localizado;não localizado;Estudo local: 0/12 itens já registrados no sistema. Prazo de inscrição e Valor podem ser dispensa pelo tipo (art. 79 da Lei 14.133/2021) se o edital confirmar cadastramento permanente e tabela fixa. Próximo passo: ler o edital no PNCP/diário pelo navegador e fechar os itens em falta.
SC · Cultura;agr-b419238ce4e2;Credenciamento de Bandas e artistas musicais. — MUNICIPIO DE OURO;MUNICIPIO DE OURO;estudo local (dados do sistema) — verifi;pendente;fora;poder_publico;credenciamento;;;0;sem_evidencia;False;op-2a9c32aa766a;não localizado;não localizado;não localizado;não localizado;não localizado;não localizado;não localizado;não localizado;não localizado;não localizado;não localizado;não localizado;Estudo local: 0/12 itens já registrados no sistema. Prazo de inscrição e Valor podem ser dispensa pelo tipo (art. 79 da Lei 14.133/2021) se o edital confirmar cadastramento permanente e tabela fixa. Próximo passo: ler o edital no PNCP/diário pelo navegador e fechar os itens em falta.
SC · Cultura;agr-f7548f195bd0;Credenciamento de artistas e bandas musicais locais e regionais, de diversos estilos, visando a futuras… — MUNICIPIO DE ITAIOPOLIS;MUNICIPIO DE ITAIOPOLIS;estudo local (dados do sistema) — verifi;pendente;fora;poder_publico;credenciamento;;;0;sem_evidencia;False;op-95406ec3e808;não localizado;não localizado;não localizado;não localizado;não localizado;não localizado;não localizado;não localizado;não localizado;não localizado;não localizado;não localizado;Estudo local: 0/12 itens já registrados no sistema. Prazo de inscrição e Valor podem ser dispensa pelo tipo (art. 79 da Lei 14.133/2021) se o edital confirmar cadastramento permanente e tabela fixa. Próximo passo: ler o edital no PNCP/diário pelo navegador e fechar os itens em falta.
SC · Cultura;agr-c4ee84d38177;Credenciamento de artistas regionais, representados por pessoa jurídica, para prestação de serviços de… — MUNICIPIO DE IBIAM;MUNICIPIO DE IBIAM;estudo local (dados do sistema) — verifi;pendente;fora;poder_publico;credenciamento;;;0;sem_evidencia;False;op-86bbee68d78b;não localizado;não localizado;não localizado;não localizado;não localizado;não localizado;não localizado;não localizado;não localizado;não localizado;não localizado;não localizado;Estudo local: 0/12 itens já registrados no sistema. Prazo de inscrição e Valor podem ser dispensa pelo tipo (art. 79 da Lei 14.133/2021) se o edital confirmar cadastramento permanente e tabela fixa. Próximo passo: ler o edital no PNCP/diário pelo navegador e fechar os itens em falta.
SC · Cultura;agr-5811eec47e2d;Credenciamento de bandas para prestação de serviços de animação musical e equipe de sonorização em eventos… — MUNICIPIO DE TUNAPOLIS;MUNICIPIO DE TUNAPOLIS;estudo local (dados do sistema) — verifi;pendente;fora;poder_publico;credenciamento;;;0;sem_evidencia;False;op-c12d9e0013a9;não localizado;não localizado;não localizado;não localizado;não localizado;não localizado;não localizado;não localizado;não localizado;não localizado;não localizado;não localizado;Estudo local: 0/12 itens já registrados no sistema. Prazo de inscrição e Valor podem ser dispensa pelo tipo (art. 79 da Lei 14.133/2021) se o edital confirmar cadastramento permanente e tabela fixa. Próximo passo: ler o edital no PNCP/diário pelo navegador e fechar os itens em falta.
SC · Cultura;agr-f7251cf6c9bf;Credenciamento de pessoa jurídica para execução de oficina de Macramê a ser desenvolvido no Município de… — MUNICIPIO DE VIDAL RAMOS;MUNICIPIO DE VIDAL RAMOS;estudo local (dados do sistema) — verifi;pendente;fora;poder_publico;credenciamento;;;0;sem_evidencia;False;op-80fa1429b863;não localizado;não localizado;não localizado;não localizado;não localizado;não localizado;não localizado;não localizado;não localizado;não localizado;não localizado;não localizado;Estudo local: 0/12 itens já registrados no sistema. Prazo de inscrição e Valor podem ser dispensa pelo tipo (art. 79 da Lei 14.133/2021) se o edital confirmar cadastramento permanente e tabela fixa. Próximo passo: ler o edital no PNCP/diário pelo navegador e fechar os itens em falta.
SC · Cultura;agr-66a132d5964b;ELABORAÇÃO DO EDITAL DE CREDENCIAMENTO DE PESSOAS JURÍDICAS PARA FINS DE EVENTUAL E FUTURA CONTRATAÇÃO DE… — FUNDACAO MUNICIPAL DE CULTURA DE BOMBINHA;FUNDACAO MUNICIPAL DE CULTURA DE BOMBINHAS;estudo local (dados do sistema) — verifi;pendente;fora;poder_publico;credenciamento;;;0;sem_evidencia;False;sem livro: não é seleção aberta a associações (dispensa/inexigibilidade de chamamento, credenciamento de pessoa física ou compra);não localizado;não localizado;não localizado;não localizado;não localizado;não localizado;não localizado;não localizado;não localizado;não localizado;não localizado;não localizado;Estudo local: 0/12 itens já registrados no sistema. Prazo de inscrição e Valor podem ser dispensa pelo tipo (art. 79 da Lei 14.133/2021) se o edital confirmar cadastramento permanente e tabela fixa. Próximo passo: ler o edital no PNCP/diário pelo navegador e fechar os itens em falta.
SC · Cultura;agr-5ca2023440c2;O PRESENTE PROCESSO DE CREDENCIAMENTO DE ARTISTA E PROFISSIONAIS DE ARTE E CULTURA, TEM COMO OBJETIVO… — FUNDACAO CULTURAL DE BRUSQUE;FUNDACAO CULTURAL DE BRUSQUE;estudo local (dados do sistema) — verifi;pendente;fora;poder_publico;credenciamento;;;0;sem_evidencia;False;op-0ffba7e4e181;não localizado;não localizado;não localizado;não localizado;não localizado;não localizado;não localizado;não localizado;não localizado;não localizado;não localizado;não localizado;Estudo local: 0/12 itens já registrados no sistema. Prazo de inscrição e Valor podem ser dispensa pelo tipo (art. 79 da Lei 14.133/2021) se o edital confirmar cadastramento permanente e tabela fixa. Próximo passo: ler o edital no PNCP/diário pelo navegador e fechar os itens em falta.
SC · Outras;6cb51cd9acc11b02ac84;MUNICIPIO DE PERITIBA — [Portal de Compras Públicas] - O objeto deste edital é o credenciamento de associações sem fins lucrativos, sediadas no municí;MUNICIPIO DE PERITIBA;estudo local (dados do sistema) — verifi;pendente;fora;poder_publico;credenciamento;2027-04-20;;0;sem_evidencia;False;op-63c8e9b8b0d1;não localizado;não localizado;não localizado;não localizado;não localizado;não localizado;não localizado;não localizado;não localizado;não localizado;não localizado;não localizado;Estudo local: 0/12 itens já registrados no sistema. Prazo de inscrição e Valor podem ser dispensa pelo tipo (art. 79 da Lei 14.133/2021) se o edital confirmar cadastramento permanente e tabela fixa. Próximo passo: ler o edital no PNCP/diário pelo navegador e fechar os itens em falta.
SC · Outras;agr-3585d362076d;Edital de Chamada Pública Nº 1/2026 - Programa SC Rural 2;Secretaria de Estado da Agrigultura e da Pesca;estudo local (dados do sistema) — verifi;pendente;fora;poder_publico;chamamento_publico;;https://sape.sc.gov.br/institucional/biblioteca-de-documentos/;0;sem_evidencia;False;sem livro: fora da abrangência: oportunidade pública municipal de outro estado (só Goiás tem livros municipais);não localizado;não localizado;não localizado;não localizado;não localizado;não localizado;não localizado;não localizado;não localizado;não localizado;não localizado;não localizado;Estudo local: 0/12 itens já registrados no sistema. Chamamento/edital com seleção: nenhum item é dispensável pelo tipo. Próximo passo: ler o edital no PNCP/diário pelo navegador e fechar os itens em falta.
SC · Pessoa idosa;259543bcbd79cc952f82;MUNICIPIO DE GOVERNADOR CELSO RAMOS — CREDENCIAMENTO DE PESSOAS JURÍDICAS COM OU SEM FINS LUCRATIVOS INTERESSADAS EM PRESTAR O SERVIÇO DE ACOLHIMENTO ;MUNICIPIO DE GOVERNADOR CELSO RAMOS;estudo local (dados do sistema) — verifi;pendente;fora;poder_publico;credenciamento;2026-12-31;;0;sem_evidencia;False;sem livro: não é seleção aberta a associações (dispensa/inexigibilidade de chamamento, credenciamento de pessoa física ou compra);não localizado;não localizado;não localizado;não localizado;não localizado;não localizado;não localizado;não localizado;não localizado;não localizado;não localizado;não localizado;Estudo local: 0/12 itens já registrados no sistema. Prazo de inscrição e Valor podem ser dispensa pelo tipo (art. 79 da Lei 14.133/2021) se o edital confirmar cadastramento permanente e tabela fixa. Próximo passo: ler o edital no PNCP/diário pelo navegador e fechar os itens em falta.
SC · Pessoa idosa;fb648ae53e088f069964;FUNDO MUNICIPAL DE ASSISTENCIA SOCIAL DE PORTO BELO — Credenciamento de Instituições de Longa Permanência para Idosos (ILPI) para prestação desserviço;FUNDO MUNICIPAL DE ASSISTENCIA SOCIAL DE PORTO BELO;estudo local (dados do sistema) — verifi;pendente;fora;poder_publico;credenciamento;2027-02-12;;0;pistas_locais_a_confirmar;False;op-b1bcb659521d;não localizado;não localizado;não localizado;não localizado;não localizado;não localizado;não localizado;não localizado;não localizado;não localizado;não localizado;não localizado;Estudo local: 0/12 itens já registrados no sistema. Prazo de inscrição e Valor podem ser dispensa pelo tipo (art. 79 da Lei 14.133/2021) se o edital confirmar cadastramento permanente e tabela fixa. Próximo passo: ler o edital no PNCP/diário pelo navegador e fechar os itens em falta.
SC · Pessoa idosa;7fb96ad0c678671f55f6;FUNDO MUNICIPAL DO BEM ESTAR SOCIAL — Credenciamento de instituições privadas, com ou sem fins lucrativos, para prestação complementar ao Sistema Únic;FUNDO MUNICIPAL DO BEM ESTAR SOCIAL;estudo local (dados do sistema) — verifi;pendente;fora;poder_publico;credenciamento;2027-04-08;;0;sem_evidencia;False;op-f0947c875cab;não localizado;não localizado;não localizado;não localizado;não localizado;não localizado;não localizado;não localizado;não localizado;não localizado;não localizado;não localizado;Estudo local: 0/12 itens já registrados no sistema. Prazo de inscrição e Valor podem ser dispensa pelo tipo (art. 79 da Lei 14.133/2021) se o edital confirmar cadastramento permanente e tabela fixa. Próximo passo: ler o edital no PNCP/diário pelo navegador e fechar os itens em falta.
SC · Pessoa idosa;aa618b51c69578c3f151;FUNDO MUNICIPAL DE ASSISTENCIA SOCIAL DE MAFRA — Credenciamento de Instituição de Longa Permanência para Idosos, através da Secretaria Municipal de As;FUNDO MUNICIPAL DE ASSISTENCIA SOCIAL DE MAFRA;estudo local (dados do sistema) — verifi;pendente;fora;poder_publico;credenciamento;2031-06-11;;0;pistas_locais_a_confirmar;False;op-f55f67246ae3;não localizado;não localizado;não localizado;não localizado;não localizado;não localizado;não localizado;não localizado;não localizado;não localizado;não localizado;não localizado;Estudo local: 0/12 itens já registrados no sistema. Prazo de inscrição e Valor podem ser dispensa pelo tipo (art. 79 da Lei 14.133/2021) se o edital confirmar cadastramento permanente e tabela fixa. Próximo passo: ler o edital no PNCP/diário pelo navegador e fechar os itens em falta.
SC · Saúde;de5a129df213bb5aabaf;MUNICIPIO DE BALNEARIO CAMBORIU — Credenciamento de entidades privadas ou públicas, com ou sem fins lucrativos, para acolhimento institucional em resi;MUNICIPIO DE BALNEARIO CAMBORIU;estudo local (dados do sistema) — verifi;pendente;fora;poder_publico;credenciamento;2028-01-18;;0;sem_evidencia;False;op-6837c81e3b31;não localizado;não localizado;não localizado;não localizado;não localizado;não localizado;não localizado;não localizado;não localizado;não localizado;não localizado;não localizado;Estudo local: 0/12 itens já registrados no sistema. Prazo de inscrição e Valor podem ser dispensa pelo tipo (art. 79 da Lei 14.133/2021) se o edital confirmar cadastramento permanente e tabela fixa. Próximo passo: ler o edital no PNCP/diário pelo navegador e fechar os itens em falta.
SC · Saúde;0073e8b16a508d1b28a4;FUNDO MUNICIPAL DE SAUDE — Credenciamento de instituições privadas com ou sem fins lucrativos de assistência à saúde, interessadas em prestar serviços;FUNDO MUNICIPAL DE SAUDE;estudo local (dados do sistema) — verifi;pendente;fora;poder_publico;credenciamento;2031-06-28;;0;pistas_locais_a_confirmar;False;op-19b88685cd2a;não localizado;não localizado;não localizado;não localizado;não localizado;não localizado;não localizado;não localizado;não localizado;não localizado;não localizado;não localizado;Estudo local: 0/12 itens já registrados no sistema. Prazo de inscrição e Valor podem ser dispensa pelo tipo (art. 79 da Lei 14.133/2021) se o edital confirmar cadastramento permanente e tabela fixa. Próximo passo: ler o edital no PNCP/diário pelo navegador e fechar os itens em falta.
RS · Chamamentos em diário oficial;e13fd73b8a7d0d7084b8;"Diário Oficial de Marau (RS) 2026-09-28 — ""chamamento público"" ""organizações da sociedade civil""";;estudo local (dados do sistema) — verifi;pendente;fora;poder_publico;chamamento_publico;;;0;sem_evidencia;False;sem livro: fora da abrangência: oportunidade pública municipal de outro estado (só Goiás tem livros municipais);não localizado;não localizado;não localizado;não localizado;não localizado;não localizado;não localizado;não localizado;não localizado;não localizado;não localizado;não localizado;Estudo local: 0/12 itens já registrados no sistema. Chamamento/edital com seleção: nenhum item é dispensável pelo tipo. Próximo passo: ler o edital no PNCP/diário pelo navegador e fechar os itens em falta.
RS · Chamamentos em diário oficial;73a8a6c97ed295766766;"Diário Oficial de Quatro Irmãos (RS) 2026-09-29 — ""chamamento público"" ""organizações da sociedade civil""";;estudo local (dados do sistema) — verifi;pendente;fora;poder_publico;chamamento_publico;;;0;sem_evidencia;False;sem livro: fora da abrangência: oportunidade pública municipal de outro estado (só Goiás tem livros municipais);não localizado;não localizado;não localizado;não localizado;não localizado;não localizado;não localizado;não localizado;não localizado;não localizado;não localizado;não localizado;Estudo local: 0/12 itens já registrados no sistema. Chamamento/edital com seleção: nenhum item é dispensável pelo tipo. Próximo passo: ler o edital no PNCP/diário pelo navegador e fechar os itens em falta.
RS · Chamamentos em diário oficial;65701c3168eebe4a0676;"Diário Oficial de Vera Cruz (RS) 2026-09-29 — ""chamamento público"" ""organizações da sociedade civil""";;estudo local (dados do sistema) — verifi;pendente;fora;poder_publico;chamamento_publico;;;0;sem_evidencia;False;sem livro: fora da abrangência: oportunidade pública municipal de outro estado (só Goiás tem livros municipais);não localizado;não localizado;não localizado;não localizado;não localizado;não localizado;não localizado;não localizado;não localizado;não localizado;não localizado;não localizado;Estudo local: 0/12 itens já registrados no sistema. Chamamento/edital com seleção: nenhum item é dispensável pelo tipo. Próximo passo: ler o edital no PNCP/diário pelo navegador e fechar os itens em falta.
RS · Criança e adolescente;b5f50031116de0c53690;MUNICIPIO DE PAROBE — Formalização de parceria estabelecida pela administração pública com Organização de Sociedade Civil (OSC) para a consecução de p;MUNICIPIO DE PAROBE;estudo local (dados do sistema) — verifi;pendente;fora;poder_publico;chamamento_publico;2026-10-13;;0;sem_evidencia;False;op-d5b1fa2344ac;não localizado;não localizado;não localizado;não localizado;não localizado;não localizado;não localizado;não localizado;não localizado;não localizado;não localizado;não localizado;Estudo local: 0/12 itens já registrados no sistema. Chamamento/edital com seleção: nenhum item é dispensável pelo tipo. Próximo passo: ler o edital no PNCP/diário pelo navegador e fechar os itens em falta.
RS · Criança e adolescente;509b167451aff1013f95;MUNICIPIO DE VERA CRUZ — Seleção de proposta/Plano de trabalho para a formalização de parceria através de Termo de Colaboração, com Organizações da So;MUNICIPIO DE VERA CRUZ;estudo local (dados do sistema) — verifi;pendente;fora;poder_publico;chamamento_publico;2026-10-23;;0;pistas_locais_a_confirmar;False;op-3ad090d246d8;não localizado;não localizado;não localizado;não localizado;não localizado;não localizado;não localizado;não localizado;não localizado;não localizado;não localizado;não localizado;Estudo local: 0/12 itens já registrados no sistema. Chamamento/edital com seleção: nenhum item é dispensável pelo tipo. Próximo passo: ler o edital no PNCP/diário pelo navegador e fechar os itens em falta.
RS · Criança e adolescente;1721977585e3ca35e848;MUNICIPIO DE VERA CRUZ — Formalização de parceria através de Termo de Colaboração, com Organizações da Sociedade Civil (OSC), para atender até 30 (tri;MUNICIPIO DE VERA CRUZ;estudo local (dados do sistema) — verifi;pendente;fora;poder_publico;chamamento_publico;2026-11-12;;0;pistas_locais_a_confirmar;False;op-7b44389e1794;não localizado;não localizado;não localizado;não localizado;não localizado;não localizado;não localizado;não localizado;não localizado;não localizado;não localizado;não localizado;Estudo local: 0/12 itens já registrados no sistema. Chamamento/edital com seleção: nenhum item é dispensável pelo tipo. Próximo passo: ler o edital no PNCP/diário pelo navegador e fechar os itens em falta.
RS · Criança e adolescente;cbd60d52f1eeca58bdcf;MUNICIPIO DE NOVO HAMBURGO — CHAMAMENTO PÚBLICO PARA CREDENCIAMENTO DE OSCS APTAS A EXECUÇÃO DO SERVIÇO DE ACOLHIMENTO INSTITUCIONAL (SAI), NA MODALID;MUNICIPIO DE NOVO HAMBURGO;estudo local (dados do sistema) — verifi;pendente;fora;poder_publico;credenciamento;2027-02-05;;0;sem_evidencia;False;op-49b826d06b1c;não localizado;não localizado;não localizado;não localizado;não localizado;não localizado;não localizado;não localizado;não localizado;não localizado;não localizado;não localizado;Estudo local: 0/12 itens já registrados no sistema. Prazo de inscrição e Valor podem ser dispensa pelo tipo (art. 79 da Lei 14.133/2021) se o edital confirmar cadastramento permanente e tabela fixa. Próximo passo: ler o edital no PNCP/diário pelo navegador e fechar os itens em falta.
RS · Criança e adolescente;25d496536ed86ecf58f0;MUNICIPIO DE ENCRUZILHADA DO SUL — Credenciamento de Pessoas Juridicas para prestacao de servicos ACOLHIMENTO EM RESIDENCIAL TIPO ILPI GRAU I II III E;MUNICIPIO DE ENCRUZILHADA DO SUL;estudo local (dados do sistema) — verifi;pendente;fora;poder_publico;credenciamento;2027-05-12;;0;sem_evidencia;False;sem livro: não é seleção aberta a associações (dispensa/inexigibilidade de chamamento, credenciamento de pessoa física ou compra);não localizado;não localizado;não localizado;não localizado;não localizado;não localizado;não localizado;não localizado;não localizado;não localizado;não localizado;não localizado;Estudo local: 0/12 itens já registrados no sistema. Prazo de inscrição e Valor podem ser dispensa pelo tipo (art. 79 da Lei 14.133/2021) se o edital confirmar cadastramento permanente e tabela fixa. Próximo passo: ler o edital no PNCP/diário pelo navegador e fechar os itens em falta.
RS · Criança e adolescente;2c888cad97fa63cf9341;MUNICIPIO DE ENCRUZILHADA DO SUL — [Portal de Compras Públicas] - redenciamento de Pessoas Jurídicas para prestação de serviços ACOLHIMENTO EM RESIDEN;MUNICIPIO DE ENCRUZILHADA DO SUL;estudo local (dados do sistema) — verifi;pendente;fora;poder_publico;chamamento_publico;2027-05-12;;0;sem_evidencia;False;op-bf538714dea1;não localizado;não localizado;não localizado;não localizado;não localizado;não localizado;não localizado;não localizado;não localizado;não localizado;não localizado;não localizado;Estudo local: 0/12 itens já registrados no sistema. Chamamento/edital com seleção: nenhum item é dispensável pelo tipo. Próximo passo: ler o edital no PNCP/diário pelo navegador e fechar os itens em falta.
RS · Cultura;854473337395b5da8c26;MUNICIPIO DE GRAVATAI — Credenciamento para seleção de pontos de cultura.;MUNICIPIO DE GRAVATAI;estudo local (dados do sistema) — verifi;pendente;fora;poder_publico;credenciamento;2027-06-18;;0;sem_evidencia;False;op-09e8324e9cff;não localizado;não localizado;não localizado;não localizado;não localizado;não localizado;não localizado;não localizado;não localizado;não localizado;não localizado;não localizado;Estudo local: 0/12 itens já registrados no sistema. Prazo de inscrição e Valor podem ser dispensa pelo tipo (art. 79 da Lei 14.133/2021) se o edital confirmar cadastramento permanente e tabela fixa. Próximo passo: ler o edital no PNCP/diário pelo navegador e fechar os itens em falta.
RS · Cultura;agr-79d20be5c37e;CONCURSO, do tipo Melhor Conteúdo Artístico – 5º Concurso Fotográfico de Linha Nova, com o tema “Linha Nova:… — MUNICIPIO DE LINHA NOVA;MUNICIPIO DE LINHA NOVA;estudo local (dados do sistema) — verifi;pendente;fora;poder_publico;chamamento_publico;;;0;sem_evidencia;False;op-5b43947af175;não localizado;não localizado;não localizado;não localizado;não localizado;não localizado;não localizado;não localizado;não localizado;não localizado;não localizado;não localizado;Estudo local: 0/12 itens já registrados no sistema. Chamamento/edital com seleção: nenhum item é dispensável pelo tipo. Próximo passo: ler o edital no PNCP/diário pelo navegador e fechar os itens em falta.
RS · Cultura;agr-a96e7d46a099;CREDENCIAMENTO DE INTERESSADOS EM EXPOR E COMERCIALIZAR MATERIAL LITERÁRIO na 13° Feira do Livro de Atlântida… — MUNICIPIO DE OSORIO;MUNICIPIO DE OSORIO;estudo local (dados do sistema) — verifi;pendente;fora;poder_publico;credenciamento;;;0;sem_evidencia;False;op-f4fbe90a92ff;não localizado;não localizado;não localizado;não localizado;não localizado;não localizado;não localizado;não localizado;não localizado;não localizado;não localizado;não localizado;Estudo local: 0/12 itens já registrados no sistema. Prazo de inscrição e Valor podem ser dispensa pelo tipo (art. 79 da Lei 14.133/2021) se o edital confirmar cadastramento permanente e tabela fixa. Próximo passo: ler o edital no PNCP/diário pelo navegador e fechar os itens em falta.
RS · Cultura;agr-153858c8ba2d;Chamamento publico visando o credenciamento de artistas bandas e grupos musicais locais constituidos como… — MUNICIPIO DE ENCRUZILHADA DO SUL;MUNICIPIO DE ENCRUZILHADA DO SUL;estudo local (dados do sistema) — verifi;pendente;fora;poder_publico;credenciamento;;;0;sem_evidencia;False;op-19ac1d272fcb;não localizado;não localizado;não localizado;não localizado;não localizado;não localizado;não localizado;não localizado;não localizado;não localizado;não localizado;não localizado;Estudo local: 0/12 itens já registrados no sistema. Prazo de inscrição e Valor podem ser dispensa pelo tipo (art. 79 da Lei 14.133/2021) se o edital confirmar cadastramento permanente e tabela fixa. Próximo passo: ler o edital no PNCP/diário pelo navegador e fechar os itens em falta.
RS · Cultura;agr-b3d87964afd2;Credenciamento de ARTISTAS BANDAS e GRUPOS MUSICAIS LOCAIS constituidos como pessoas juridicas visando… — MUNICIPIO DE ENCRUZILHADA DO SUL;MUNICIPIO DE ENCRUZILHADA DO SUL;estudo local (dados do sistema) — verifi;pendente;fora;poder_publico;credenciamento;;;0;sem_evidencia;False;op-f2ec03dd041c;não localizado;não localizado;não localizado;não localizado;não localizado;não localizado;não localizado;não localizado;não localizado;não localizado;não localizado;não localizado;Estudo local: 0/12 itens já registrados no sistema. Prazo de inscrição e Valor podem ser dispensa pelo tipo (art. 79 da Lei 14.133/2021) se o edital confirmar cadastramento permanente e tabela fixa. Próximo passo: ler o edital no PNCP/diário pelo navegador e fechar os itens em falta.
RS · Cultura;agr-d06432bde44c;Prêmio Açorianos de Dança 2026: 18 categorias abertas à cena de Porto Alegre, inscrições até 29 de novembro;Secretaria Municipal da Cultura de Porto Alegre (SMC) — Centro Municipal de Dança;estudo local (dados do sistema) — verifi;pendente;fora;poder_publico;premio;;;0;pistas_locais_a_confirmar;False;sem livro: fora da abrangência: oportunidade pública municipal de outro estado (só Goiás tem livros municipais);não localizado;não localizado;não localizado;não localizado;não localizado;não localizado;não localizado;não localizado;não localizado;não localizado;não localizado;não localizado;Estudo local: 0/12 itens já registrados no sistema. Chamamento/edital com seleção: nenhum item é dispensável pelo tipo. Próximo passo: ler o edital no PNCP/diário pelo navegador e fechar os itens em falta.
RS · Cultura;agr-179508e0fd9f;Prêmio Açorianos de Teatro, Circo e Tibicuera de Teatro Infantojuvenil 2026 — Secretaria Municipal de Cultura de Porto Alegre;Secretaria Municipal de Cultura de Porto Alegre (Coordenação de Artes Cênicas);estudo local (dados do sistema) — verifi;pendente;fora;poder_publico;premio;;https://dopaonlineupload.procempa.com.br/dopaonlineupload/5970_ce_601372_1.pdf;0;pistas_locais_a_confirmar;False;sem livro: fora da abrangência: oportunidade pública municipal de outro estado (só Goiás tem livros municipais);não localizado;não localizado;não localizado;não localizado;não localizado;não localizado;não localizado;não localizado;não localizado;não localizado;não localizado;não localizado;Estudo local: 0/12 itens já registrados no sistema. Chamamento/edital com seleção: nenhum item é dispensável pelo tipo. Próximo passo: ler o edital no PNCP/diário pelo navegador e fechar os itens em falta.
RS · Educação;13c0a6b6f223b7189402;MUNICIPIO DE SAO PEDRO DO SUL — 1.1.O PRESENTE EDITAL TEM POR OBJETO O CREDENCIAMENTO PERMANENTE DE ORGANIZAÇÕES DA SOCIEDADE CIVIL (OSCS), SEM FINS L;MUNICIPIO DE SAO PEDRO DO SUL;estudo local (dados do sistema) — verifi;pendente;fora;poder_publico;credenciamento;2031-03-26;;0;sem_evidencia;False;op-1fba6cb92060;não localizado;não localizado;não localizado;não localizado;não localizado;não localizado;não localizado;não localizado;não localizado;não localizado;não localizado;não localizado;Estudo local: 0/12 itens já registrados no sistema. Prazo de inscrição e Valor podem ser dispensa pelo tipo (art. 79 da Lei 14.133/2021) se o edital confirmar cadastramento permanente e tabela fixa. Próximo passo: ler o edital no PNCP/diário pelo navegador e fechar os itens em falta.
RS · Meio ambiente e clima;3e23011b7b440988c469;Edital de Apoio a Projetos para a Melhoria de Resíduos Sólidos em Minas Gerais;Ministério do Meio Ambiente e Mudança do Clima;estudo local (dados do sistema) — verifi;pendente;fora;poder_publico;chamamento_publico;;https://sinir.gov.br/perfis/editais/edital-catadores-fnma-sqa-no-1-2024/;8;sem_evidencia;False;op-ef9a4a15a189;confirmado;não localizado;não localizado;não localizado;não localizado;confirmado;confirmado;confirmado;confirmado;confirmado;confirmado;confirmado;Estudo local: 8/12 itens já registrados no sistema. Chamamento/edital com seleção: nenhum item é dispensável pelo tipo. Próximo passo: ler o edital no PNCP/diário pelo navegador e fechar os itens em falta.
RS · Outras;agr-4bc6fd5b1985;Edital Prefeitura de Encantado 2026: Guia de Captação;Prefeitura de Encantado;estudo local (dados do sistema) — verifi;pendente;fora;poder_publico;chamamento_publico;;https://www.prefeituras.org/prefeitura-municipal-de-encantado-rs/;3;sem_evidencia;False;sem livro: fora da abrangência: oportunidade pública municipal de outro estado (só Goiás tem livros municipais);não localizado;não localizado;não localizado;não localizado;não localizado;confirmado;confirmado;confirmado;não localizado;não localizado;não localizado;não localizado;Estudo local: 3/12 itens já registrados no sistema. Chamamento/edital com seleção: nenhum item é dispensável pelo tipo. Próximo passo: ler o edital no PNCP/diário pelo navegador e fechar os itens em falta.
RS · Outras;b81b46a1275ddeb324a1;MUNICIPIO DE CACHOEIRINHA — Seleção de Organização da Sociedade Civil - OSC, por meio de Chamamento Público, para celebração de Termo de Colaboração, ;MUNICIPIO DE CACHOEIRINHA;estudo local (dados do sistema) — verifi;pendente;fora;poder_publico;chamamento_publico;2026-11-04;;0;sem_evidencia;False;op-03c5c664933f;não localizado;não localizado;não localizado;não localizado;não localizado;não localizado;não localizado;não localizado;não localizado;não localizado;não localizado;não localizado;Estudo local: 0/12 itens já registrados no sistema. Chamamento/edital com seleção: nenhum item é dispensável pelo tipo. Próximo passo: ler o edital no PNCP/diário pelo navegador e fechar os itens em falta.
RS · Outras;81dc641e65fbaf9a2ab1;MUNICIPIO DE SANTA CRUZ DO SUL — Edital de Chamamento Público para seleção de propostas para Patrocínio a Eventos nº 001/2026;MUNICIPIO DE SANTA CRUZ DO SUL;estudo local (dados do sistema) — verifi;pendente;fora;poder_publico;chamamento_publico;2026-12-31;;0;sem_evidencia;False;op-52d1693d1c87;não localizado;não localizado;não localizado;não localizado;não localizado;não localizado;não localizado;não localizado;não localizado;não localizado;não localizado;não localizado;Estudo local: 0/12 itens já registrados no sistema. Chamamento/edital com seleção: nenhum item é dispensável pelo tipo. Próximo passo: ler o edital no PNCP/diário pelo navegador e fechar os itens em falta.
RS · Pessoa idosa;67f3201c7a39683dd4a7;MUNICIPIO DE OSORIO — O presente Chamamento Público se destina a selecionar Organizações da Sociedade Civil (OSC) sem fins lucrativos, para firmar par;MUNICIPIO DE OSORIO;estudo local (dados do sistema) — verifi;pendente;fora;poder_publico;chamamento_publico;2026-10-07;;0;sem_evidencia;False;op-77daf4d25d65;não localizado;não localizado;não localizado;não localizado;não localizado;não localizado;não localizado;não localizado;não localizado;não localizado;não localizado;não localizado;Estudo local: 0/12 itens já registrados no sistema. Chamamento/edital com seleção: nenhum item é dispensável pelo tipo. Próximo passo: ler o edital no PNCP/diário pelo navegador e fechar os itens em falta.
RS · Pessoa idosa;1c42fb1302349fa265d7;MUNICIPIO DE CANOAS — Credenciamento de Agremiações Carnavalescas, Agremiações de Samba com personalidade jurídica, sem fins lucrativos, com razão soc;MUNICIPIO DE CANOAS;estudo local (dados do sistema) — verifi;pendente;fora;poder_publico;credenciamento;2027-12-31;;0;sem_evidencia;False;op-f9969a273da5;não localizado;não localizado;não localizado;não localizado;não localizado;não localizado;não localizado;não localizado;não localizado;não localizado;não localizado;não localizado;Estudo local: 0/12 itens já registrados no sistema. Prazo de inscrição e Valor podem ser dispensa pelo tipo (art. 79 da Lei 14.133/2021) se o edital confirmar cadastramento permanente e tabela fixa. Próximo passo: ler o edital no PNCP/diário pelo navegador e fechar os itens em falta.
RS · Pessoa idosa;c5a5fb20f0d79a868571;MUNICIPIO DE NOVA SANTA RITA — CREDENCIAMENTO DE INSTITUIÇÕES DE LONGA PERMANÊNCIA PARA IDOSOS (ILPI), públicas ou privadas, com ou sem fins lucrativo;MUNICIPIO DE NOVA SANTA RITA;estudo local (dados do sistema) — verifi;pendente;fora;poder_publico;credenciamento;2036-07-01;;0;sem_evidencia;False;op-918b99eb3620;não localizado;não localizado;não localizado;não localizado;não localizado;não localizado;não localizado;não localizado;não localizado;não localizado;não localizado;não localizado;Estudo local: 0/12 itens já registrados no sistema. Prazo de inscrição e Valor podem ser dispensa pelo tipo (art. 79 da Lei 14.133/2021) se o edital confirmar cadastramento permanente e tabela fixa. Próximo passo: ler o edital no PNCP/diário pelo navegador e fechar os itens em falta.
RS · Saúde;04004b7315e38649211f;MUNICIPIO DE CANELA — [Portal de Compras Públicas] - contratação de pessoas jurídicas especializadas na prestação de serviço de acolhimento institucio;MUNICIPIO DE CANELA;estudo local (dados do sistema) — verifi;pendente;fora;poder_publico;chamamento_publico;2027-03-03;;0;sem_evidencia;False;op-33a3ea5fda7e;não localizado;não localizado;não localizado;não localizado;não localizado;não localizado;não localizado;não localizado;não localizado;não localizado;não localizado;não localizado;Estudo local: 0/12 itens já registrados no sistema. Chamamento/edital com seleção: nenhum item é dispensável pelo tipo. Próximo passo: ler o edital no PNCP/diário pelo navegador e fechar os itens em falta.
RS · Saúde;49da9f5df54f25e60580;MUNICIPIO DE RESTINGA SECA — O objeto deste Termo de Referencia e o credenciamento de Organizacoes da Sociedade Civil com ou sem fins lucrativos para ;MUNICIPIO DE RESTINGA SECA;estudo local (dados do sistema) — verifi;pendente;fora;poder_publico;credenciamento;2027-03-11;;0;sem_evidencia;False;op-7c1c637c2e08;não localizado;não localizado;não localizado;não localizado;não localizado;não localizado;não localizado;não localizado;não localizado;não localizado;não localizado;não localizado;Estudo local: 0/12 itens já registrados no sistema. Prazo de inscrição e Valor podem ser dispensa pelo tipo (art. 79 da Lei 14.133/2021) se o edital confirmar cadastramento permanente e tabela fixa. Próximo passo: ler o edital no PNCP/diário pelo navegador e fechar os itens em falta.
RS · Saúde;9e0f36dd5402ba3d5329;MUNICIPIO DE TRIUNFO — Chamada Publica para Fins de Credenciamento de Pessoas Juridicas para Prestacao de Servicos de ate 70 setenta vagas por mes em ;MUNICIPIO DE TRIUNFO;estudo local (dados do sistema) — verifi;pendente;fora;poder_publico;credenciamento;2027-05-05;;0;sem_evidencia;False;sem livro: não é seleção aberta a associações (dispensa/inexigibilidade de chamamento, credenciamento de pessoa física ou compra);não localizado;não localizado;não localizado;não localizado;não localizado;não localizado;não localizado;não localizado;não localizado;não localizado;não localizado;não localizado;Estudo local: 0/12 itens já registrados no sistema. Prazo de inscrição e Valor podem ser dispensa pelo tipo (art. 79 da Lei 14.133/2021) se o edital confirmar cadastramento permanente e tabela fixa. Próximo passo: ler o edital no PNCP/diário pelo navegador e fechar os itens em falta.
RJ · Assistência social;7b8073c2d3d927dbac86;"Diário Oficial de Macaé (RJ) 2026-09-22 — ""chamamento público"" ""organizações da sociedade civil""";Prefeitura Municipal de Macaé;estudo local (dados do sistema) — verifi;pendente;fora;poder_publico;chamamento_publico;;;7;pistas_locais_a_confirmar;False;sem livro: fora da abrangência: oportunidade pública municipal de outro estado (só Goiás tem livros municipais);confirmado;não localizado;não localizado;não localizado;confirmado;confirmado;confirmado;confirmado;não localizado;confirmado;confirmado;não localizado;Estudo local: 7/12 itens já registrados no sistema. Chamamento/edital com seleção: nenhum item é dispensável pelo tipo. Próximo passo: ler o edital no PNCP/diário pelo navegador e fechar os itens em falta.
RJ · Assistência social;fb1a2ebe8e4bf465a30e;MUNICIPIO DE RIO DE JANEIRO — Credenciamento de instituições privadas, sem fins lucrativos, que ofereçam acolhimento residencial de caráter transitóri;MUNICIPIO DE RIO DE JANEIRO;estudo local (dados do sistema) — verifi;pendente;fora;poder_publico;credenciamento;2026-11-25;;0;sem_evidencia;False;op-ce08d2d6b36e;não localizado;não localizado;não localizado;não localizado;não localizado;não localizado;não localizado;não localizado;não localizado;não localizado;não localizado;não localizado;Estudo local: 0/12 itens já registrados no sistema. Prazo de inscrição e Valor podem ser dispensa pelo tipo (art. 79 da Lei 14.133/2021) se o edital confirmar cadastramento permanente e tabela fixa. Próximo passo: ler o edital no PNCP/diário pelo navegador e fechar os itens em falta.
RJ · Chamamentos em diário oficial;2ecb97286b45a9b9fdbf;"Diário Oficial de Niterói (RJ) 2026-09-16 — ""edital de chamamento público"" associação";PREFEITURA MUNICIPAL DE NITERÓI;estudo local (dados do sistema) — verifi;pendente;fora;poder_publico;chamamento_publico;;;7;pistas_locais_a_confirmar;False;sem livro: fora da abrangência: oportunidade pública municipal de outro estado (só Goiás tem livros municipais);confirmado;não localizado;não localizado;não localizado;confirmado;confirmado;confirmado;confirmado;não localizado;confirmado;confirmado;não localizado;Estudo local: 7/12 itens já registrados no sistema. Chamamento/edital com seleção: nenhum item é dispensável pelo tipo. Próximo passo: ler o edital no PNCP/diário pelo navegador e fechar os itens em falta.
RJ · Chamamentos em diário oficial;9319b6fe15075bc73d69;"Diário Oficial de Casimiro de Abreu (RJ) 2026-09-29 — ""chamamento público"" ""organizações da sociedade civil""";;estudo local (dados do sistema) — verifi;pendente;fora;poder_publico;chamamento_publico;;;0;sem_evidencia;False;sem livro: fora da abrangência: oportunidade pública municipal de outro estado (só Goiás tem livros municipais);não localizado;não localizado;não localizado;não localizado;não localizado;não localizado;não localizado;não localizado;não localizado;não localizado;não localizado;não localizado;Estudo local: 0/12 itens já registrados no sistema. Chamamento/edital com seleção: nenhum item é dispensável pelo tipo. Próximo passo: ler o edital no PNCP/diário pelo navegador e fechar os itens em falta.
RJ · Chamamentos em diário oficial;2fabfa7acdda27903ad6;"Diário Oficial de Macaé (RJ) 2026-09-29 — ""chamamento público"" ""organizações da sociedade civil""";;estudo local (dados do sistema) — verifi;pendente;fora;poder_publico;chamamento_publico;;;0;sem_evidencia;False;sem livro: fora da abrangência: oportunidade pública municipal de outro estado (só Goiás tem livros municipais);não localizado;não localizado;não localizado;não localizado;não localizado;não localizado;não localizado;não localizado;não localizado;não localizado;não localizado;não localizado;Estudo local: 0/12 itens já registrados no sistema. Chamamento/edital com seleção: nenhum item é dispensável pelo tipo. Próximo passo: ler o edital no PNCP/diário pelo navegador e fechar os itens em falta.
RJ · Chamamentos em diário oficial;775397921d71c170aa84;"Diário Oficial de Macaé (RJ) 2026-09-30 — ""chamamento público"" ""organizações da sociedade civil""";;estudo local (dados do sistema) — verifi;pendente;fora;poder_publico;chamamento_publico;;;0;sem_evidencia;False;sem livro: fora da abrangência: oportunidade pública municipal de outro estado (só Goiás tem livros municipais);não localizado;não localizado;não localizado;não localizado;não localizado;não localizado;não localizado;não localizado;não localizado;não localizado;não localizado;não localizado;Estudo local: 0/12 itens já registrados no sistema. Chamamento/edital com seleção: nenhum item é dispensável pelo tipo. Próximo passo: ler o edital no PNCP/diário pelo navegador e fechar os itens em falta.
RJ · Chamamentos em diário oficial;46c854dc018c60a689dc;"Diário Oficial de Quissamã (RJ) 2026-09-30 — ""chamamento público"" ""organizações da sociedade civil""";;estudo local (dados do sistema) — verifi;pendente;fora;poder_publico;chamamento_publico;;;0;sem_evidencia;False;sem livro: fora da abrangência: oportunidade pública municipal de outro estado (só Goiás tem livros municipais);não localizado;não localizado;não localizado;não localizado;não localizado;não localizado;não localizado;não localizado;não localizado;não localizado;não localizado;não localizado;Estudo local: 0/12 itens já registrados no sistema. Chamamento/edital com seleção: nenhum item é dispensável pelo tipo. Próximo passo: ler o edital no PNCP/diário pelo navegador e fechar os itens em falta.
RJ · Chamamentos em diário oficial;5ab663f7ddca85b5ac42;"Diário Oficial de Rio de Janeiro (RJ) 2026-09-29 — ""chamamento público"" ""organizações da sociedade civil""";;estudo local (dados do sistema) — verifi;pendente;fora;poder_publico;chamamento_publico;;;0;sem_evidencia;False;sem livro: fora da abrangência: oportunidade pública municipal de outro estado (só Goiás tem livros municipais);não localizado;não localizado;não localizado;não localizado;não localizado;não localizado;não localizado;não localizado;não localizado;não localizado;não localizado;não localizado;Estudo local: 0/12 itens já registrados no sistema. Chamamento/edital com seleção: nenhum item é dispensável pelo tipo. Próximo passo: ler o edital no PNCP/diário pelo navegador e fechar os itens em falta.
RJ · Criança e adolescente;fc75650475d331014164;"Diário Oficial de São José do Vale do Rio Preto (RJ) 2026-09-24 — ""edital de chamamento público"" associação";PREFEITURA MUNICIPAL DE SÃO JOSÉ DO VALE DO RIO PRETO;estudo local (dados do sistema) — verifi;pendente;fora;poder_publico;chamamento_publico;;;9;sem_evidencia;False;sem livro: fora da abrangência: oportunidade pública municipal de outro estado (só Goiás tem livros municipais);confirmado;não localizado;não localizado;não localizado;confirmado;confirmado;confirmado;confirmado;confirmado;confirmado;confirmado;confirmado;Estudo local: 9/12 itens já registrados no sistema. Chamamento/edital com seleção: nenhum item é dispensável pelo tipo. Próximo passo: ler o edital no PNCP/diário pelo navegador e fechar os itens em falta.
RJ · Cultura;cat-9d74b9348be8;Parque bondinho pao de acucar abre inscricoes para o edital 2026 de selecao de projetos culturais;;estudo local (dados do sistema) — verifi;pendente;fora;iniciativa_privada;incentivo_fiscal;2026-10-09;https://blog.bondinho.com.br/parque-bondinho-pao-de-acucar-abre-inscricoes-para-o-edital-2026-de-selecao-de-projetos-culturais/;10;sem_evidencia;False;nova-6f91da07d918;confirmado;confirmado;confirmado;não localizado;não localizado;confirmado;confirmado;confirmado;confirmado;confirmado;confirmado;confirmado;Estudo local: 10/12 itens já registrados no sistema. Prazo de recurso tende a ser dispensa pelo tipo (rito na norma do programa). Próximo passo: ler o edital no PNCP/diário pelo navegador e fechar os itens em falta.
RJ · Cultura;agr-bff891cb6f69;Edital Rouanet nas Favelas 2 (2026): Guia de Captação;Ministério da Cultura;estudo local (dados do sistema) — verifi;pendente;fora;poder_publico;incentivo_fiscal;2026-10-13;https://www.gov.br/cultura/pt-br/assuntos/editais/inscricoes-abertas/programa-rouanet-nas-favelas-2/programa-rouanet-nas-favelas-2;12;sem_evidencia;False;op-e4c0e79d5ef6;confirmado;confirmado;confirmado;confirmado;confirmado;confirmado;confirmado;confirmado;confirmado;confirmado;confirmado;confirmado;Estudo local: 12/12 itens já registrados no sistema. Prazo de recurso tende a ser dispensa pelo tipo (rito na norma do programa). Próximo passo: ler o edital no PNCP/diário pelo navegador e fechar os itens em falta.
RJ · Cultura;332e8f675e56e5916eed;"Diário Oficial de São José do Vale do Rio Preto (RJ) 2026-09-22 — ""edital de chamamento público"" associação";Prefeitura Municipal de São José do Vale do Rio Preto;estudo local (dados do sistema) — verifi;pendente;fora;poder_publico;credenciamento;2027-05-07;https://buscarlicitacao.com.br/licitacoes/cidade/sao-jose-do-vale-do-rio-preto/3252;7;sem_evidencia;False;sem livro: fora da abrangência: oportunidade pública municipal de outro estado (só Goiás tem livros municipais);confirmado;confirmado;não localizado;não localizado;confirmado;confirmado;confirmado;confirmado;não localizado;confirmado;não localizado;não localizado;Estudo local: 7/12 itens já registrados no sistema. Prazo de inscrição e Valor podem ser dispensa pelo tipo (art. 79 da Lei 14.133/2021) se o edital confirmar cadastramento permanente e tabela fixa. Próximo passo: ler o edital no PNCP/diário pelo navegador e fechar os itens em falta.
RJ · Cultura;agr-88662b3ae911;CREDENCIAMENTO DE ARTISTAS LOCAIS PARA PARTICIPAÇÃO NOS EVENTOS E FESTIVIDADES PREVISTOS NO CALENDÁRIO ANUAL… — MUNICIPIO DE VARRE-SAI;MUNICIPIO DE VARRE-SAI;estudo local (dados do sistema) — verifi;pendente;fora;poder_publico;credenciamento;;;0;sem_evidencia;False;op-75f57f9f52c6;não localizado;não localizado;não localizado;não localizado;não localizado;não localizado;não localizado;não localizado;não localizado;não localizado;não localizado;não localizado;Estudo local: 0/12 itens já registrados no sistema. Prazo de inscrição e Valor podem ser dispensa pelo tipo (art. 79 da Lei 14.133/2021) se o edital confirmar cadastramento permanente e tabela fixa. Próximo passo: ler o edital no PNCP/diário pelo navegador e fechar os itens em falta.
RJ · Cultura;agr-685cda7c387a;Contratação de artistas e profissionais locais e regionais de arte, cultura em todas as suas manifestações e… — MUNICIPIO DE ARRAIAL DO CABO;MUNICIPIO DE ARRAIAL DO CABO;estudo local (dados do sistema) — verifi;pendente;fora;poder_publico;chamamento_publico;;;0;pistas_locais_a_confirmar;False;op-e66032e497bd;não localizado;não localizado;não localizado;não localizado;não localizado;não localizado;não localizado;não localizado;não localizado;não localizado;não localizado;não localizado;Estudo local: 0/12 itens já registrados no sistema. Chamamento/edital com seleção: nenhum item é dispensável pelo tipo. Próximo passo: ler o edital no PNCP/diário pelo navegador e fechar os itens em falta.
RJ · Cultura;agr-b2105d447b4b;Credenciamento de interessados em prestar serviços de apresentações artísticas e culturais (artistas, grupos… — MUNICIPIO DE MARICA;MUNICIPIO DE MARICA;estudo local (dados do sistema) — verifi;pendente;fora;poder_publico;credenciamento;;;0;sem_evidencia;False;op-60d3c6be1a67;não localizado;não localizado;não localizado;não localizado;não localizado;não localizado;não localizado;não localizado;não localizado;não localizado;não localizado;não localizado;Estudo local: 0/12 itens já registrados no sistema. Prazo de inscrição e Valor podem ser dispensa pelo tipo (art. 79 da Lei 14.133/2021) se o edital confirmar cadastramento permanente e tabela fixa. Próximo passo: ler o edital no PNCP/diário pelo navegador e fechar os itens em falta.
RJ · Cultura;agr-65961ba6fc2c;Credenciamento de pessoas físicas e jurídicas para prestação de serviço de artistas, bandas, grupos musicais… — MUNICIPIO DE ARARUAMA;MUNICIPIO DE ARARUAMA;estudo local (dados do sistema) — verifi;pendente;fora;poder_publico;credenciamento;;;0;sem_evidencia;False;sem livro: não é seleção aberta a associações (dispensa/inexigibilidade de chamamento, credenciamento de pessoa física ou compra);não localizado;não localizado;não localizado;não localizado;não localizado;não localizado;não localizado;não localizado;não localizado;não localizado;não localizado;não localizado;Estudo local: 0/12 itens já registrados no sistema. Prazo de inscrição e Valor podem ser dispensa pelo tipo (art. 79 da Lei 14.133/2021) se o edital confirmar cadastramento permanente e tabela fixa. Próximo passo: ler o edital no PNCP/diário pelo navegador e fechar os itens em falta.
RJ · Cultura;agr-6e6f3749dbae;Credenciamento de pessoas físicas e jurídicas, inclusive MEI para prestação de serviços técnicos… — MUNICIPIO DE SAO PEDRO DA ALDEIA;MUNICIPIO DE SAO PEDRO DA ALDEIA;estudo local (dados do sistema) — verifi;pendente;fora;poder_publico;credenciamento;;;0;sem_evidencia;False;sem livro: não é seleção aberta a associações (dispensa/inexigibilidade de chamamento, credenciamento de pessoa física ou compra);não localizado;não localizado;não localizado;não localizado;não localizado;não localizado;não localizado;não localizado;não localizado;não localizado;não localizado;não localizado;Estudo local: 0/12 itens já registrados no sistema. Prazo de inscrição e Valor podem ser dispensa pelo tipo (art. 79 da Lei 14.133/2021) se o edital confirmar cadastramento permanente e tabela fixa. Próximo passo: ler o edital no PNCP/diário pelo navegador e fechar os itens em falta.
RJ · Cultura;agr-f92194a700a5;Credenciamento para a contratação de artistas locais que irão se apresentar nos eventos realizados e/ou… — MUNICIPIO DE ANGRA DOS REIS;MUNICIPIO DE ANGRA DOS REIS;estudo local (dados do sistema) — verifi;pendente;fora;poder_publico;credenciamento;;;0;pistas_locais_a_confirmar;False;op-c7d1a8f23121;não localizado;não localizado;não localizado;não localizado;não localizado;não localizado;não localizado;não localizado;não localizado;não localizado;não localizado;não localizado;Estudo local: 0/12 itens já registrados no sistema. Prazo de inscrição e Valor podem ser dispensa pelo tipo (art. 79 da Lei 14.133/2021) se o edital confirmar cadastramento permanente e tabela fixa. Próximo passo: ler o edital no PNCP/diário pelo navegador e fechar os itens em falta.
RJ · Cultura;agr-f1f265a80bda;Programa Funarte Aberta 2026 — Ocupação Gratuita dos Teatros Dulcina e Glauce Rocha (Rio de Janeiro);Fundação Nacional de Artes (Funarte);estudo local (dados do sistema) — verifi;pendente;fora;poder_publico;chamamento_publico;;https://www.gov.br/funarte/pt-br/editais-1/2026/programa-funarte-aberta/programa-funarte-aberta-2026-2013-ocupacao-dos-espacos-culturais-da-funarte-centro-de-teatro;0;sem_evidencia;False;op-c92f3272ecb6;não localizado;não localizado;não localizado;não localizado;não localizado;não localizado;não localizado;não localizado;não localizado;não localizado;não localizado;não localizado;Estudo local: 0/12 itens já registrados no sistema. Chamamento/edital com seleção: nenhum item é dispensável pelo tipo. Próximo passo: ler o edital no PNCP/diário pelo navegador e fechar os itens em falta.
RJ · Cultura;agr-c56081cb20cc;Programa Funarte Aberta 2026 — Ocupação da Sala Multiuso do Centro Técnico de Artes (Rio de Janeiro);Fundação Nacional de Artes (Funarte);estudo local (dados do sistema) — verifi;pendente;fora;poder_publico;chamamento_publico;;https://www.gov.br/funarte/pt-br/editais-1/2026/programa-funarte-aberta/programa-funarte-aberta-2026-2013-ocupacao-dos-espacos-culturais-da-funarte-centro-tecnico-de-artes;0;sem_evidencia;False;op-48b6d473759b;não localizado;não localizado;não localizado;não localizado;não localizado;não localizado;não localizado;não localizado;não localizado;não localizado;não localizado;não localizado;Estudo local: 0/12 itens já registrados no sistema. Chamamento/edital com seleção: nenhum item é dispensável pelo tipo. Próximo passo: ler o edital no PNCP/diário pelo navegador e fechar os itens em falta.
RJ · Cultura;agr-504072d59590;credenciamento de pessoas jurídicas para prestação de serviços de facilitação de processos criativos… — FUNDACAO RIO DAS OSTRAS DE CULTURA;FUNDACAO RIO DAS OSTRAS DE CULTURA;estudo local (dados do sistema) — verifi;pendente;fora;poder_publico;credenciamento;;;0;sem_evidencia;False;sem livro: não é seleção aberta a associações (dispensa/inexigibilidade de chamamento, credenciamento de pessoa física ou compra);não localizado;não localizado;não localizado;não localizado;não localizado;não localizado;não localizado;não localizado;não localizado;não localizado;não localizado;não localizado;Estudo local: 0/12 itens já registrados no sistema. Prazo de inscrição e Valor podem ser dispensa pelo tipo (art. 79 da Lei 14.133/2021) se o edital confirmar cadastramento permanente e tabela fixa. Próximo passo: ler o edital no PNCP/diário pelo navegador e fechar os itens em falta.
RJ · Educação;fc7d58fa74b85e671cc6;MUNICIPIO DE ARRAIAL DO CABO — O presente Chamamento Público tem por objeto a seleção de Organização da Sociedade Civil (OSC) para celebração de Termo;MUNICIPIO DE ARRAIAL DO CABO;estudo local (dados do sistema) — verifi;pendente;fora;poder_publico;chamamento_publico;2026-10-08;;0;pistas_locais_a_confirmar;False;op-bd9dffbb901e;não localizado;não localizado;não localizado;não localizado;não localizado;não localizado;não localizado;não localizado;não localizado;não localizado;não localizado;não localizado;Estudo local: 0/12 itens já registrados no sistema. Chamamento/edital com seleção: nenhum item é dispensável pelo tipo. Próximo passo: ler o edital no PNCP/diário pelo navegador e fechar os itens em falta.
RJ · Educação;41b5e8d92382497ee954;SECRETARIA MUNICIPAL DE EDUCACAO — Credenciamento de Organizações da Sociedade Civil (OSC), com vistas a possíveis e futuras parcerias na área educaci;SECRETARIA MUNICIPAL DE EDUCACAO;estudo local (dados do sistema) — verifi;pendente;fora;poder_publico;credenciamento;2027-05-27;;0;sem_evidencia;False;op-75c3c7ebe22b;não localizado;não localizado;não localizado;não localizado;não localizado;não localizado;não localizado;não localizado;não localizado;não localizado;não localizado;não localizado;Estudo local: 0/12 itens já registrados no sistema. Prazo de inscrição e Valor podem ser dispensa pelo tipo (art. 79 da Lei 14.133/2021) se o edital confirmar cadastramento permanente e tabela fixa. Próximo passo: ler o edital no PNCP/diário pelo navegador e fechar os itens em falta.
RJ · Meio ambiente e clima;c2c3aea1c9c54ed55e5a;MUNICIPIO DE ANGRA DOS REIS — Credenciamento de Cooperativas e Associações interessadas em receber Remuneração Complementar pela prestação de serviços;MUNICIPIO DE ANGRA DOS REIS;estudo local (dados do sistema) — verifi;pendente;fora;poder_publico;credenciamento;2027-06-17;;0;pistas_locais_a_confirmar;False;op-71dc1333b116;não localizado;não localizado;não localizado;não localizado;não localizado;não localizado;não localizado;não localizado;não localizado;não localizado;não localizado;não localizado;Estudo local: 0/12 itens já registrados no sistema. Prazo de inscrição e Valor podem ser dispensa pelo tipo (art. 79 da Lei 14.133/2021) se o edital confirmar cadastramento permanente e tabela fixa. Próximo passo: ler o edital no PNCP/diário pelo navegador e fechar os itens em falta.
RJ · Outras;agr-3ad5292dad80;Instituto Lojas Renner abre edital com até R$ 10 mil para fortalecer organizações sociais;;estudo local (dados do sistema) — verifi;pendente;fora;poder_publico;chamamento_publico;;https://www.institutolojasrenner.org.br/edital-encantando-comunidades/;0;sem_evidencia;False;op-de87e6e6397f;não localizado;não localizado;não localizado;não localizado;não localizado;não localizado;não localizado;não localizado;não localizado;não localizado;não localizado;não localizado;Estudo local: 0/12 itens já registrados no sistema. Chamamento/edital com seleção: nenhum item é dispensável pelo tipo. Próximo passo: ler o edital no PNCP/diário pelo navegador e fechar os itens em falta.
RJ · Pessoa idosa;2496fdb9aa1ad364e33d;MUNICIPIO DE JAPERI — CHAMAMENTO PÚBLICO PARA SELEÇÃO PÚBLICA DE ENTIDADES PRIVADAS SEM FINS LUCRATIVOS, QUALIFICADAS COMO ORGANIZAÇÕES SOCIAIS NO MUN;MUNICIPIO DE JAPERI;estudo local (dados do sistema) — verifi;pendente;fora;poder_publico;chamamento_publico;2026-10-29;;0;sem_evidencia;False;op-6af14fb81463;não localizado;não localizado;não localizado;não localizado;não localizado;não localizado;não localizado;não localizado;não localizado;não localizado;não localizado;não localizado;Estudo local: 0/12 itens já registrados no sistema. Chamamento/edital com seleção: nenhum item é dispensável pelo tipo. Próximo passo: ler o edital no PNCP/diário pelo navegador e fechar os itens em falta.
RJ · Pessoa idosa;bf53e1af9e4209c7b531;FUNDO MUNICIPAL DE ASSISTENCIA SOCIAL — ASILAMENTO - Atender a necessidade de serviço de Instituição de Longa Permanência para Idoso (ILPI), visando c;FUNDO MUNICIPAL DE ASSISTENCIA SOCIAL;estudo local (dados do sistema) — verifi;pendente;fora;poder_publico;chamamento_publico;2027-08-17;;0;sem_evidencia;False;op-bd3b65156374;não localizado;não localizado;não localizado;não localizado;não localizado;não localizado;não localizado;não localizado;não localizado;não localizado;não localizado;não localizado;Estudo local: 0/12 itens já registrados no sistema. Chamamento/edital com seleção: nenhum item é dispensável pelo tipo. Próximo passo: ler o edital no PNCP/diário pelo navegador e fechar os itens em falta.
PE · Chamamentos em diário oficial;0b42732d7183eaecb284;"Diário Oficial de Recife (PE) 2026-09-29 — ""chamamento público"" ""organizações da sociedade civil""";;estudo local (dados do sistema) — verifi;pendente;fora;poder_publico;chamamento_publico;;;0;sem_evidencia;False;sem livro: fora da abrangência: oportunidade pública municipal de outro estado (só Goiás tem livros municipais);não localizado;não localizado;não localizado;não localizado;não localizado;não localizado;não localizado;não localizado;não localizado;não localizado;não localizado;não localizado;Estudo local: 0/12 itens já registrados no sistema. Chamamento/edital com seleção: nenhum item é dispensável pelo tipo. Próximo passo: ler o edital no PNCP/diário pelo navegador e fechar os itens em falta.
PE · Cultura;agr-60d68f2d449f;ATRAÇÕES ARTÍSTICAS LOCAIS (PESSOA FÍSICA, JURÍDICA OU MICRO EMPREENDEDOR INDIVIDUAL – MEI), QUE ATENDAM ÀS… — MUNICIPIO DE LAGOA DO CARRO;MUNICIPIO DE LAGOA DO CARRO;estudo local (dados do sistema) — verifi;pendente;fora;poder_publico;chamamento_publico;;;0;sem_evidencia;False;sem livro: não é seleção aberta a associações (dispensa/inexigibilidade de chamamento, credenciamento de pessoa física ou compra);não localizado;não localizado;não localizado;não localizado;não localizado;não localizado;não localizado;não localizado;não localizado;não localizado;não localizado;não localizado;Estudo local: 0/12 itens já registrados no sistema. Chamamento/edital com seleção: nenhum item é dispensável pelo tipo. Próximo passo: ler o edital no PNCP/diário pelo navegador e fechar os itens em falta.
PE · Cultura;agr-8a638c8079b0;CONTRATAÇÃO DE ARTISTAS, BANDAS E GRUPOS MUSICAIS ARTÍSTICOS LOCAIS E REGIONAIS (PESSOA FÍSICA OU JURÍDICA)… — MUNICIPIO DE AMARAJI;MUNICIPIO DE AMARAJI;estudo local (dados do sistema) — verifi;pendente;fora;poder_publico;chamamento_publico;;;0;sem_evidencia;False;sem livro: não é seleção aberta a associações (dispensa/inexigibilidade de chamamento, credenciamento de pessoa física ou compra);não localizado;não localizado;não localizado;não localizado;não localizado;não localizado;não localizado;não localizado;não localizado;não localizado;não localizado;não localizado;Estudo local: 0/12 itens já registrados no sistema. Chamamento/edital com seleção: nenhum item é dispensável pelo tipo. Próximo passo: ler o edital no PNCP/diário pelo navegador e fechar os itens em falta.
PE · Cultura;agr-fab1d07ef4ea;CONTRATAÇÃO DE SHOWS ARTÍSTICOS (BANDAS E/OU ARTISTAS, AGREMIAÇÕES CARNAVALESCAS, PESSOAS FÍSICAS OU… — MUNICIPIO DE ITAQUITINGA;MUNICIPIO DE ITAQUITINGA;estudo local (dados do sistema) — verifi;pendente;fora;poder_publico;chamamento_publico;;;0;sem_evidencia;False;sem livro: não é seleção aberta a associações (dispensa/inexigibilidade de chamamento, credenciamento de pessoa física ou compra);não localizado;não localizado;não localizado;não localizado;não localizado;não localizado;não localizado;não localizado;não localizado;não localizado;não localizado;não localizado;Estudo local: 0/12 itens já registrados no sistema. Chamamento/edital com seleção: nenhum item é dispensável pelo tipo. Próximo passo: ler o edital no PNCP/diário pelo navegador e fechar os itens em falta.
PE · Cultura;agr-bd74d98a316c;CREDENCIAMENTO DE ARTISTAS INDIVIDUAIS, GRUPOS CULTURAIS, GRUPOS MUSICAIS E GRUPOS DIVERSOS, INTERESSADOS EM… — MUNICIPIO DE CHA GRANDE;MUNICIPIO DE CHA GRANDE;estudo local (dados do sistema) — verifi;pendente;fora;poder_publico;credenciamento;;;0;sem_evidencia;False;op-9d9eb6203b16;não localizado;não localizado;não localizado;não localizado;não localizado;não localizado;não localizado;não localizado;não localizado;não localizado;não localizado;não localizado;Estudo local: 0/12 itens já registrados no sistema. Prazo de inscrição e Valor podem ser dispensa pelo tipo (art. 79 da Lei 14.133/2021) se o edital confirmar cadastramento permanente e tabela fixa. Próximo passo: ler o edital no PNCP/diário pelo navegador e fechar os itens em falta.
PE · Cultura;agr-92d5ea48a1e4;CREDENCIAMENTO DE ATRAÇÕES ARTÍSTICAS LOCAIS (PESSOA FÍSICA, JURÍDICA OU MICRO EMPREENDEDOR INDIVIDUAL –… — MUNICIPIO DE PAUDALHO;MUNICIPIO DE PAUDALHO;estudo local (dados do sistema) — verifi;pendente;fora;poder_publico;credenciamento;;;0;sem_evidencia;False;sem livro: não é seleção aberta a associações (dispensa/inexigibilidade de chamamento, credenciamento de pessoa física ou compra);não localizado;não localizado;não localizado;não localizado;não localizado;não localizado;não localizado;não localizado;não localizado;não localizado;não localizado;não localizado;Estudo local: 0/12 itens já registrados no sistema. Prazo de inscrição e Valor podem ser dispensa pelo tipo (art. 79 da Lei 14.133/2021) se o edital confirmar cadastramento permanente e tabela fixa. Próximo passo: ler o edital no PNCP/diário pelo navegador e fechar os itens em falta.
PE · Cultura;agr-b6de4ef27b15;CREDENCIAMENTO DE ATRAÇÕES ARTÍSTICAS LOCAIS PARA COMPOSIÇÃO DA PROGRAMAÇÃO CULTURAL E DAS FESTIVIDADES… — MUNICIPIO DE PAUDALHO;MUNICIPIO DE PAUDALHO;estudo local (dados do sistema) — verifi;pendente;fora;poder_publico;credenciamento;;;0;sem_evidencia;False;op-1d7e7cfe2b85;não localizado;não localizado;não localizado;não localizado;não localizado;não localizado;não localizado;não localizado;não localizado;não localizado;não localizado;não localizado;Estudo local: 0/12 itens já registrados no sistema. Prazo de inscrição e Valor podem ser dispensa pelo tipo (art. 79 da Lei 14.133/2021) se o edital confirmar cadastramento permanente e tabela fixa. Próximo passo: ler o edital no PNCP/diário pelo navegador e fechar os itens em falta.
PE · Cultura;agr-1eff0a75445a;Chamamento público para Credenciamento de artistas, com vistas a apresentações nas linguagens artísticas de… — MUNICIPIO DE IPOJUCA;MUNICIPIO DE IPOJUCA;estudo local (dados do sistema) — verifi;pendente;fora;poder_publico;credenciamento;;;0;sem_evidencia;False;op-a8028b9ee044;não localizado;não localizado;não localizado;não localizado;não localizado;não localizado;não localizado;não localizado;não localizado;não localizado;não localizado;não localizado;Estudo local: 0/12 itens já registrados no sistema. Prazo de inscrição e Valor podem ser dispensa pelo tipo (art. 79 da Lei 14.133/2021) se o edital confirmar cadastramento permanente e tabela fixa. Próximo passo: ler o edital no PNCP/diário pelo navegador e fechar os itens em falta.
PE · Cultura;agr-f0a7a7c16261;Credenciamento de artistas e profissionais do setor artístico, sem notório reconhecimento público, para a… — MUNICIPIO DE SAO JOSE DA COROA GRANDE;MUNICIPIO DE SAO JOSE DA COROA GRANDE;estudo local (dados do sistema) — verifi;pendente;fora;poder_publico;credenciamento;;;0;sem_evidencia;False;op-dc407d79ebbe;não localizado;não localizado;não localizado;não localizado;não localizado;não localizado;não localizado;não localizado;não localizado;não localizado;não localizado;não localizado;Estudo local: 0/12 itens já registrados no sistema. Prazo de inscrição e Valor podem ser dispensa pelo tipo (art. 79 da Lei 14.133/2021) se o edital confirmar cadastramento permanente e tabela fixa. Próximo passo: ler o edital no PNCP/diário pelo navegador e fechar os itens em falta.
PE · Cultura;agr-7730509a6db6;Credenciamento de artistas, pessoas físicas ou jurídicas, para realização de apresentações musicais em… — MUNICIPIO DE NAZARE DA MATA;MUNICIPIO DE NAZARE DA MATA;estudo local (dados do sistema) — verifi;pendente;fora;poder_publico;credenciamento;;;0;sem_evidencia;False;sem livro: não é seleção aberta a associações (dispensa/inexigibilidade de chamamento, credenciamento de pessoa física ou compra);não localizado;não localizado;não localizado;não localizado;não localizado;não localizado;não localizado;não localizado;não localizado;não localizado;não localizado;não localizado;Estudo local: 0/12 itens já registrados no sistema. Prazo de inscrição e Valor podem ser dispensa pelo tipo (art. 79 da Lei 14.133/2021) se o edital confirmar cadastramento permanente e tabela fixa. Próximo passo: ler o edital no PNCP/diário pelo navegador e fechar os itens em falta.
PE · Cultura;agr-488333cd4fc1;Credenciamento de músicos, bandas e/ou grupos musicais, de renome local ou regional para apresentações… — MUNICIPIO DE MACHADOS;MUNICIPIO DE MACHADOS;estudo local (dados do sistema) — verifi;pendente;fora;poder_publico;credenciamento;;;0;sem_evidencia;False;op-477a319c0b84;não localizado;não localizado;não localizado;não localizado;não localizado;não localizado;não localizado;não localizado;não localizado;não localizado;não localizado;não localizado;Estudo local: 0/12 itens já registrados no sistema. Prazo de inscrição e Valor podem ser dispensa pelo tipo (art. 79 da Lei 14.133/2021) se o edital confirmar cadastramento permanente e tabela fixa. Próximo passo: ler o edital no PNCP/diário pelo navegador e fechar os itens em falta.
PE · Cultura;agr-54cca15d27f8;Credenciamento de músicos, cantores, bandas e/ou grupos musicais, de renome local ou regional para… — MUNICIPIO DE CASINHAS;MUNICIPIO DE CASINHAS;estudo local (dados do sistema) — verifi;pendente;fora;poder_publico;credenciamento;;;0;sem_evidencia;False;op-f54051cc57f5;não localizado;não localizado;não localizado;não localizado;não localizado;não localizado;não localizado;não localizado;não localizado;não localizado;não localizado;não localizado;Estudo local: 0/12 itens já registrados no sistema. Prazo de inscrição e Valor podem ser dispensa pelo tipo (art. 79 da Lei 14.133/2021) se o edital confirmar cadastramento permanente e tabela fixa. Próximo passo: ler o edital no PNCP/diário pelo navegador e fechar os itens em falta.
PE · Cultura;agr-ef42f451132e;Credenciamento de pessoas físicas ou jurídicas com vista a apresentações de grupos musicais, bandas e… — MUNICIPIO DE SAO JOAQUIM DO MONTE;MUNICIPIO DE SAO JOAQUIM DO MONTE;estudo local (dados do sistema) — verifi;pendente;fora;poder_publico;credenciamento;;;0;sem_evidencia;False;sem livro: não é seleção aberta a associações (dispensa/inexigibilidade de chamamento, credenciamento de pessoa física ou compra);não localizado;não localizado;não localizado;não localizado;não localizado;não localizado;não localizado;não localizado;não localizado;não localizado;não localizado;não localizado;Estudo local: 0/12 itens já registrados no sistema. Prazo de inscrição e Valor podem ser dispensa pelo tipo (art. 79 da Lei 14.133/2021) se o edital confirmar cadastramento permanente e tabela fixa. Próximo passo: ler o edital no PNCP/diário pelo navegador e fechar os itens em falta.
PE · Cultura;agr-fabcd0e8eb30;Credenciamento de pessoas físicas ou jurídicas para a realização de apresentações artísticas de artistas… — MUNICIPIO DE SAO CAITANO;MUNICIPIO DE SAO CAITANO;estudo local (dados do sistema) — verifi;pendente;fora;poder_publico;credenciamento;;;0;sem_evidencia;False;sem livro: não é seleção aberta a associações (dispensa/inexigibilidade de chamamento, credenciamento de pessoa física ou compra);não localizado;não localizado;não localizado;não localizado;não localizado;não localizado;não localizado;não localizado;não localizado;não localizado;não localizado;não localizado;Estudo local: 0/12 itens já registrados no sistema. Prazo de inscrição e Valor podem ser dispensa pelo tipo (art. 79 da Lei 14.133/2021) se o edital confirmar cadastramento permanente e tabela fixa. Próximo passo: ler o edital no PNCP/diário pelo navegador e fechar os itens em falta.
PE · Cultura;agr-a0694fcbed63;Credenciamento de pessoas físicas, pessoas jurídicas, artistas individuais, grupos culturais, grupos musicais… — MUNICIPIO DO BOM JARDIM;MUNICIPIO DO BOM JARDIM;estudo local (dados do sistema) — verifi;pendente;fora;poder_publico;credenciamento;;;0;sem_evidencia;False;sem livro: não é seleção aberta a associações (dispensa/inexigibilidade de chamamento, credenciamento de pessoa física ou compra);não localizado;não localizado;não localizado;não localizado;não localizado;não localizado;não localizado;não localizado;não localizado;não localizado;não localizado;não localizado;Estudo local: 0/12 itens já registrados no sistema. Prazo de inscrição e Valor podem ser dispensa pelo tipo (art. 79 da Lei 14.133/2021) se o edital confirmar cadastramento permanente e tabela fixa. Próximo passo: ler o edital no PNCP/diário pelo navegador e fechar os itens em falta.
PE · Cultura;agr-35ee57b042a4;Credenciamento para fins de eventual contratação de serviços de Artistas e/ou Grupos Artísticos de dança… — MUNICIPIO DE BELO JARDIM;MUNICIPIO DE BELO JARDIM;estudo local (dados do sistema) — verifi;pendente;fora;poder_publico;credenciamento;;;0;sem_evidencia;False;op-88b7e8b9fa9d;não localizado;não localizado;não localizado;não localizado;não localizado;não localizado;não localizado;não localizado;não localizado;não localizado;não localizado;não localizado;Estudo local: 0/12 itens já registrados no sistema. Prazo de inscrição e Valor podem ser dispensa pelo tipo (art. 79 da Lei 14.133/2021) se o edital confirmar cadastramento permanente e tabela fixa. Próximo passo: ler o edital no PNCP/diário pelo navegador e fechar os itens em falta.
PE · Cultura;agr-5f357ebfd447;EDITAL DE CHAMAMENTO PÚBLICO Nº 007/2026 CADASTRO AFIRMATIVO DA CULTURA DA SECRETARIA DE CULTURA DO ESTADO DE PERNAMBUCO (CAC SECULT/PE);;estudo local (dados do sistema) — verifi;pendente;fora;poder_publico;chamamento_publico;;https://mapacultural.pe.gov.br/oportunidade/3207/;0;sem_evidencia;False;sem livro: fora da abrangência: oportunidade pública municipal de outro estado (só Goiás tem livros municipais);não localizado;não localizado;não localizado;não localizado;não localizado;não localizado;não localizado;não localizado;não localizado;não localizado;não localizado;não localizado;Estudo local: 0/12 itens já registrados no sistema. Chamamento/edital com seleção: nenhum item é dispensável pelo tipo. Próximo passo: ler o edital no PNCP/diário pelo navegador e fechar os itens em falta.
PE · Cultura;agr-bfe31056a5d9;credenciamento de artistas e profissionais do setor artístico para a prestação de serviços culturais, visando… — MUNICIPIO DE RIO FORMOSO;MUNICIPIO DE RIO FORMOSO;estudo local (dados do sistema) — verifi;pendente;fora;poder_publico;credenciamento;;;0;sem_evidencia;False;op-1361aa4befd8;não localizado;não localizado;não localizado;não localizado;não localizado;não localizado;não localizado;não localizado;não localizado;não localizado;não localizado;não localizado;Estudo local: 0/12 itens já registrados no sistema. Prazo de inscrição e Valor podem ser dispensa pelo tipo (art. 79 da Lei 14.133/2021) se o edital confirmar cadastramento permanente e tabela fixa. Próximo passo: ler o edital no PNCP/diário pelo navegador e fechar os itens em falta.
PE · Pessoa idosa;b06dc0bf0fa9f50b01ba;UNIVERSIDADE FEDERAL DE PERNAMBUCO — Selecionar e habilitar as associações e/ou cooperativas de catadores de materiais recicláveis aptas a firmar Term;UNIVERSIDADE FEDERAL DE PERNAMBUCO;estudo local (dados do sistema) — verifi;pendente;fora;poder_publico;chamamento_publico;2028-02-08;;0;sem_evidencia;False;op-bb05d56d1dae;não localizado;não localizado;não localizado;não localizado;não localizado;não localizado;não localizado;não localizado;não localizado;não localizado;não localizado;não localizado;Estudo local: 0/12 itens já registrados no sistema. Chamamento/edital com seleção: nenhum item é dispensável pelo tipo. Próximo passo: ler o edital no PNCP/diário pelo navegador e fechar os itens em falta.
PE · Saúde;715b56a1a66fa3eeb071;MUNICIPIO DE PARNAMIRIM — CREDENCIAMENTO DE PESSOAS JURÍDICAS INTERESSADAS NA PRESTAÇÃO DE SERVIÇOS DE TRATAMENTO ESCLEROSANTE NÃO ESTÉTICO DE VARIZES;MUNICIPIO DE PARNAMIRIM;estudo local (dados do sistema) — verifi;pendente;fora;poder_publico;credenciamento;2026-10-24;;0;sem_evidencia;False;sem livro: não é seleção aberta a associações (dispensa/inexigibilidade de chamamento, credenciamento de pessoa física ou compra);não localizado;não localizado;não localizado;não localizado;não localizado;não localizado;não localizado;não localizado;não localizado;não localizado;não localizado;não localizado;Estudo local: 0/12 itens já registrados no sistema. Prazo de inscrição e Valor podem ser dispensa pelo tipo (art. 79 da Lei 14.133/2021) se o edital confirmar cadastramento permanente e tabela fixa. Próximo passo: ler o edital no PNCP/diário pelo navegador e fechar os itens em falta.
PE · Saúde;12404029d91f5b3cec58;MUNICIPIO DE MANARI — CREDENCIAMENTO DE PESSOAS JURÍDICAS DE DIREITO PRIVADO, PREFERENCIALMENTE AS ENTIDADES FILANTRÓPICAS E AS SEM FINS LUCRATIVOS (p;MUNICIPIO DE MANARI;estudo local (dados do sistema) — verifi;pendente;fora;poder_publico;credenciamento;2027-02-23;;0;sem_evidencia;False;sem livro: não é seleção aberta a associações (dispensa/inexigibilidade de chamamento, credenciamento de pessoa física ou compra);não localizado;não localizado;não localizado;não localizado;não localizado;não localizado;não localizado;não localizado;não localizado;não localizado;não localizado;não localizado;Estudo local: 0/12 itens já registrados no sistema. Prazo de inscrição e Valor podem ser dispensa pelo tipo (art. 79 da Lei 14.133/2021) se o edital confirmar cadastramento permanente e tabela fixa. Próximo passo: ler o edital no PNCP/diário pelo navegador e fechar os itens em falta.
PE · Saúde;ff20076dd6455956c2a6;FUNDO MUNICIPAL DE SAUDE DE NAZARE DA MATA — CREDENCIAMENTO DE PESSOAS JURÍDICAS DE DIREITO PRIVADO, PREFERENCIALMENTE AS ENTIDADES FILANTRÓPICAS E AS;FUNDO MUNICIPAL DE SAUDE DE NAZARE DA MATA;estudo local (dados do sistema) — verifi;pendente;fora;poder_publico;credenciamento;2027-04-13;;0;sem_evidencia;False;sem livro: não é seleção aberta a associações (dispensa/inexigibilidade de chamamento, credenciamento de pessoa física ou compra);não localizado;não localizado;não localizado;não localizado;não localizado;não localizado;não localizado;não localizado;não localizado;não localizado;não localizado;não localizado;Estudo local: 0/12 itens já registrados no sistema. Prazo de inscrição e Valor podem ser dispensa pelo tipo (art. 79 da Lei 14.133/2021) se o edital confirmar cadastramento permanente e tabela fixa. Próximo passo: ler o edital no PNCP/diário pelo navegador e fechar os itens em falta.
PE · Saúde;65e6ebf5b1776a9f75df;TORITAMA FUNDO MUNICIPAL DE SAUDE — Credenciamento de pessoas jurídicas, preferencialmente as entidades filantrópicas e as sem fins lucrativos, visand;TORITAMA FUNDO MUNICIPAL DE SAUDE;estudo local (dados do sistema) — verifi;pendente;fora;poder_publico;credenciamento;2027-04-22;;0;sem_evidencia;False;sem livro: não é seleção aberta a associações (dispensa/inexigibilidade de chamamento, credenciamento de pessoa física ou compra);não localizado;não localizado;não localizado;não localizado;não localizado;não localizado;não localizado;não localizado;não localizado;não localizado;não localizado;não localizado;Estudo local: 0/12 itens já registrados no sistema. Prazo de inscrição e Valor podem ser dispensa pelo tipo (art. 79 da Lei 14.133/2021) se o edital confirmar cadastramento permanente e tabela fixa. Próximo passo: ler o edital no PNCP/diário pelo navegador e fechar os itens em falta.
PE · Saúde;b369f06df583033e56d4;FUNDACAO MUNICIPAL DE SAUDE DE TAQUARITINGA DO NORTE — CREDENCIAMENTO DE PESSOA(S) JURÍDICA(S) DE DIREITO PRIVADO, PREFERENCIALMENTE AS ENTIDADES FILA;FUNDACAO MUNICIPAL DE SAUDE DE TAQUARITINGA DO NORTE;estudo local (dados do sistema) — verifi;pendente;fora;poder_publico;credenciamento;2027-05-11;;0;sem_evidencia;False;op-6a2c1f1ab6db;não localizado;não localizado;não localizado;não localizado;não localizado;não localizado;não localizado;não localizado;não localizado;não localizado;não localizado;não localizado;Estudo local: 0/12 itens já registrados no sistema. Prazo de inscrição e Valor podem ser dispensa pelo tipo (art. 79 da Lei 14.133/2021) se o edital confirmar cadastramento permanente e tabela fixa. Próximo passo: ler o edital no PNCP/diário pelo navegador e fechar os itens em falta.
PE · Saúde;6ef756049753f4599269;FUNDO MUNICIPAL DE SAUDE DE TAQUARITINGA DO NORTE — CREDENCIAMENTO DE PESSOA(S) JURÍDICA(S) DE DIREITO PRIVADO, PREFERENCIALMENTE AS ENTIDADES FILANTR;FUNDO MUNICIPAL DE SAUDE DE TAQUARITINGA DO NORTE;estudo local (dados do sistema) — verifi;pendente;fora;poder_publico;credenciamento;2027-05-11;;0;sem_evidencia;False;op-ecb1b10613be;não localizado;não localizado;não localizado;não localizado;não localizado;não localizado;não localizado;não localizado;não localizado;não localizado;não localizado;não localizado;Estudo local: 0/12 itens já registrados no sistema. Prazo de inscrição e Valor podem ser dispensa pelo tipo (art. 79 da Lei 14.133/2021) se o edital confirmar cadastramento permanente e tabela fixa. Próximo passo: ler o edital no PNCP/diário pelo navegador e fechar os itens em falta.
ES · Cultura;agr-a3603dbce082;CREDENCIAMENTO DE ARTISTAS DE VIANA CICLO 2;;estudo local (dados do sistema) — verifi;pendente;fora;poder_publico;credenciamento;;https://mapa.cultura.es.gov.br/oportunidade/2544/;0;sem_evidencia;False;op-cde279556a57;não localizado;não localizado;não localizado;não localizado;não localizado;não localizado;não localizado;não localizado;não localizado;não localizado;não localizado;não localizado;Estudo local: 0/12 itens já registrados no sistema. Prazo de inscrição e Valor podem ser dispensa pelo tipo (art. 79 da Lei 14.133/2021) se o edital confirmar cadastramento permanente e tabela fixa. Próximo passo: ler o edital no PNCP/diário pelo navegador e fechar os itens em falta.
ES · Cultura;agr-ee81f7f9c814;CREDENCIAMENTO DE PESSOAS JURÍDICAS E FÍSICA, RESIDENTES OU SEDIADAS NO MUNICÍPIO DE VARGEM ALTA/ES, COM… — MUNICIPIO DE VARGEM ALTA;MUNICIPIO DE VARGEM ALTA;estudo local (dados do sistema) — verifi;pendente;fora;poder_publico;credenciamento;;;0;sem_evidencia;False;sem livro: não é seleção aberta a associações (dispensa/inexigibilidade de chamamento, credenciamento de pessoa física ou compra);não localizado;não localizado;não localizado;não localizado;não localizado;não localizado;não localizado;não localizado;não localizado;não localizado;não localizado;não localizado;Estudo local: 0/12 itens já registrados no sistema. Prazo de inscrição e Valor podem ser dispensa pelo tipo (art. 79 da Lei 14.133/2021) se o edital confirmar cadastramento permanente e tabela fixa. Próximo passo: ler o edital no PNCP/diário pelo navegador e fechar os itens em falta.
ES · Cultura;agr-26e43be48058;Credenciamento Circuito Avessinho 2025/2026;;estudo local (dados do sistema) — verifi;pendente;fora;poder_publico;credenciamento;;https://mapa.cultura.es.gov.br/oportunidade/2168/;0;sem_evidencia;False;op-aaf8d4db5453;não localizado;não localizado;não localizado;não localizado;não localizado;não localizado;não localizado;não localizado;não localizado;não localizado;não localizado;não localizado;Estudo local: 0/12 itens já registrados no sistema. Prazo de inscrição e Valor podem ser dispensa pelo tipo (art. 79 da Lei 14.133/2021) se o edital confirmar cadastramento permanente e tabela fixa. Próximo passo: ler o edital no PNCP/diário pelo navegador e fechar os itens em falta.
ES · Cultura;agr-de901d22e81e;EDITAL DE CHAMAMENTO PÚBLICO Nº 16 /2026 - SELEÇÃO DE PROJETOS PARA FOMENTO À EXECUÇÃO DE AÇÕES CULTURAIS - PNAB;;estudo local (dados do sistema) — verifi;pendente;fora;poder_publico;chamamento_publico;;https://mapa.cultura.es.gov.br/oportunidade/2593/;0;sem_evidencia;False;op-a25ddbd7a904;não localizado;não localizado;não localizado;não localizado;não localizado;não localizado;não localizado;não localizado;não localizado;não localizado;não localizado;não localizado;Estudo local: 0/12 itens já registrados no sistema. Chamamento/edital com seleção: nenhum item é dispensável pelo tipo. Próximo passo: ler o edital no PNCP/diário pelo navegador e fechar os itens em falta.
ES · Cultura;agr-5cb4bfac0ebb;Ecologia do Encontro;;estudo local (dados do sistema) — verifi;pendente;fora;poder_publico;chamamento_publico;;https://mapa.cultura.es.gov.br/oportunidade/2354/;0;sem_evidencia;False;op-46adb58a39be;não localizado;não localizado;não localizado;não localizado;não localizado;não localizado;não localizado;não localizado;não localizado;não localizado;não localizado;não localizado;Estudo local: 0/12 itens já registrados no sistema. Chamamento/edital com seleção: nenhum item é dispensável pelo tipo. Próximo passo: ler o edital no PNCP/diário pelo navegador e fechar os itens em falta.
ES · Cultura;agr-91146b0e118f;Funcultura - Edital 01/2026 - Circulação e intercâmbio - Viagens a partir de dezembro;;estudo local (dados do sistema) — verifi;pendente;fora;poder_publico;chamamento_publico;;https://mapa.cultura.es.gov.br/oportunidade/2656/;0;sem_evidencia;False;op-6b528a6e15e6;não localizado;não localizado;não localizado;não localizado;não localizado;não localizado;não localizado;não localizado;não localizado;não localizado;não localizado;não localizado;Estudo local: 0/12 itens já registrados no sistema. Chamamento/edital com seleção: nenhum item é dispensável pelo tipo. Próximo passo: ler o edital no PNCP/diário pelo navegador e fechar os itens em falta.
ES · Cultura;agr-4c21e359e9e7;I Mostra e Festival Forró Pé de Serra de Colatina;;estudo local (dados do sistema) — verifi;pendente;fora;poder_publico;chamamento_publico;;https://mapa.cultura.es.gov.br/oportunidade/2352/;0;sem_evidencia;False;op-6a7ae314fd4f;não localizado;não localizado;não localizado;não localizado;não localizado;não localizado;não localizado;não localizado;não localizado;não localizado;não localizado;não localizado;Estudo local: 0/12 itens já registrados no sistema. Chamamento/edital com seleção: nenhum item é dispensável pelo tipo. Próximo passo: ler o edital no PNCP/diário pelo navegador e fechar os itens em falta.
ES · Cultura;agr-aab636670ca5;PNAB DIVINO SÃO LOURENÇO - 02/2026 - Seleção de projetos para firmar termo de execução cultural;;estudo local (dados do sistema) — verifi;pendente;fora;poder_publico;chamamento_publico;;https://mapa.cultura.es.gov.br/oportunidade/2578/;0;sem_evidencia;False;op-183ade3a4be3;não localizado;não localizado;não localizado;não localizado;não localizado;não localizado;não localizado;não localizado;não localizado;não localizado;não localizado;não localizado;Estudo local: 0/12 itens já registrados no sistema. Chamamento/edital com seleção: nenhum item é dispensável pelo tipo. Próximo passo: ler o edital no PNCP/diário pelo navegador e fechar os itens em falta.
ES · Cultura;agr-a4f35a204f5b;Projeto Palco Livre De Vila Pavão - Fase 2;;estudo local (dados do sistema) — verifi;pendente;fora;poder_publico;chamamento_publico;;https://mapa.cultura.es.gov.br/oportunidade/2557/;0;sem_evidencia;False;op-d1d66e5324d0;não localizado;não localizado;não localizado;não localizado;não localizado;não localizado;não localizado;não localizado;não localizado;não localizado;não localizado;não localizado;Estudo local: 0/12 itens já registrados no sistema. Chamamento/edital com seleção: nenhum item é dispensável pelo tipo. Próximo passo: ler o edital no PNCP/diário pelo navegador e fechar os itens em falta.
ES · Cultura;agr-1d5065a6c0fb;Seleção de bailarinos e bailarinas para compor o coletivo de Dança contemporânea Gáspea;;estudo local (dados do sistema) — verifi;pendente;fora;poder_publico;chamamento_publico;;https://mapa.cultura.es.gov.br/oportunidade/2161/;0;sem_evidencia;False;op-cd75b2897141;não localizado;não localizado;não localizado;não localizado;não localizado;não localizado;não localizado;não localizado;não localizado;não localizado;não localizado;não localizado;Estudo local: 0/12 itens já registrados no sistema. Chamamento/edital com seleção: nenhum item é dispensável pelo tipo. Próximo passo: ler o edital no PNCP/diário pelo navegador e fechar os itens em falta.
ES · Cultura;agr-63c10f20c047;Tela Plus – Plataforma de Streaming dedicada aos produtores independentes Capixaba.;;estudo local (dados do sistema) — verifi;pendente;fora;poder_publico;chamamento_publico;;https://mapa.cultura.es.gov.br/oportunidade/2090/;0;sem_evidencia;False;op-3722e6fbb0ad;não localizado;não localizado;não localizado;não localizado;não localizado;não localizado;não localizado;não localizado;não localizado;não localizado;não localizado;não localizado;Estudo local: 0/12 itens já registrados no sistema. Chamamento/edital com seleção: nenhum item é dispensável pelo tipo. Próximo passo: ler o edital no PNCP/diário pelo navegador e fechar os itens em falta.
ES · Cultura;agr-e172c0d7c8a9;Vila Pavão - EDITAL DE CHAMAMENTO PÚBLICO Nº 001/2026 - Circulação e Intercâmbio de Grupos;;estudo local (dados do sistema) — verifi;pendente;fora;poder_publico;chamamento_publico;;https://mapa.cultura.es.gov.br/oportunidade/2605/;0;sem_evidencia;False;op-785cd7b1785d;não localizado;não localizado;não localizado;não localizado;não localizado;não localizado;não localizado;não localizado;não localizado;não localizado;não localizado;não localizado;Estudo local: 0/12 itens já registrados no sistema. Chamamento/edital com seleção: nenhum item é dispensável pelo tipo. Próximo passo: ler o edital no PNCP/diário pelo navegador e fechar os itens em falta.
ES · Cultura;agr-71fb0d84af86;Vila Pavão - EDITAL DE CHAMAMENTO PÚBLICO Nº 002/2026 - Apoio a Projetos Contínuos;;estudo local (dados do sistema) — verifi;pendente;fora;poder_publico;chamamento_publico;;https://mapa.cultura.es.gov.br/oportunidade/2616/;0;sem_evidencia;False;op-4794f0a9dc57;não localizado;não localizado;não localizado;não localizado;não localizado;não localizado;não localizado;não localizado;não localizado;não localizado;não localizado;não localizado;Estudo local: 0/12 itens já registrados no sistema. Chamamento/edital com seleção: nenhum item é dispensável pelo tipo. Próximo passo: ler o edital no PNCP/diário pelo navegador e fechar os itens em falta.
ES · Cultura;agr-56a320ddb452;Vila Pavão - EDITAL DE CHAMAMENTO PÚBLICO Nº 003/2026 - Artistas da Terra e Tocadores de Concertina;;estudo local (dados do sistema) — verifi;pendente;fora;poder_publico;chamamento_publico;;https://mapa.cultura.es.gov.br/oportunidade/2620/;0;sem_evidencia;False;op-46728bd48ce0;não localizado;não localizado;não localizado;não localizado;não localizado;não localizado;não localizado;não localizado;não localizado;não localizado;não localizado;não localizado;Estudo local: 0/12 itens já registrados no sistema. Chamamento/edital com seleção: nenhum item é dispensável pelo tipo. Próximo passo: ler o edital no PNCP/diário pelo navegador e fechar os itens em falta.
ES · Cultura;agr-598104a48300;Vila Pavão - EDITAL DE CHAMAMENTO PÚBLICO Nº 004/2026 - Oficinas de Artesanato;;estudo local (dados do sistema) — verifi;pendente;fora;poder_publico;chamamento_publico;;https://mapa.cultura.es.gov.br/oportunidade/2624/;0;sem_evidencia;False;op-c2a0a8da1eec;não localizado;não localizado;não localizado;não localizado;não localizado;não localizado;não localizado;não localizado;não localizado;não localizado;não localizado;não localizado;Estudo local: 0/12 itens já registrados no sistema. Chamamento/edital com seleção: nenhum item é dispensável pelo tipo. Próximo passo: ler o edital no PNCP/diário pelo navegador e fechar os itens em falta.
ES · Outras;agr-f8544440b384;Banco do Nordeste abre inscrições para editais sociais com aportes de até R$ 1,5 milhão por projeto;;estudo local (dados do sistema) — verifi;pendente;fora;poder_publico;chamamento_publico;;https://www.bnb.gov.br/ConveniosWeb/Logar.aspx?ReturnUrl=%2fconveniosweb%2f;0;sem_evidencia;False;op-4337894a9966;não localizado;não localizado;não localizado;não localizado;não localizado;não localizado;não localizado;não localizado;não localizado;não localizado;não localizado;não localizado;Estudo local: 0/12 itens já registrados no sistema. Chamamento/edital com seleção: nenhum item é dispensável pelo tipo. Próximo passo: ler o edital no PNCP/diário pelo navegador e fechar os itens em falta.
ES · Pessoa idosa;64927233a52c1bc5270d;MUNICIPIO DE MARATAIZES — CREDENCIAMENTO DE INSTITUIÇÃO DE LONGA PERMANÊNCIA ESPECIALIZADA NO ACOLHIMENTO INSTITUCIONAL PARA IDOSOS COM 60 ANOS OU MAI;MUNICIPIO DE MARATAIZES;estudo local (dados do sistema) — verifi;pendente;fora;poder_publico;credenciamento;2027-03-25;;0;sem_evidencia;False;op-4a9c4300291d;não localizado;não localizado;não localizado;não localizado;não localizado;não localizado;não localizado;não localizado;não localizado;não localizado;não localizado;não localizado;Estudo local: 0/12 itens já registrados no sistema. Prazo de inscrição e Valor podem ser dispensa pelo tipo (art. 79 da Lei 14.133/2021) se o edital confirmar cadastramento permanente e tabela fixa. Próximo passo: ler o edital no PNCP/diário pelo navegador e fechar os itens em falta.
ES · Pessoa idosa;2eeb899375e65830b06d;MUNICIPIO DE CASTELO — Credenciamento de cooperativas e associações que estejam legalmente habilitadas para Coleta Seletiva de resíduos recicláveis, c;MUNICIPIO DE CASTELO;estudo local (dados do sistema) — verifi;pendente;fora;poder_publico;credenciamento;2027-07-23;;0;sem_evidencia;False;op-bdb02a186ffa;não localizado;não localizado;não localizado;não localizado;não localizado;não localizado;não localizado;não localizado;não localizado;não localizado;não localizado;não localizado;Estudo local: 0/12 itens já registrados no sistema. Prazo de inscrição e Valor podem ser dispensa pelo tipo (art. 79 da Lei 14.133/2021) se o edital confirmar cadastramento permanente e tabela fixa. Próximo passo: ler o edital no PNCP/diário pelo navegador e fechar os itens em falta.
ES · Pessoa idosa;2c2f5a12f0d1bfa6d369;MUNICIPIO DE ANCHIETA — VISA CONTRATAÇÃO DE VAGAS EM INSTITUIÇÃO DE LONGA PERMANENCIA PARA PESSOAS IDOSAS, PARA ATENDER A DEMANDA DA SECRETARIA MUNICI;MUNICIPIO DE ANCHIETA;estudo local (dados do sistema) — verifi;pendente;fora;poder_publico;chamamento_publico;2027-08-27;;0;sem_evidencia;False;op-a9f71e1ae969;não localizado;não localizado;não localizado;não localizado;não localizado;não localizado;não localizado;não localizado;não localizado;não localizado;não localizado;não localizado;Estudo local: 0/12 itens já registrados no sistema. Chamamento/edital com seleção: nenhum item é dispensável pelo tipo. Próximo passo: ler o edital no PNCP/diário pelo navegador e fechar os itens em falta.
ES · Saúde;23f384d4602b5868efaf;"Diário Oficial de Vitória (ES) 2026-08-20 — ""edital de chamamento público"" associação";Prefeitura de Vitória;estudo local (dados do sistema) — verifi;pendente;fora;poder_publico;chamamento_publico;;https://diariooficial.vitoria.es.gov.br/ExibirArquivo.aspx?qs=nnmrXIDe5L4hR81FZwDXlD95Q/WHOCtXgeCw/nRIrFMxQA7S5mwuf0RM3mOCPGtiwqKwtsQd8WTWmli6Dukj2dAWxhN5clJ9aaMAM83N65XAe1Agki7X32uuFlYJtTBM;6;pistas_locais_a_confirmar;False;sem livro: fora da abrangência: oportunidade pública municipal de outro estado (só Goiás tem livros municipais);confirmado;não localizado;não localizado;não localizado;não localizado;confirmado;confirmado;confirmado;não localizado;confirmado;não localizado;confirmado;Estudo local: 6/12 itens já registrados no sistema. Chamamento/edital com seleção: nenhum item é dispensável pelo tipo. Próximo passo: ler o edital no PNCP/diário pelo navegador e fechar os itens em falta.
ES · Saúde;f39026ae27a60c287916;MUNICIPIO DE VARGEM ALTA — CCREDENCIAMENTO DE INSTITUIÇÃO DE LONGA PERMANÊNCIA PARA PESSOA IDOSA – ILPI, ESPECIALIZADAS NA PRESTAÇÃO DO SERVIÇO DE ACO;MUNICIPIO DE VARGEM ALTA;estudo local (dados do sistema) — verifi;pendente;fora;poder_publico;credenciamento;2029-07-30;;0;sem_evidencia;False;op-6bdd21d35bd1;não localizado;não localizado;não localizado;não localizado;não localizado;não localizado;não localizado;não localizado;não localizado;não localizado;não localizado;não localizado;Estudo local: 0/12 itens já registrados no sistema. Prazo de inscrição e Valor podem ser dispensa pelo tipo (art. 79 da Lei 14.133/2021) se o edital confirmar cadastramento permanente e tabela fixa. Próximo passo: ler o edital no PNCP/diário pelo navegador e fechar os itens em falta.
ES · Saúde;agr-457808f1d3ec;Aviso de Chamamento Público Nº 2/2026 – Credenciamento de Pessoas Jurídicas para Serviços de Saúde;PREFEITURA MUNICIPAL DE CRUZ DO ESPÍRITO SANTO;estudo local (dados do sistema) — verifi;pendente;fora;poder_publico;credenciamento;;https://www.gov.br/saude/pt-br;0;sem_evidencia;False;sem livro: não é seleção aberta a associações (dispensa/inexigibilidade de chamamento, credenciamento de pessoa física ou compra);não localizado;não localizado;não localizado;não localizado;não localizado;não localizado;não localizado;não localizado;não localizado;não localizado;não localizado;não localizado;Estudo local: 0/12 itens já registrados no sistema. Prazo de inscrição e Valor podem ser dispensa pelo tipo (art. 79 da Lei 14.133/2021) se o edital confirmar cadastramento permanente e tabela fixa. Próximo passo: ler o edital no PNCP/diário pelo navegador e fechar os itens em falta.
RN · Assistência social;2e41430c20d9d7510989;MUNICIPIO DE ALEXANDRIA — SELEÇÃO DE ORGANIZAÇÃO DA SOCIEDADE CIVIL - OSC PARA CELEBRAÇÃO DE TERMO DE COLABORAÇÃO DESTINADO À EXECUÇÃO DE AÇÕES DE ACO;MUNICIPIO DE ALEXANDRIA;estudo local (dados do sistema) — verifi;pendente;fora;poder_publico;chamamento_publico;2026-10-23;;0;sem_evidencia;False;op-8d0a26eddf22;não localizado;não localizado;não localizado;não localizado;não localizado;não localizado;não localizado;não localizado;não localizado;não localizado;não localizado;não localizado;Estudo local: 0/12 itens já registrados no sistema. Chamamento/edital com seleção: nenhum item é dispensável pelo tipo. Próximo passo: ler o edital no PNCP/diário pelo navegador e fechar os itens em falta.
RN · Chamamentos em diário oficial;8a287540aab2dc04684c;"Diário Oficial de Mossoró (RN) 2026-09-15 — ""edital de chamamento público"" associação";Câmara Municipal de Mossoró;estudo local (dados do sistema) — verifi;pendente;fora;poder_publico;chamamento_publico;;https://dom.mossoro.rn.gov.br/dom/leis;4;sem_evidencia;False;sem livro: fora da abrangência: oportunidade pública municipal de outro estado (só Goiás tem livros municipais);não localizado;não localizado;não localizado;não localizado;não localizado;confirmado;confirmado;confirmado;não localizado;confirmado;não localizado;não localizado;Estudo local: 4/12 itens já registrados no sistema. Chamamento/edital com seleção: nenhum item é dispensável pelo tipo. Próximo passo: ler o edital no PNCP/diário pelo navegador e fechar os itens em falta.
RN · Chamamentos em diário oficial;32ac4fab82d1d4672be8;"Diário Oficial de Mossoró (RN) 2026-09-16 — ""chamamento público"" ""organizações da sociedade civil""";Prefeitura Municipal de Mossoró;estudo local (dados do sistema) — verifi;pendente;fora;poder_publico;chamamento_publico;;https://dom.mossoro.rn.gov.br/dom/publicacao/1897;6;pistas_locais_a_confirmar;False;sem livro: fora da abrangência: oportunidade pública municipal de outro estado (só Goiás tem livros municipais);confirmado;não localizado;não localizado;não localizado;confirmado;confirmado;confirmado;confirmado;não localizado;confirmado;não localizado;não localizado;Estudo local: 6/12 itens já registrados no sistema. Chamamento/edital com seleção: nenhum item é dispensável pelo tipo. Próximo passo: ler o edital no PNCP/diário pelo navegador e fechar os itens em falta.
RN · Cultura;376d7e479b636108afd5;MUNICIPIO DE SANTA CRUZ — Credenciamento de artistas individuais, grupos ou coletivos para a pintura de painéis, tipificados como “intervenções artíst;MUNICIPIO DE SANTA CRUZ;estudo local (dados do sistema) — verifi;pendente;fora;poder_publico;credenciamento;2027-06-03;;0;pistas_locais_a_confirmar;False;op-a6ff7d547a92;não localizado;não localizado;não localizado;não localizado;não localizado;não localizado;não localizado;não localizado;não localizado;não localizado;não localizado;não localizado;Estudo local: 0/12 itens já registrados no sistema. Prazo de inscrição e Valor podem ser dispensa pelo tipo (art. 79 da Lei 14.133/2021) se o edital confirmar cadastramento permanente e tabela fixa. Próximo passo: ler o edital no PNCP/diário pelo navegador e fechar os itens em falta.
RN · Cultura;f1217f4e9361558eeb40;MUNICIPIO DE JANDAIRA — CREDENCIAMENTO DE ARTISTAS, GRUPOS, COLETIVOS E AGENTES CULTURAIS, NOS TERMOS DA LEI FEDERAL Nº 14.399/2022 (POLÍTICA NACIONAL;MUNICIPIO DE JANDAIRA;estudo local (dados do sistema) — verifi;pendente;fora;poder_publico;credenciamento;2027-08-11;;0;sem_evidencia;False;op-bd40446f78b0;não localizado;não localizado;não localizado;não localizado;não localizado;não localizado;não localizado;não localizado;não localizado;não localizado;não localizado;não localizado;Estudo local: 0/12 itens já registrados no sistema. Prazo de inscrição e Valor podem ser dispensa pelo tipo (art. 79 da Lei 14.133/2021) se o edital confirmar cadastramento permanente e tabela fixa. Próximo passo: ler o edital no PNCP/diário pelo navegador e fechar os itens em falta.
RN · Cultura;93f8b717c4091acf255e;MUNICIPIO DE PORTALEGRE — Contratação de artistas, grupos artísticos e agentes culturais para os eventos e demais programações do município de Portale;MUNICIPIO DE PORTALEGRE;estudo local (dados do sistema) — verifi;pendente;fora;poder_publico;chamamento_publico;2027-10-01;;0;sem_evidencia;False;op-6dbc58b47faf;não localizado;não localizado;não localizado;não localizado;não localizado;não localizado;não localizado;não localizado;não localizado;não localizado;não localizado;não localizado;Estudo local: 0/12 itens já registrados no sistema. Chamamento/edital com seleção: nenhum item é dispensável pelo tipo. Próximo passo: ler o edital no PNCP/diário pelo navegador e fechar os itens em falta.
RN · Cultura;agr-db189f6611eb;CONTRATAÇÃO DE GRUPOS MUSICAIS, ARTISTAS OU BANDAS LOCAIS COM O OBJETIVO DE REALIZAREM APRESENTAÇÕES EM… — MUNICIPIO DE JANDAIRA;MUNICIPIO DE JANDAIRA;estudo local (dados do sistema) — verifi;pendente;fora;poder_publico;chamamento_publico;;;0;sem_evidencia;False;op-77f50e469b07;não localizado;não localizado;não localizado;não localizado;não localizado;não localizado;não localizado;não localizado;não localizado;não localizado;não localizado;não localizado;Estudo local: 0/12 itens já registrados no sistema. Chamamento/edital com seleção: nenhum item é dispensável pelo tipo. Próximo passo: ler o edital no PNCP/diário pelo navegador e fechar os itens em falta.
RN · Cultura;agr-9ee61b682775;CREDENCIAMENTO DE ARTISTAS LOCAIS E REGIONAIS — MUNICIPIO DE TENENTE LAURENTINO CRUZ;MUNICIPIO DE TENENTE LAURENTINO CRUZ;estudo local (dados do sistema) — verifi;pendente;fora;poder_publico;credenciamento;;;0;sem_evidencia;False;op-e1d3c54e8af2;não localizado;não localizado;não localizado;não localizado;não localizado;não localizado;não localizado;não localizado;não localizado;não localizado;não localizado;não localizado;Estudo local: 0/12 itens já registrados no sistema. Prazo de inscrição e Valor podem ser dispensa pelo tipo (art. 79 da Lei 14.133/2021) se o edital confirmar cadastramento permanente e tabela fixa. Próximo passo: ler o edital no PNCP/diário pelo navegador e fechar os itens em falta.
RN · Cultura;agr-ce7193862dec;CREDENCIAMENTO DE ATRAÇÕES MUSICAIS — MUNICIPIO DE CAMPO REDONDO;MUNICIPIO DE CAMPO REDONDO;estudo local (dados do sistema) — verifi;pendente;fora;poder_publico;credenciamento;;;0;sem_evidencia;False;op-a54752aa5857;não localizado;não localizado;não localizado;não localizado;não localizado;não localizado;não localizado;não localizado;não localizado;não localizado;não localizado;não localizado;Estudo local: 0/12 itens já registrados no sistema. Prazo de inscrição e Valor podem ser dispensa pelo tipo (art. 79 da Lei 14.133/2021) se o edital confirmar cadastramento permanente e tabela fixa. Próximo passo: ler o edital no PNCP/diário pelo navegador e fechar os itens em falta.
RN · Cultura;agr-66a310124abc;CREDENCIAMENTO de pessoas físicas ou jurídicas prestadoras de atividades artísticas (Músicos/Bandas) locais… — MUNICIPIO DE EXTREMOZ;MUNICIPIO DE EXTREMOZ;estudo local (dados do sistema) — verifi;pendente;fora;poder_publico;credenciamento;;;0;sem_evidencia;False;sem livro: não é seleção aberta a associações (dispensa/inexigibilidade de chamamento, credenciamento de pessoa física ou compra);não localizado;não localizado;não localizado;não localizado;não localizado;não localizado;não localizado;não localizado;não localizado;não localizado;não localizado;não localizado;Estudo local: 0/12 itens já registrados no sistema. Prazo de inscrição e Valor podem ser dispensa pelo tipo (art. 79 da Lei 14.133/2021) se o edital confirmar cadastramento permanente e tabela fixa. Próximo passo: ler o edital no PNCP/diário pelo navegador e fechar os itens em falta.
RN · Cultura;agr-a6ba487dea1a;Contratação de artistas locais e regionais para a prestação de serviços artísticos e culturais em eventos… — MUNICIPIO DE PASSA E FICA;MUNICIPIO DE PASSA E FICA;estudo local (dados do sistema) — verifi;pendente;fora;poder_publico;chamamento_publico;;;0;sem_evidencia;False;op-f770ed6530ef;não localizado;não localizado;não localizado;não localizado;não localizado;não localizado;não localizado;não localizado;não localizado;não localizado;não localizado;não localizado;Estudo local: 0/12 itens já registrados no sistema. Chamamento/edital com seleção: nenhum item é dispensável pelo tipo. Próximo passo: ler o edital no PNCP/diário pelo navegador e fechar os itens em falta.
RN · Cultura;agr-773a5cb27877;Credenciamento de artistas locais e regionais, por meio de Chamamento Público, para futura contratação de… — MUNICIPIO DE MONTE ALEGRE;MUNICIPIO DE MONTE ALEGRE;estudo local (dados do sistema) — verifi;pendente;fora;poder_publico;credenciamento;;;0;sem_evidencia;False;op-f7492d07be8a;não localizado;não localizado;não localizado;não localizado;não localizado;não localizado;não localizado;não localizado;não localizado;não localizado;não localizado;não localizado;Estudo local: 0/12 itens já registrados no sistema. Prazo de inscrição e Valor podem ser dispensa pelo tipo (art. 79 da Lei 14.133/2021) se o edital confirmar cadastramento permanente e tabela fixa. Próximo passo: ler o edital no PNCP/diário pelo navegador e fechar os itens em falta.
RN · Cultura;agr-646d1378432e;Credenciamento de artistas locais, compreendendo artistas individuais, grupos musicais e bandas, para fins de… — MUNICIPIO DE MONTE ALEGRE;MUNICIPIO DE MONTE ALEGRE;estudo local (dados do sistema) — verifi;pendente;fora;poder_publico;credenciamento;;;0;sem_evidencia;False;op-af1cdacf9f5f;não localizado;não localizado;não localizado;não localizado;não localizado;não localizado;não localizado;não localizado;não localizado;não localizado;não localizado;não localizado;Estudo local: 0/12 itens já registrados no sistema. Prazo de inscrição e Valor podem ser dispensa pelo tipo (art. 79 da Lei 14.133/2021) se o edital confirmar cadastramento permanente e tabela fixa. Próximo passo: ler o edital no PNCP/diário pelo navegador e fechar os itens em falta.
RN · Cultura;agr-bee006680e49;Credenciamento de artistas local e regional que não possuem reconhecimento profissional consagrado pela… — MUNICIPIO DE SAO PAULO DO POTENGI;MUNICIPIO DE SAO PAULO DO POTENGI;estudo local (dados do sistema) — verifi;pendente;fora;poder_publico;credenciamento;;;0;sem_evidencia;False;op-4ab06f08b6f4;não localizado;não localizado;não localizado;não localizado;não localizado;não localizado;não localizado;não localizado;não localizado;não localizado;não localizado;não localizado;Estudo local: 0/12 itens já registrados no sistema. Prazo de inscrição e Valor podem ser dispensa pelo tipo (art. 79 da Lei 14.133/2021) se o edital confirmar cadastramento permanente e tabela fixa. Próximo passo: ler o edital no PNCP/diário pelo navegador e fechar os itens em falta.
RN · Cultura;agr-5ce018a895e8;Credenciamento de artistas para possíveis e futuras contratações, com vistas a realizarem apresentações… — MUNICIPIO DE NOVA CRUZ;MUNICIPIO DE NOVA CRUZ;estudo local (dados do sistema) — verifi;pendente;fora;poder_publico;credenciamento;;;0;sem_evidencia;False;op-ca4f97c60178;não localizado;não localizado;não localizado;não localizado;não localizado;não localizado;não localizado;não localizado;não localizado;não localizado;não localizado;não localizado;Estudo local: 0/12 itens já registrados no sistema. Prazo de inscrição e Valor podem ser dispensa pelo tipo (art. 79 da Lei 14.133/2021) se o edital confirmar cadastramento permanente e tabela fixa. Próximo passo: ler o edital no PNCP/diário pelo navegador e fechar os itens em falta.
RN · Cultura;agr-ee8df411bf78;Credenciamento de bandas e artistas locais, destinado à seleção de profissionais para apresentações musicais… — MUNICIPIO DE SANTO ANTONIO;MUNICIPIO DE SANTO ANTONIO;estudo local (dados do sistema) — verifi;pendente;fora;poder_publico;credenciamento;;;0;sem_evidencia;False;op-37bb44509a06;não localizado;não localizado;não localizado;não localizado;não localizado;não localizado;não localizado;não localizado;não localizado;não localizado;não localizado;não localizado;Estudo local: 0/12 itens já registrados no sistema. Prazo de inscrição e Valor podem ser dispensa pelo tipo (art. 79 da Lei 14.133/2021) se o edital confirmar cadastramento permanente e tabela fixa. Próximo passo: ler o edital no PNCP/diário pelo navegador e fechar os itens em falta.
RN · Cultura;agr-c073919399b8;Credenciamento de empresas para compor o banco de artistas, músicos, profissionais de arte, esporte e… — FUNDACAO PUBLICA VEREADOR ALDENOR NOGUEIRA;FUNDACAO PUBLICA VEREADOR ALDENOR NOGUEIRA;estudo local (dados do sistema) — verifi;pendente;fora;poder_publico;credenciamento;;;0;sem_evidencia;False;sem livro: não é seleção aberta a associações (dispensa/inexigibilidade de chamamento, credenciamento de pessoa física ou compra);não localizado;não localizado;não localizado;não localizado;não localizado;não localizado;não localizado;não localizado;não localizado;não localizado;não localizado;não localizado;Estudo local: 0/12 itens já registrados no sistema. Prazo de inscrição e Valor podem ser dispensa pelo tipo (art. 79 da Lei 14.133/2021) se o edital confirmar cadastramento permanente e tabela fixa. Próximo passo: ler o edital no PNCP/diário pelo navegador e fechar os itens em falta.
RN · Cultura;agr-253938d90409;Credenciamento de interessados para prestação de serviços de apresentação musical de Trio de Sanfoneiro… — MUNICIPIO DE JANDAIRA;MUNICIPIO DE JANDAIRA;estudo local (dados do sistema) — verifi;pendente;fora;poder_publico;credenciamento;;;0;sem_evidencia;False;op-e578f5181fac;não localizado;não localizado;não localizado;não localizado;não localizado;não localizado;não localizado;não localizado;não localizado;não localizado;não localizado;não localizado;Estudo local: 0/12 itens já registrados no sistema. Prazo de inscrição e Valor podem ser dispensa pelo tipo (art. 79 da Lei 14.133/2021) se o edital confirmar cadastramento permanente e tabela fixa. Próximo passo: ler o edital no PNCP/diário pelo navegador e fechar os itens em falta.
RN · Cultura;agr-a3b120f8b673;Credenciamento para futuras contratações de atrações artísticas e culturais locais, para atender ao… — MUNICIPIO DE CERRO-CORA;MUNICIPIO DE CERRO-CORA;estudo local (dados do sistema) — verifi;pendente;fora;poder_publico;credenciamento;;;0;sem_evidencia;False;op-852423a0d92f;não localizado;não localizado;não localizado;não localizado;não localizado;não localizado;não localizado;não localizado;não localizado;não localizado;não localizado;não localizado;Estudo local: 0/12 itens já registrados no sistema. Prazo de inscrição e Valor podem ser dispensa pelo tipo (art. 79 da Lei 14.133/2021) se o edital confirmar cadastramento permanente e tabela fixa. Próximo passo: ler o edital no PNCP/diário pelo navegador e fechar os itens em falta.
RN · Cultura;agr-ea23355b24d6;PROGRAMA INCUBADORA DE PROJETOS CULTURAIS — MARGEM HUB — CHAMADA ABERTA Nº 01/2026;;estudo local (dados do sistema) — verifi;pendente;fora;poder_publico;chamamento_publico;;https://mapa.cultura.gov.br/oportunidade/6852/;0;sem_evidencia;False;op-93c0e7358fed;não localizado;não localizado;não localizado;não localizado;não localizado;não localizado;não localizado;não localizado;não localizado;não localizado;não localizado;não localizado;Estudo local: 0/12 itens já registrados no sistema. Chamamento/edital com seleção: nenhum item é dispensável pelo tipo. Próximo passo: ler o edital no PNCP/diário pelo navegador e fechar os itens em falta.
RN · Saúde;50964527e53485d348d7;Seleção de Organização da Sociedade Civil – OSC, em regime de mútua cooperação, para celebração de parceria com a administração pública municipal, obj;;estudo local (dados do sistema) — verifi;pendente;fora;poder_publico;chamamento_publico;;;0;sem_evidencia;False;op-6b31ebb3a557;não localizado;não localizado;não localizado;não localizado;não localizado;não localizado;não localizado;não localizado;não localizado;não localizado;não localizado;não localizado;Estudo local: 0/12 itens já registrados no sistema. Chamamento/edital com seleção: nenhum item é dispensável pelo tipo. Próximo passo: ler o edital no PNCP/diário pelo navegador e fechar os itens em falta.
AL · Chamamentos em diário oficial;c69419308e9a31e61a2f;"Diário Oficial de Satuba (AL) 2026-09-16 — ""edital de chamamento público"" associação";CONAGRESTE - CONSORCIO REGIONAL DE RESIDUOS SOLIDOS DO AGRESTE ALAGOANO;estudo local (dados do sistema) — verifi;pendente;fora;poder_publico;chamamento_publico;;https://www.acessoinformacao.com.br/transparencia/arquivos/download/01a0af88-7f35-70c2-a022-7acb585fd5b0-L1uCIVlfHZp2shww.pdf;6;sem_evidencia;False;sem livro: fora da abrangência: oportunidade pública municipal de outro estado (só Goiás tem livros municipais);confirmado;não localizado;não localizado;não localizado;não localizado;confirmado;confirmado;confirmado;confirmado;confirmado;não localizado;não localizado;Estudo local: 6/12 itens já registrados no sistema. Chamamento/edital com seleção: nenhum item é dispensável pelo tipo. Próximo passo: ler o edital no PNCP/diário pelo navegador e fechar os itens em falta.
AL · Chamamentos em diário oficial;c82dbbd49ce09fdc3cfe;"Diário Oficial de Viçosa (AL) 2026-08-26 — ""edital de chamamento público"" associação";Consórcio Intermunicipal do Sertão de Alagoas - CONISA;estudo local (dados do sistema) — verifi;pendente;fora;poder_publico;chamamento_publico;;https://transparencia.santarem.pa.gov.br/storage/attachments/ata-de-registro-de-precos-390069303259ce4ba.pdf;4;sem_evidencia;False;sem livro: fora da abrangência: oportunidade pública municipal de outro estado (só Goiás tem livros municipais);não localizado;não localizado;não localizado;não localizado;não localizado;confirmado;confirmado;confirmado;não localizado;confirmado;não localizado;não localizado;Estudo local: 4/12 itens já registrados no sistema. Chamamento/edital com seleção: nenhum item é dispensável pelo tipo. Próximo passo: ler o edital no PNCP/diário pelo navegador e fechar os itens em falta.
AL · Chamamentos em diário oficial;512dd2f642194450d364;"Diário Oficial de Igaci (AL) 2026-09-22 — ""chamamento público"" ""organizações da sociedade civil""";;estudo local (dados do sistema) — verifi;pendente;fora;poder_publico;chamamento_publico;;;2;sem_evidencia;False;sem livro: fora da abrangência: oportunidade pública municipal de outro estado (só Goiás tem livros municipais);não localizado;não localizado;não localizado;não localizado;não localizado;confirmado;confirmado;não localizado;não localizado;não localizado;não localizado;não localizado;Estudo local: 2/12 itens já registrados no sistema. Chamamento/edital com seleção: nenhum item é dispensável pelo tipo. Próximo passo: ler o edital no PNCP/diário pelo navegador e fechar os itens em falta.
AL · Chamamentos em diário oficial;5ac1c675f62481fef162;"Diário Oficial de Igaci (AL) 2026-09-23 — ""chamamento público"" ""organizações da sociedade civil""";;estudo local (dados do sistema) — verifi;pendente;fora;poder_publico;chamamento_publico;;;2;sem_evidencia;False;sem livro: fora da abrangência: oportunidade pública municipal de outro estado (só Goiás tem livros municipais);não localizado;não localizado;não localizado;não localizado;não localizado;confirmado;confirmado;não localizado;não localizado;não localizado;não localizado;não localizado;Estudo local: 2/12 itens já registrados no sistema. Chamamento/edital com seleção: nenhum item é dispensável pelo tipo. Próximo passo: ler o edital no PNCP/diário pelo navegador e fechar os itens em falta.
AL · Chamamentos em diário oficial;13958a7afe41f2bbca55;"Diário Oficial de Satuba (AL) 2026-09-28 — ""chamamento público"" ""organizações da sociedade civil""";;estudo local (dados do sistema) — verifi;pendente;fora;poder_publico;chamamento_publico;;;0;sem_evidencia;False;sem livro: fora da abrangência: oportunidade pública municipal de outro estado (só Goiás tem livros municipais);não localizado;não localizado;não localizado;não localizado;não localizado;não localizado;não localizado;não localizado;não localizado;não localizado;não localizado;não localizado;Estudo local: 0/12 itens já registrados no sistema. Chamamento/edital com seleção: nenhum item é dispensável pelo tipo. Próximo passo: ler o edital no PNCP/diário pelo navegador e fechar os itens em falta.
AL · Cultura;f5e691701b9c294473e1;"Diário Oficial de Satuba (AL) 2026-09-25 — ""edital de chamamento público"" associação";Associação dos Municípios Alagoanos - AMA;estudo local (dados do sistema) — verifi;pendente;fora;poder_publico;chamamento_publico;;https://notasocial.com.br/minc-abre-edital-para-selecionar-oscs-para-executar-acoes-do-programa-nacional-dos-comites-de-cultura-2/;9;sem_evidencia;False;sem livro: fora da abrangência: oportunidade pública municipal de outro estado (só Goiás tem livros municipais);confirmado;não localizado;não localizado;não localizado;confirmado;confirmado;confirmado;confirmado;confirmado;confirmado;confirmado;confirmado;Estudo local: 9/12 itens já registrados no sistema. Chamamento/edital com seleção: nenhum item é dispensável pelo tipo. Próximo passo: ler o edital no PNCP/diário pelo navegador e fechar os itens em falta.
AL · Cultura;cb432735cfee7c76d00c;AGENCIA MUNICIPAL DE REGULACAO DE SERVICOS DELEGADOS- ARSER — CHAMAMENTO PÚBLICO PARA A SELEÇÃO DE UMA ORGANIZAÇÃO DA SOCIEDADE CIVIL - OSC INTERESSAD;AGENCIA MUNICIPAL DE REGULACAO DE SERVICOS DELEGADOS- ARSER;estudo local (dados do sistema) — verifi;pendente;fora;poder_publico;chamamento_publico;2026-12-30;;0;sem_evidencia;False;op-c5622089e7d6;não localizado;não localizado;não localizado;não localizado;não localizado;não localizado;não localizado;não localizado;não localizado;não localizado;não localizado;não localizado;Estudo local: 0/12 itens já registrados no sistema. Chamamento/edital com seleção: nenhum item é dispensável pelo tipo. Próximo passo: ler o edital no PNCP/diário pelo navegador e fechar os itens em falta.
AL · Cultura;agr-cf61b59b5b66;CREDENCIAMENTO DE ARTISTAS, MÚSICOS E BANDAS PARA EVENTUAL CONTRATAÇÃO CONSIDERANDO A DISPONIBILIDADE DA… — MUNICIPIO DE PILAR;MUNICIPIO DE PILAR;estudo local (dados do sistema) — verifi;pendente;fora;poder_publico;credenciamento;;;0;sem_evidencia;False;op-a6eaa22c8e5f;não localizado;não localizado;não localizado;não localizado;não localizado;não localizado;não localizado;não localizado;não localizado;não localizado;não localizado;não localizado;Estudo local: 0/12 itens já registrados no sistema. Prazo de inscrição e Valor podem ser dispensa pelo tipo (art. 79 da Lei 14.133/2021) se o edital confirmar cadastramento permanente e tabela fixa. Próximo passo: ler o edital no PNCP/diário pelo navegador e fechar os itens em falta.
AL · Cultura;agr-a654fe4f7de8;CREDENCIAMENTO DE INTERESSADOS PARA FORMAÇÃO DE CADASTRO DE PESSOA JURÍDICA E/OU PESSOA FÍSICA DE ARTISTAS… — MUNICIPIO DE PILAR;MUNICIPIO DE PILAR;estudo local (dados do sistema) — verifi;pendente;fora;poder_publico;credenciamento;;;0;sem_evidencia;False;sem livro: não é seleção aberta a associações (dispensa/inexigibilidade de chamamento, credenciamento de pessoa física ou compra);não localizado;não localizado;não localizado;não localizado;não localizado;não localizado;não localizado;não localizado;não localizado;não localizado;não localizado;não localizado;Estudo local: 0/12 itens já registrados no sistema. Prazo de inscrição e Valor podem ser dispensa pelo tipo (art. 79 da Lei 14.133/2021) se o edital confirmar cadastramento permanente e tabela fixa. Próximo passo: ler o edital no PNCP/diário pelo navegador e fechar os itens em falta.
AL · Cultura;agr-d38935da7139;CREDENCIAMENTO para FORMAÇÃO DE CADASTRO DE ARTISTAS, FAZEDORES DE CULTURA E TÉCNICOS CULTURAIS PARA ATENDER… — MUNICIPIO DE PILAR;MUNICIPIO DE PILAR;estudo local (dados do sistema) — verifi;pendente;fora;poder_publico;credenciamento;;;0;sem_evidencia;False;op-203a25b47c98;não localizado;não localizado;não localizado;não localizado;não localizado;não localizado;não localizado;não localizado;não localizado;não localizado;não localizado;não localizado;Estudo local: 0/12 itens já registrados no sistema. Prazo de inscrição e Valor podem ser dispensa pelo tipo (art. 79 da Lei 14.133/2021) se o edital confirmar cadastramento permanente e tabela fixa. Próximo passo: ler o edital no PNCP/diário pelo navegador e fechar os itens em falta.
AL · Cultura;agr-008a0f5c0c5a;Contratação de profissionais autônomos para fins de credenciamento em atividades culturais, recreativos e de… — COMPANHIA BRASILEIRA DE TRENS URBANOS;COMPANHIA BRASILEIRA DE TRENS URBANOS;estudo local (dados do sistema) — verifi;pendente;fora;poder_publico;credenciamento;;;0;sem_evidencia;False;sem livro: não é seleção aberta a associações (dispensa/inexigibilidade de chamamento, credenciamento de pessoa física ou compra);não localizado;não localizado;não localizado;não localizado;não localizado;não localizado;não localizado;não localizado;não localizado;não localizado;não localizado;não localizado;Estudo local: 0/12 itens já registrados no sistema. Prazo de inscrição e Valor podem ser dispensa pelo tipo (art. 79 da Lei 14.133/2021) se o edital confirmar cadastramento permanente e tabela fixa. Próximo passo: ler o edital no PNCP/diário pelo navegador e fechar os itens em falta.
AL · Educação;96fac31ac81b36ab8cf6;"Diário Oficial de Campo Alegre (AL) 2026-08-13 — ""edital de chamamento público"" associação";CONISA - CONSÓRCIO INTERMUNICIPAL DO SERTÃO DE ALAGOAS;estudo local (dados do sistema) — verifi;pendente;fora;poder_publico;credenciamento;;https://transparencia.condri.al.gov.br/licitacao;5;sem_evidencia;False;sem livro: fora da abrangência: oportunidade pública municipal de outro estado (só Goiás tem livros municipais);confirmado;não localizado;não localizado;não localizado;não localizado;confirmado;confirmado;confirmado;não localizado;confirmado;não localizado;não localizado;Estudo local: 5/12 itens já registrados no sistema. Prazo de inscrição e Valor podem ser dispensa pelo tipo (art. 79 da Lei 14.133/2021) se o edital confirmar cadastramento permanente e tabela fixa. Próximo passo: ler o edital no PNCP/diário pelo navegador e fechar os itens em falta.
AL · Outras;agr-16d176150e3e;BNDES abre edital de R$ 35 milhões para fortalecer organizações sociais do Norte e Nordeste;;estudo local (dados do sistema) — verifi;pendente;fora;poder_publico;chamamento_publico;;https://www.ekloos.org/periferiasfortes;0;sem_evidencia;False;op-93ca37655d0d;não localizado;não localizado;não localizado;não localizado;não localizado;não localizado;não localizado;não localizado;não localizado;não localizado;não localizado;não localizado;Estudo local: 0/12 itens já registrados no sistema. Chamamento/edital com seleção: nenhum item é dispensável pelo tipo. Próximo passo: ler o edital no PNCP/diário pelo navegador e fechar os itens em falta.
AL · Pessoa idosa;e70c7f88d2998508900d;"Diário Oficial de Satuba (AL) 2026-08-24 — ""edital de chamamento público"" associação";Prefeitura Municipal de Água Branca;estudo local (dados do sistema) — verifi;pendente;fora;poder_publico;chamamento_publico;;;5;sem_evidencia;False;sem livro: fora da abrangência: oportunidade pública municipal de outro estado (só Goiás tem livros municipais);confirmado;não localizado;não localizado;não localizado;não localizado;confirmado;confirmado;confirmado;não localizado;confirmado;não localizado;não localizado;Estudo local: 5/12 itens já registrados no sistema. Chamamento/edital com seleção: nenhum item é dispensável pelo tipo. Próximo passo: ler o edital no PNCP/diário pelo navegador e fechar os itens em falta.
AL · Saúde;0fbc79bf69e4084959e8;MUNICIPIO DE JOAQUIM GOMES — CREDENCIAMENTO SAÚDE, PARA FINS DE SELECIONAR ORGANIZAÇÕES DA SOCIEDADE CIVIL PARA EVENTUAL CELEBRAÇÃO DE TERMO DE COLABO;MUNICIPIO DE JOAQUIM GOMES;estudo local (dados do sistema) — verifi;pendente;fora;poder_publico;credenciamento;2027-08-20;;0;sem_evidencia;False;op-f0b92ec16493;não localizado;não localizado;não localizado;não localizado;não localizado;não localizado;não localizado;não localizado;não localizado;não localizado;não localizado;não localizado;Estudo local: 0/12 itens já registrados no sistema. Prazo de inscrição e Valor podem ser dispensa pelo tipo (art. 79 da Lei 14.133/2021) se o edital confirmar cadastramento permanente e tabela fixa. Próximo passo: ler o edital no PNCP/diário pelo navegador e fechar os itens em falta.
SE · Cultura;89678b5ec4c4ea5cf956;"Diário Oficial de Muribeca (SE) 2026-08-04 — ""edital de chamamento público"" associação";PREFEITURA MUNICIPAL DE MURIBECA;estudo local (dados do sistema) — verifi;pendente;fora;poder_publico;chamamento_publico;;;6;pistas_locais_a_confirmar;False;sem livro: fora da abrangência: oportunidade pública municipal de outro estado (só Goiás tem livros municipais);confirmado;não localizado;não localizado;não localizado;não localizado;confirmado;confirmado;confirmado;não localizado;confirmado;não localizado;confirmado;Estudo local: 6/12 itens já registrados no sistema. Chamamento/edital com seleção: nenhum item é dispensável pelo tipo. Próximo passo: ler o edital no PNCP/diário pelo navegador e fechar os itens em falta.
SE · Cultura;4e9e2dd35227566f945f;"Diário Oficial de Simão Dias (SE) 2026-08-17 — ""edital de chamamento público"" associação";associação;estudo local (dados do sistema) — verifi;pendente;fora;poder_publico;chamamento_publico;;https://notasocial.com.br/minc-abre-edital-para-selecionar-oscs-para-executar-acoes-do-programa-nacional-dos-comites-de-cultura-2/;8;pistas_locais_a_confirmar;False;sem livro: fora da abrangência: oportunidade pública municipal de outro estado (só Goiás tem livros municipais);confirmado;não localizado;não localizado;não localizado;confirmado;confirmado;confirmado;confirmado;confirmado;não localizado;confirmado;confirmado;Estudo local: 8/12 itens já registrados no sistema. Chamamento/edital com seleção: nenhum item é dispensável pelo tipo. Próximo passo: ler o edital no PNCP/diário pelo navegador e fechar os itens em falta.
SE · Cultura;agr-9239bd21e3b0;Chamada pública seleciona jovens para produção audiovisual sobre justiça climática;;estudo local (dados do sistema) — verifi;pendente;fora;poder_publico;chamamento_publico;;https://www.ngosource.org/about-equivalency-determination-on-file-badge;0;sem_evidencia;False;op-516cd860aa20;não localizado;não localizado;não localizado;não localizado;não localizado;não localizado;não localizado;não localizado;não localizado;não localizado;não localizado;não localizado;Estudo local: 0/12 itens já registrados no sistema. Chamamento/edital com seleção: nenhum item é dispensável pelo tipo. Próximo passo: ler o edital no PNCP/diário pelo navegador e fechar os itens em falta.
SE · Cultura;agr-acd92a68839e;Credenciamento de pessoas físicas e jurídicas que atuem na área musical — individualmente, em dupla, trio… — MUNICIPIO DE GRACCHO CARDOSO;MUNICIPIO DE GRACCHO CARDOSO;estudo local (dados do sistema) — verifi;pendente;fora;poder_publico;credenciamento;;;0;sem_evidencia;False;sem livro: não é seleção aberta a associações (dispensa/inexigibilidade de chamamento, credenciamento de pessoa física ou compra);não localizado;não localizado;não localizado;não localizado;não localizado;não localizado;não localizado;não localizado;não localizado;não localizado;não localizado;não localizado;Estudo local: 0/12 itens já registrados no sistema. Prazo de inscrição e Valor podem ser dispensa pelo tipo (art. 79 da Lei 14.133/2021) se o edital confirmar cadastramento permanente e tabela fixa. Próximo passo: ler o edital no PNCP/diário pelo navegador e fechar os itens em falta.
SE · Cultura;agr-698af61722a6;EDITAL DE CHAMAMENTO PÚBLICO PARA CREDENCIAMENTO DE PARECERISTAS;;estudo local (dados do sistema) — verifi;pendente;fora;poder_publico;credenciamento;;https://mapacultural.se.gov.br/oportunidade/59/;0;sem_evidencia;False;op-61f9ac317b65;não localizado;não localizado;não localizado;não localizado;não localizado;não localizado;não localizado;não localizado;não localizado;não localizado;não localizado;não localizado;Estudo local: 0/12 itens já registrados no sistema. Prazo de inscrição e Valor podem ser dispensa pelo tipo (art. 79 da Lei 14.133/2021) se o edital confirmar cadastramento permanente e tabela fixa. Próximo passo: ler o edital no PNCP/diário pelo navegador e fechar os itens em falta.
SE · Cultura;agr-b4fe29b16936;Edital n° 19/2026 - Credenciamento de Prestadores de Serviços para Execução de Atividades de Mediação Cultural e Monitoria nos Museus da Rede Estadual;;estudo local (dados do sistema) — verifi;pendente;fora;poder_publico;credenciamento;;https://mapacultural.se.gov.br/oportunidade/57/;0;sem_evidencia;False;sem livro: não é seleção aberta a associações (dispensa/inexigibilidade de chamamento, credenciamento de pessoa física ou compra);não localizado;não localizado;não localizado;não localizado;não localizado;não localizado;não localizado;não localizado;não localizado;não localizado;não localizado;não localizado;Estudo local: 0/12 itens já registrados no sistema. Prazo de inscrição e Valor podem ser dispensa pelo tipo (art. 79 da Lei 14.133/2021) se o edital confirmar cadastramento permanente e tabela fixa. Próximo passo: ler o edital no PNCP/diário pelo navegador e fechar os itens em falta.
SE · Outras;8314dcdc888b2b0ba577;ARACAJU CAMARA MUNICIPAL — ESTE EDITAL DISPÕE SOBRE AS NORMAS, PROCEDIMENTOS E PRAZOS PARA PARTICIPAÇÃO NA 9ª EDIÇÃO DO PRÊMIO DE POESIA GOVERNADOR MA;ARACAJU CAMARA MUNICIPAL;estudo local (dados do sistema) — verifi;pendente;fora;poder_publico;premio;2026-10-13;;0;sem_evidencia;False;op-59dd4bc4fd2e;não localizado;não localizado;não localizado;não localizado;não localizado;não localizado;não localizado;não localizado;não localizado;não localizado;não localizado;não localizado;Estudo local: 0/12 itens já registrados no sistema. Chamamento/edital com seleção: nenhum item é dispensável pelo tipo. Próximo passo: ler o edital no PNCP/diário pelo navegador e fechar os itens em falta.
DF · Criança e adolescente;c33c88172f0ce041cc81;COMPANHIA NACIONAL DE ABASTECIMENTO — Contratação de entidade sem fins lucrativos, inscrita e aprovada no Cadastro Nacional de Aprendizagem, com capac;COMPANHIA NACIONAL DE ABASTECIMENTO;estudo local (dados do sistema) — verifi;pendente;fora;poder_publico;chamamento_publico;2026-10-20;;0;sem_evidencia;False;op-0f80746cf4b3;não localizado;não localizado;não localizado;não localizado;não localizado;não localizado;não localizado;não localizado;não localizado;não localizado;não localizado;não localizado;Estudo local: 0/12 itens já registrados no sistema. Chamamento/edital com seleção: nenhum item é dispensável pelo tipo. Próximo passo: ler o edital no PNCP/diário pelo navegador e fechar os itens em falta.
DF · Cultura;op-op-08d9f9917e1f;"Diário Oficial de Simão Dias (SE) 2026-08-17 — ""edital de chamamento público"" associação — associação";Ministério da Cultura;estudo local (dados do sistema) — verifi;pendente;fora;poder_publico;chamamento_publico;;https://www.gov.br/cultura/pt-br/assuntos/editais/inscricoes-encerradas/edital-comite-de-cultura-1;9;sem_evidencia;False;sem livro: fora da abrangência: oportunidade pública municipal de outro estado (só Goiás tem livros municipais);confirmado;não localizado;confirmado;não localizado;não localizado;confirmado;confirmado;confirmado;confirmado;confirmado;confirmado;confirmado;Estudo local: 9/12 itens já registrados no sistema. Chamamento/edital com seleção: nenhum item é dispensável pelo tipo. Próximo passo: ler o edital no PNCP/diário pelo navegador e fechar os itens em falta.
DF · Cultura;agr-6b4541f1e87b;EDITAL DE INTERCÂMBIO CULTURAL MINC Nº 1, DE 8 DE JUNHO DE 2026 CIRCULAÇÃO E PARTICIPAÇÃO AUDIOVISUAL NO EXTERIOR;;estudo local (dados do sistema) — verifi;pendente;fora;poder_publico;chamamento_publico;;https://mapa.cultura.gov.br/oportunidade/8012/;0;sem_evidencia;False;op-bbc115688c46;não localizado;não localizado;não localizado;não localizado;não localizado;não localizado;não localizado;não localizado;não localizado;não localizado;não localizado;não localizado;Estudo local: 0/12 itens já registrados no sistema. Chamamento/edital com seleção: nenhum item é dispensável pelo tipo. Próximo passo: ler o edital no PNCP/diário pelo navegador e fechar os itens em falta.
DF · Meio ambiente e clima;e8ba0dad19cec595089e;SERVICO DE LIMPEZA URBANA — Credenciamento de Cooperativas/Associações de Catadores, constituídas exclusivamente por pessoas físicas de baixa renda, p;SERVICO DE LIMPEZA URBANA;estudo local (dados do sistema) — verifi;pendente;fora;poder_publico;credenciamento;2027-03-05;;0;sem_evidencia;False;sem livro: não é seleção aberta a associações (dispensa/inexigibilidade de chamamento, credenciamento de pessoa física ou compra);não localizado;não localizado;não localizado;não localizado;não localizado;não localizado;não localizado;não localizado;não localizado;não localizado;não localizado;não localizado;Estudo local: 0/12 itens já registrados no sistema. Prazo de inscrição e Valor podem ser dispensa pelo tipo (art. 79 da Lei 14.133/2021) se o edital confirmar cadastramento permanente e tabela fixa. Próximo passo: ler o edital no PNCP/diário pelo navegador e fechar os itens em falta.
DF · Pessoa idosa;54b6080c92de6b6a835f;DNIT-DEPARTAMENTO NACIONAL DE INFRAEST DE TRANSPORTES — Seleção de associações e/ou cooperativas de catadores de materiais recicláveis, cadastradas e ;DNIT-DEPARTAMENTO NACIONAL DE INFRAEST DE TRANSPORTES;estudo local (dados do sistema) — verifi;pendente;fora;poder_publico;chamamento_publico;2028-09-22;;0;sem_evidencia;False;op-44b1ae074203;não localizado;não localizado;não localizado;não localizado;não localizado;não localizado;não localizado;não localizado;não localizado;não localizado;não localizado;não localizado;Estudo local: 0/12 itens já registrados no sistema. Chamamento/edital com seleção: nenhum item é dispensável pelo tipo. Próximo passo: ler o edital no PNCP/diário pelo navegador e fechar os itens em falta.
DF · Pessoa idosa;09390d9edbe6eaf14fad;TRIBUNAL SUPERIOR DO TRABALHO — Seleção de associações e cooperativas de catadores de materiais recicláveis aptas a recolherem os resíduos destinados ;TRIBUNAL SUPERIOR DO TRABALHO;estudo local (dados do sistema) — verifi;pendente;fora;poder_publico;chamamento_publico;2028-12-04;;0;sem_evidencia;False;op-282b8b176c85;não localizado;não localizado;não localizado;não localizado;não localizado;não localizado;não localizado;não localizado;não localizado;não localizado;não localizado;não localizado;Estudo local: 0/12 itens já registrados no sistema. Chamamento/edital com seleção: nenhum item é dispensável pelo tipo. Próximo passo: ler o edital no PNCP/diário pelo navegador e fechar os itens em falta.
PB · Assistência social;5e943a6e40ebbd9e14bf;"MUNICIPIO DE NOVA PALMEIRA — Credenciamento de facilitadores, profissionais e assessoria técnica para atuar no projeto ""DE TODOS PARA TODOS"" centro de";MUNICIPIO DE NOVA PALMEIRA;estudo local (dados do sistema) — verifi;pendente;fora;poder_publico;credenciamento;2027-01-19;;0;sem_evidencia;False;op-5e8cc7e38c06;não localizado;não localizado;não localizado;não localizado;não localizado;não localizado;não localizado;não localizado;não localizado;não localizado;não localizado;não localizado;Estudo local: 0/12 itens já registrados no sistema. Prazo de inscrição e Valor podem ser dispensa pelo tipo (art. 79 da Lei 14.133/2021) se o edital confirmar cadastramento permanente e tabela fixa. Próximo passo: ler o edital no PNCP/diário pelo navegador e fechar os itens em falta.
PB · Assistência social;6d6e786c63fb06bc932c;MUNICIPIO DE NOVA PALMEIRA — credenciamento de articuladores, profissionais e assessoria técnica para atuar no projeto “TENDA ITINERANTE - ESPAÇO DAS ;MUNICIPIO DE NOVA PALMEIRA;estudo local (dados do sistema) — verifi;pendente;fora;poder_publico;credenciamento;2027-01-19;;0;sem_evidencia;False;op-c0c4db5ca468;não localizado;não localizado;não localizado;não localizado;não localizado;não localizado;não localizado;não localizado;não localizado;não localizado;não localizado;não localizado;Estudo local: 0/12 itens já registrados no sistema. Prazo de inscrição e Valor podem ser dispensa pelo tipo (art. 79 da Lei 14.133/2021) se o edital confirmar cadastramento permanente e tabela fixa. Próximo passo: ler o edital no PNCP/diário pelo navegador e fechar os itens em falta.
PB · Cultura;agr-06012d4266dc;CREDENCIAMENTO PARA A EVENTUAL CONTRATAÇÃO DE SERVIÇOS ARTÍSTICOS LOCAIS E REGIONAIS (PESSOA FÍSICA, JURÍDICA… — MUNICIPIO DE BOA VENTURA;MUNICIPIO DE BOA VENTURA;estudo local (dados do sistema) — verifi;pendente;fora;poder_publico;credenciamento;;;0;sem_evidencia;False;sem livro: não é seleção aberta a associações (dispensa/inexigibilidade de chamamento, credenciamento de pessoa física ou compra);não localizado;não localizado;não localizado;não localizado;não localizado;não localizado;não localizado;não localizado;não localizado;não localizado;não localizado;não localizado;Estudo local: 0/12 itens já registrados no sistema. Prazo de inscrição e Valor podem ser dispensa pelo tipo (art. 79 da Lei 14.133/2021) se o edital confirmar cadastramento permanente e tabela fixa. Próximo passo: ler o edital no PNCP/diário pelo navegador e fechar os itens em falta.
PB · Cultura;agr-444b106e927e;Credenciamento de artistas, bandas e grupos musicais para prestação de serviços culturais e artísticos nos… — MUNICIPIO DE BOA VENTURA;MUNICIPIO DE BOA VENTURA;estudo local (dados do sistema) — verifi;pendente;fora;poder_publico;credenciamento;;;0;sem_evidencia;False;op-0075a9f76fbc;não localizado;não localizado;não localizado;não localizado;não localizado;não localizado;não localizado;não localizado;não localizado;não localizado;não localizado;não localizado;Estudo local: 0/12 itens já registrados no sistema. Prazo de inscrição e Valor podem ser dispensa pelo tipo (art. 79 da Lei 14.133/2021) se o edital confirmar cadastramento permanente e tabela fixa. Próximo passo: ler o edital no PNCP/diário pelo navegador e fechar os itens em falta.
PB · Cultura;agr-f7bf330e3e18;Credenciamento para contratação de serviços de INSTRUTORIA MUSICAL DE BANDA MARCIAL OU FANFARRA, como… — MUNICIPIO DE TEIXEIRA;MUNICIPIO DE TEIXEIRA;estudo local (dados do sistema) — verifi;pendente;fora;poder_publico;credenciamento;;;0;sem_evidencia;False;op-4b27a12761df;não localizado;não localizado;não localizado;não localizado;não localizado;não localizado;não localizado;não localizado;não localizado;não localizado;não localizado;não localizado;Estudo local: 0/12 itens já registrados no sistema. Prazo de inscrição e Valor podem ser dispensa pelo tipo (art. 79 da Lei 14.133/2021) se o edital confirmar cadastramento permanente e tabela fixa. Próximo passo: ler o edital no PNCP/diário pelo navegador e fechar os itens em falta.
PB · Saúde;929473bbe9b40aaf5507;MUNICIPIO DE POMBAL — Credenciamento, de instituições privadas, com ou sem fins lucrativos, prestadoras de serviços de saúde, interessadas em particip;MUNICIPIO DE POMBAL;estudo local (dados do sistema) — verifi;pendente;fora;poder_publico;credenciamento;2026-10-07;;0;sem_evidencia;False;op-ca68d8869e4c;não localizado;não localizado;não localizado;não localizado;não localizado;não localizado;não localizado;não localizado;não localizado;não localizado;não localizado;não localizado;Estudo local: 0/12 itens já registrados no sistema. Prazo de inscrição e Valor podem ser dispensa pelo tipo (art. 79 da Lei 14.133/2021) se o edital confirmar cadastramento permanente e tabela fixa. Próximo passo: ler o edital no PNCP/diário pelo navegador e fechar os itens em falta.
PA · Cultura;agr-3f9ae60bf785;CHAMAMENTO PÚBLICO PARA CREDENCIAMENTO DE PESSOAS FÍSICAS E/OU JURÍDICAS, ARTISTAS VISUAIS E PROFISSIONAIS… — MUNICIPIO DE MARABA;MUNICIPIO DE MARABA;estudo local (dados do sistema) — verifi;pendente;fora;poder_publico;credenciamento;;;0;sem_evidencia;False;sem livro: não é seleção aberta a associações (dispensa/inexigibilidade de chamamento, credenciamento de pessoa física ou compra);não localizado;não localizado;não localizado;não localizado;não localizado;não localizado;não localizado;não localizado;não localizado;não localizado;não localizado;não localizado;Estudo local: 0/12 itens já registrados no sistema. Prazo de inscrição e Valor podem ser dispensa pelo tipo (art. 79 da Lei 14.133/2021) se o edital confirmar cadastramento permanente e tabela fixa. Próximo passo: ler o edital no PNCP/diário pelo navegador e fechar os itens em falta.
PA · Cultura;agr-79dc6aad4e08;EDITAL DE CONVOCAÇÃO E CHAMAMENTO PÚBLICO N° 001/2026;;estudo local (dados do sistema) — verifi;pendente;fora;poder_publico;chamamento_publico;;https://mapacultural.pa.gov.br/oportunidade/2472/;0;sem_evidencia;False;op-4b0d030e1889;não localizado;não localizado;não localizado;não localizado;não localizado;não localizado;não localizado;não localizado;não localizado;não localizado;não localizado;não localizado;Estudo local: 0/12 itens já registrados no sistema. Chamamento/edital com seleção: nenhum item é dispensável pelo tipo. Próximo passo: ler o edital no PNCP/diário pelo navegador e fechar os itens em falta.
PA · Meio ambiente e clima;2d3a38f3a6dd4116daa6;UNIVERSIDADE FEDERAL RURAL DA AMAZONIA — PROCEDIMENTO DE HABILITAÇÃO DAS ASSOCIAÇÕES E/OU COOPERATIVASDECATADORES DE MATERIAIS RECICLÁVEIS E REUTILIZÁ;UNIVERSIDADE FEDERAL RURAL DA AMAZONIA;estudo local (dados do sistema) — verifi;pendente;fora;poder_publico;chamamento_publico;2026-10-13;;0;sem_evidencia;False;op-412f91dae8d1;não localizado;não localizado;não localizado;não localizado;não localizado;não localizado;não localizado;não localizado;não localizado;não localizado;não localizado;não localizado;Estudo local: 0/12 itens já registrados no sistema. Chamamento/edital com seleção: nenhum item é dispensável pelo tipo. Próximo passo: ler o edital no PNCP/diário pelo navegador e fechar os itens em falta.
PA · Saúde;5e5da13e9c3d013d9935;MUNICIPIO DE NOVA IPIXUNA — [Portal de Compras Públicas] - CREDENCIAMENTO DE INSTITUIÇÕES FILANTRÓPICAS OU EMPRESAS SEM FINS LUCRATIVOS, PARA PRESTAÇÃ;MUNICIPIO DE NOVA IPIXUNA;estudo local (dados do sistema) — verifi;pendente;fora;poder_publico;credenciamento;2027-06-25;;0;sem_evidencia;False;op-23da1e12831e;não localizado;não localizado;não localizado;não localizado;não localizado;não localizado;não localizado;não localizado;não localizado;não localizado;não localizado;não localizado;Estudo local: 0/12 itens já registrados no sistema. Prazo de inscrição e Valor podem ser dispensa pelo tipo (art. 79 da Lei 14.133/2021) se o edital confirmar cadastramento permanente e tabela fixa. Próximo passo: ler o edital no PNCP/diário pelo navegador e fechar os itens em falta.
MS · Chamamentos em diário oficial;78d5eb978153ba146ff8;"Diário Oficial de Costa Rica (MS) 2026-08-11 — ""edital de chamamento público"" associação";Prefeitura Municipal de Costa Rica;estudo local (dados do sistema) — verifi;pendente;fora;poder_publico;chamamento_publico;;https://www.costarica.ms.gov.br/portal/editais/3;7;pistas_locais_a_confirmar;False;sem livro: fora da abrangência: oportunidade pública municipal de outro estado (só Goiás tem livros municipais);confirmado;não localizado;não localizado;não localizado;não localizado;confirmado;confirmado;confirmado;confirmado;confirmado;confirmado;não localizado;Estudo local: 7/12 itens já registrados no sistema. Chamamento/edital com seleção: nenhum item é dispensável pelo tipo. Próximo passo: ler o edital no PNCP/diário pelo navegador e fechar os itens em falta.
MS · Chamamentos em diário oficial;13df57fcce57cafa6c2c;"Diário Oficial de Maracaju (MS) 2026-09-29 — ""chamamento público"" ""organizações da sociedade civil""";;estudo local (dados do sistema) — verifi;pendente;fora;poder_publico;chamamento_publico;;;0;sem_evidencia;False;sem livro: fora da abrangência: oportunidade pública municipal de outro estado (só Goiás tem livros municipais);não localizado;não localizado;não localizado;não localizado;não localizado;não localizado;não localizado;não localizado;não localizado;não localizado;não localizado;não localizado;Estudo local: 0/12 itens já registrados no sistema. Chamamento/edital com seleção: nenhum item é dispensável pelo tipo. Próximo passo: ler o edital no PNCP/diário pelo navegador e fechar os itens em falta.
MS · Cultura;agr-af4919a95847;Credenciamento de artistas pessoa física ou jurídica, para prestação de serviços artísticos e culturais, a… — MUNICIPIO DE PORTO MURTINHO;MUNICIPIO DE PORTO MURTINHO;estudo local (dados do sistema) — verifi;pendente;fora;poder_publico;credenciamento;;;0;sem_evidencia;False;sem livro: não é seleção aberta a associações (dispensa/inexigibilidade de chamamento, credenciamento de pessoa física ou compra);não localizado;não localizado;não localizado;não localizado;não localizado;não localizado;não localizado;não localizado;não localizado;não localizado;não localizado;não localizado;Estudo local: 0/12 itens já registrados no sistema. Prazo de inscrição e Valor podem ser dispensa pelo tipo (art. 79 da Lei 14.133/2021) se o edital confirmar cadastramento permanente e tabela fixa. Próximo passo: ler o edital no PNCP/diário pelo navegador e fechar os itens em falta.
TO · Pessoa idosa;6a58f8a7ec70081b3bdc;TRIBUNAL DE JUSTICA DO ESTADO DO TOCANTINS — Credenciamento de associação e/ou cooperativa de catadores de materiais recicláveis por meio do Projeto C;TRIBUNAL DE JUSTICA DO ESTADO DO TOCANTINS;estudo local (dados do sistema) — verifi;pendente;fora;poder_publico;credenciamento;2030-04-01;;0;sem_evidencia;False;op-66ca048d7db5;não localizado;não localizado;não localizado;não localizado;não localizado;não localizado;não localizado;não localizado;não localizado;não localizado;não localizado;não localizado;Estudo local: 0/12 itens já registrados no sistema. Prazo de inscrição e Valor podem ser dispensa pelo tipo (art. 79 da Lei 14.133/2021) se o edital confirmar cadastramento permanente e tabela fixa. Próximo passo: ler o edital no PNCP/diário pelo navegador e fechar os itens em falta.
TO · Saúde;b1ef691ad10f4747ba3c;MUNICIPIO DE PALMAS — Selecao de Organizacao da Sociedade Civil - OSC para celebracao de Termo de Colaboracao destinado a gestao, a operacionalizacao ;MUNICIPIO DE PALMAS;estudo local (dados do sistema) — verifi;pendente;fora;poder_publico;chamamento_publico;2026-10-22;;0;pistas_locais_a_confirmar;False;op-f750cd6c2259;não localizado;não localizado;não localizado;não localizado;não localizado;não localizado;não localizado;não localizado;não localizado;não localizado;não localizado;não localizado;Estudo local: 0/12 itens já registrados no sistema. Chamamento/edital com seleção: nenhum item é dispensável pelo tipo. Próximo passo: ler o edital no PNCP/diário pelo navegador e fechar os itens em falta.
TO · Saúde;7310d3939f3f63bab573;MUNICIPIO DE BANDEIRANTES DO TOCANTINS — Credenciamento de serviços gráficos especializados para confecção de materiais institucionais e informativos ;MUNICIPIO DE BANDEIRANTES DO TOCANTINS;estudo local (dados do sistema) — verifi;pendente;fora;poder_publico;credenciamento;2027-07-02;;0;sem_evidencia;False;op-a94fd2c771e8;não localizado;não localizado;não localizado;não localizado;não localizado;não localizado;não localizado;não localizado;não localizado;não localizado;não localizado;não localizado;Estudo local: 0/12 itens já registrados no sistema. Prazo de inscrição e Valor podem ser dispensa pelo tipo (art. 79 da Lei 14.133/2021) se o edital confirmar cadastramento permanente e tabela fixa. Próximo passo: ler o edital no PNCP/diário pelo navegador e fechar os itens em falta.
MA · Cultura;agr-e63ccde1a852;Chamamento Público para Credenciamento de Atrações Artísticas e Culturais para compor a programação de… — MUNICIPIO DE PACO DO LUMIAR;MUNICIPIO DE PACO DO LUMIAR;estudo local (dados do sistema) — verifi;pendente;fora;poder_publico;credenciamento;;;0;sem_evidencia;False;op-efdfdf633dd2;não localizado;não localizado;não localizado;não localizado;não localizado;não localizado;não localizado;não localizado;não localizado;não localizado;não localizado;não localizado;Estudo local: 0/12 itens já registrados no sistema. Prazo de inscrição e Valor podem ser dispensa pelo tipo (art. 79 da Lei 14.133/2021) se o edital confirmar cadastramento permanente e tabela fixa. Próximo passo: ler o edital no PNCP/diário pelo navegador e fechar os itens em falta.
MA · Cultura;agr-d9e4de9b1c50;credenciamento de bandas, artistas em diferentes estilos musicais, a fim de atender com apresentações… — MUNICIPIO DE GOVERNADOR NEWTON BELLO;MUNICIPIO DE GOVERNADOR NEWTON BELLO;estudo local (dados do sistema) — verifi;pendente;fora;poder_publico;credenciamento;;;0;sem_evidencia;False;op-e28482b50d38;não localizado;não localizado;não localizado;não localizado;não localizado;não localizado;não localizado;não localizado;não localizado;não localizado;não localizado;não localizado;Estudo local: 0/12 itens já registrados no sistema. Prazo de inscrição e Valor podem ser dispensa pelo tipo (art. 79 da Lei 14.133/2021) se o edital confirmar cadastramento permanente e tabela fixa. Próximo passo: ler o edital no PNCP/diário pelo navegador e fechar os itens em falta.
MA · Meio ambiente e clima;agr-5d2c6abb05ed;Santa Luzia do Paruá abre edital para impulsionar projetos socioambientais com recursos internacionais;;estudo local (dados do sistema) — verifi;pendente;fora;poder_publico;chamamento_publico;;https://www.santaluziadoparua.ma.gov.br/licitacaolista.php?id=731;0;sem_evidencia;False;sem livro: fora da abrangência: oportunidade pública municipal de outro estado (só Goiás tem livros municipais);não localizado;não localizado;não localizado;não localizado;não localizado;não localizado;não localizado;não localizado;não localizado;não localizado;não localizado;não localizado;Estudo local: 0/12 itens já registrados no sistema. Chamamento/edital com seleção: nenhum item é dispensável pelo tipo. Próximo passo: ler o edital no PNCP/diário pelo navegador e fechar os itens em falta.
AM · Cultura;4cc0563cfad32112b128;MUNICIPIO DE ITACOATIARA — [LICITANET] - Seleção de Projetos Culturais para Concessão de Apoio Financeiro e Celebração de Termo de Execução Cultural, ;MUNICIPIO DE ITACOATIARA;estudo local (dados do sistema) — verifi;pendente;fora;poder_publico;chamamento_publico;2026-10-16;;0;sem_evidencia;False;sem livro: não é seleção aberta a associações (dispensa/inexigibilidade de chamamento, credenciamento de pessoa física ou compra);não localizado;não localizado;não localizado;não localizado;não localizado;não localizado;não localizado;não localizado;não localizado;não localizado;não localizado;não localizado;Estudo local: 0/12 itens já registrados no sistema. Chamamento/edital com seleção: nenhum item é dispensável pelo tipo. Próximo passo: ler o edital no PNCP/diário pelo navegador e fechar os itens em falta.
AM · Meio ambiente e clima;92a0f7cc763648155875;TRIBUNAL REGIONAL ELEITORAL DO AMAZONAS — O presente procedimento tem por objeto selecionar as associações e/ou cooperativas de catadores de materiais;TRIBUNAL REGIONAL ELEITORAL DO AMAZONAS;estudo local (dados do sistema) — verifi;pendente;fora;poder_publico;chamamento_publico;2028-01-31;;0;sem_evidencia;False;op-4c282607bda1;não localizado;não localizado;não localizado;não localizado;não localizado;não localizado;não localizado;não localizado;não localizado;não localizado;não localizado;não localizado;Estudo local: 0/12 itens já registrados no sistema. Chamamento/edital com seleção: nenhum item é dispensável pelo tipo. Próximo passo: ler o edital no PNCP/diário pelo navegador e fechar os itens em falta.
RR · Chamamentos em diário oficial;e6de7032c531faee464a;"Diário Oficial de Boa Vista (RR) 2026-08-05 — ""edital de chamamento público"" associação";Prefeitura Municipal de Boa Vista;estudo local (dados do sistema) — verifi;pendente;fora;poder_publico;chamamento_publico;;;5;pistas_locais_a_confirmar;False;sem livro: fora da abrangência: oportunidade pública municipal de outro estado (só Goiás tem livros municipais);confirmado;não localizado;não localizado;não localizado;não localizado;confirmado;confirmado;confirmado;não localizado;confirmado;não localizado;não localizado;Estudo local: 5/12 itens já registrados no sistema. Chamamento/edital com seleção: nenhum item é dispensável pelo tipo. Próximo passo: ler o edital no PNCP/diário pelo navegador e fechar os itens em falta.
RR · Cultura;8fe5c910742aa29ac750;UNIVERSIDADE FEDERAL DE RORAIMA — seleção de ensaios fotográficos inéditos sobre a temática “Onde os meus pés me levam?”, mediante avaliação técnico-a;UNIVERSIDADE FEDERAL DE RORAIMA;estudo local (dados do sistema) — verifi;pendente;fora;poder_publico;premio;2026-11-25;;0;sem_evidencia;False;op-d93ed976694e;não localizado;não localizado;não localizado;não localizado;não localizado;não localizado;não localizado;não localizado;não localizado;não localizado;não localizado;não localizado;Estudo local: 0/12 itens já registrados no sistema. Chamamento/edital com seleção: nenhum item é dispensável pelo tipo. Próximo passo: ler o edital no PNCP/diário pelo navegador e fechar os itens em falta.
MT · Cultura;b3d9c55edab779c1c31d;MUNICIPIO DE NOVA MUTUM — CHAMAMENTO PÚBLICO PARA SELEÇÃO DE PROJETOS CULTURAIS, VISANDO À CELEBRAÇÃO DE TERMO DE EXECUÇÃO CULTURAL COM AGENTES CULTUR;MUNICIPIO DE NOVA MUTUM;estudo local (dados do sistema) — verifi;pendente;fora;poder_publico;chamamento_publico;2026-10-05;;0;sem_evidencia;False;op-29aa10c99fa6;não localizado;não localizado;não localizado;não localizado;não localizado;não localizado;não localizado;não localizado;não localizado;não localizado;não localizado;não localizado;Estudo local: 0/12 itens já registrados no sistema. Chamamento/edital com seleção: nenhum item é dispensável pelo tipo. Próximo passo: ler o edital no PNCP/diário pelo navegador e fechar os itens em falta.
MT · Educação;d479f0b2aa5a9db37edc;TRIBUNAL SUPERIOR DO TRABALHO — CHAMAMENTO PÚBLICO DE INSTITUIÇÕES DE ENSINO SUPERIOR (IES) INTERESSADAS EM CELEBRAR ACORDO DE COOPERAÇÃO TÉCNICA E AC;TRIBUNAL SUPERIOR DO TRABALHO;estudo local (dados do sistema) — verifi;pendente;fora;poder_publico;chamamento_publico;2030-02-13;;0;sem_evidencia;False;op-73ab9be95221;não localizado;não localizado;não localizado;não localizado;não localizado;não localizado;não localizado;não localizado;não localizado;não localizado;não localizado;não localizado;Estudo local: 0/12 itens já registrados no sistema. Chamamento/edital com seleção: nenhum item é dispensável pelo tipo. Próximo passo: ler o edital no PNCP/diário pelo navegador e fechar os itens em falta.
AC · Outras;248276e54442fba0fab4;"ESTADO DO ACRE — 4º PRÊMIO DE COMUNICAÇÃO DO GOVERNO DO ESTADO DO ACRE “MOISÉS ALENCASTRO""";ESTADO DO ACRE;estudo local (dados do sistema) — verifi;pendente;fora;poder_publico;premio;2026-10-19;;0;sem_evidencia;False;op-a9fe075a6563;não localizado;não localizado;não localizado;não localizado;não localizado;não localizado;não localizado;não localizado;não localizado;não localizado;não localizado;não localizado;Estudo local: 0/12 itens já registrados no sistema. Chamamento/edital com seleção: nenhum item é dispensável pelo tipo. Próximo passo: ler o edital no PNCP/diário pelo navegador e fechar os itens em falta.
PI · Cultura;6a2f87e5d3505f37ed08;MUNICIPIO DE BOA HORA — CONTRATAÇÃO DE PRESTADOR DE SERVIÇOS PARA EXECUÇÃO DE CAPACITAÇÃO, QUALIFICAÇÃO E FORMAÇÃO DE AGENTES CULTURAIS (AUDIOVISUAL, ;MUNICIPIO DE BOA HORA;estudo local (dados do sistema) — verifi;pendente;fora;poder_publico;chamamento_publico;2027-07-22;;0;sem_evidencia;False;op-a6132345a958;não localizado;não localizado;não localizado;não localizado;não localizado;não localizado;não localizado;não localizado;não localizado;não localizado;não localizado;não localizado;Estudo local: 0/12 itens já registrados no sistema. Chamamento/edital com seleção: nenhum item é dispensável pelo tipo. Próximo passo: ler o edital no PNCP/diário pelo navegador e fechar os itens em falta.
AP · Outras;b0984d0a767b7ae674dc;DEFENSORIA PUBLICA DO ESTADO — Concurso de artigos para publicação na 2ª edição da Revista da Defensoria Pública do Amapá.;DEFENSORIA PUBLICA DO ESTADO;estudo local (dados do sistema) — verifi;pendente;fora;poder_publico;chamamento_publico;2026-10-22;;0;sem_evidencia;False;op-eb06e70ec784;não localizado;não localizado;não localizado;não localizado;não localizado;não localizado;não localizado;não localizado;não localizado;não localizado;não localizado;não localizado;Estudo local: 0/12 itens já registrados no sistema. Chamamento/edital com seleção: nenhum item é dispensável pelo tipo. Próximo passo: ler o edital no PNCP/diário pelo navegador e fechar os itens em falta.
RO · Cultura;agr-80ef96792f12;Chamamento Público para credenciamento de artistas/músicos solo ou em dupla, bandas/grupos e DJs, locais e… — MUNICIPIO DE OURO PRETO DO OESTE;MUNICIPIO DE OURO PRETO DO OESTE;estudo local (dados do sistema) — verifi;pendente;fora;poder_publico;credenciamento;;;0;sem_evidencia;False;op-f62995e84420;não localizado;não localizado;não localizado;não localizado;não localizado;não localizado;não localizado;não localizado;não localizado;não localizado;não localizado;não localizado;Estudo local: 0/12 itens já registrados no sistema. Prazo de inscrição e Valor podem ser dispensa pelo tipo (art. 79 da Lei 14.133/2021) se o edital confirmar cadastramento permanente e tabela fixa. Próximo passo: ler o edital no PNCP/diário pelo navegador e fechar os itens em falta.
