id,nome,orgao,decisao,validacao,selo,itens_a_conferir,proxima_janela,confianca,serve_osc
captacao-072,Arte e Cultura na Educação Integral,Diário Oficial da União — Seção 3 (avisos e editais),D,completa,bronze,12,,baixa,
captacao-169,FDD/Pronasci - cultura e cidadania em territórios vulneráveis,Conanda — Fundo Nacional para a Criança e o Adolescente,P,pendente,prata,11,,baixa,depende
captacao-171,FNMA - catadores e reciclagem,Diário Oficial da União — Seção 3 (avisos e editais),P,pendente,bronze,11,,baixa,depende
captacao-221,Fundação Banco do Brasil,Fundação Banco do Brasil,A,completa,bronze,0,,baixa,
captacao-222,Fundação Itaú,Fundação Itaú,A,completa,bronze,0,,baixa,
captacao-224,Fundação Telefônica Vivo,Fundação Telefônica Vivo,R,completa,bronze,0,,baixa,"possível, sem canal público"
captacao-225,Instituto Claro,Instituto Claro,D,completa,bronze,12,,baixa,
captacao-227,Instituto Coca-Cola Brasil,Instituto Coca-Cola Brasil,P,pendente,bronze,12,,baixa,
captacao-228,Instituto Localiza,Instituto Localiza,R,completa,bronze,0,,baixa,"possível, sem canal público"
captacao-226,Instituto Natura,Instituto Natura,R,completa,bronze,0,,baixa,"possível, sem canal público"
captacao-134,MDHC - editais de direitos humanos,Diário Oficial da União — Seção 3 (avisos e editais),D,completa,prata,12,"out/2027 (prevista: mesmo mês das edições de 2023, 2024, 2026)",baixa,
curadoria-010,MDHC / CONANDA — Chamamentos publicos de fomento a OSC,Ministerio dos Direitos Humanos e da Cidadania — Conselho Nacional dos Direitos da Crianca e do Adolescente,V,completa,ouro,0,"out/2027 (prevista: mesmo mês das edições de 2023, 2024, 2026)",baixa,depende
captacao-090,MDS - Cozinhas Solidárias 2026,MDS / FNAS / CNAS,A,completa,bronze,0,,baixa,
captacao-091,MDS - Segurança alimentar e nutricional,Diário Oficial da União — Seção 3 (avisos e editais),P,pendente,bronze,11,,baixa,depende
espalhado-rouanet-cultura-gov-br,Ministério da Cultura — SALIC — oportunidades (espalhado de edital validado),Ministério da Cultura — SALIC,R,completa,bronze,0,,baixa,
curadoria-003,Movimento Bem Maior — Edital Futuro Bem Maior,Movimento Bem Maior,A,parcial,bronze,1,Edição 2027 provável em jul–ago (prevista),baixa,depende
captacao-094,Plano Nacional de Cuidados - participação/arranjos com OSC,Diário Oficial da União — Seção 3 (avisos e editais),P,pendente,bronze,12,,baixa,depende
captacao-037,Programa Rouanet Juventude,Ministério da Cultura / SALIC,A,completa,bronze,0,,baixa,
captacao-066,Transferegov - termo de colaboração para educação comunitária,órgão a localizar,R,completa,bronze,0,,baixa,sim
captacao-065,Transferegov - termo de fomento para projeto educacional,órgão a localizar,R,completa,bronze,0,,baixa,sim
captacao-214,Órgão público - chamamento para execução de política pública,Diário Oficial da União — Seção 3 (avisos e editais),P,pendente,bronze,12,,baixa,depende
nova-bf7dd018241c,"231 editais abertos voltados a ONGs e OSCs somando mais de R$ 454,5 mi. Veja valores, prazos e como se candidatar. Atual",Motor do Piloto — busca aberta no terceiro setor,D,completa,bronze,12,,baixa,
nova-b9a705760266,Apoio a projetos incentivados,SALIC — Lei Rouanet (Ministério da Cultura),R,completa,bronze,0,,baixa,sim
nova-2b357be3c852,Bússola Investimento Social,Bússola Social - Bússola Editais,D,completa,bronze,0,,baixa,não
nova-be948c3898d4,CERTIFICAÇÕES,"Editais de empresas incentivadoras (modelo Porto Itapoá) — FIA, Idoso, Esporte, Rouanet, PRONAS",D,completa,bronze,12,,baixa,
nova-12fac90504c2,CNPJ das propostas aprovadas no Edital 1,Motor do Piloto — busca aberta no terceiro setor,A,completa,bronze,0,,baixa,depende
nova-ba7c01a8eba2,Certificado de Vacinação,Projeto de educação para o trabalho,D,completa,bronze,0,,baixa,não
nova-be07093c1520,Chamada para propostas,BID – Laboratório de Inovação,R,completa,bronze,0,,baixa,depende
nova-153fe0f09a1a,Chamadas Públicas,TJGO - penas pecuniárias 1ª Vara de Execução Penal de Goiânia,D,completa,bronze,12,,baixa,
nova-f054e145e804,Chamamento Público 02/2026 – Seleção de projetos culturais (PNAB) – Prefeitura de Balsas/MA,Prefeitura Municipal de Balsas/MA – Secretaria Municipal de Cultura e Eventos,A,parcial,bronze,3,,baixa,não
nova-01619b77b6f8,Como Solicitar uma Doação,Motor de Recorrência — revisita as oportunidades identificadas,V,completa,bronze,0,,baixa,
nova-c599c44cc264,Copa Quilombola premia campeões da 5ª edição em fase final realizada em Caldas Novas,Programa estadual de eventos esportivos,D,completa,bronze,0,,baixa,não
nova-a127f3e99328,Cursos Leis de Incentivo,Fundação Vale,D,completa,bronze,0,,baixa,não
nova-4796008ed022,Dia de Doar vai acontecer em 2 de dezembro e mobilizar milhares de OSCs e doadores no Brasil,ABCR — Associação Brasileira de Captadores,D,completa,bronze,0,,baixa,não
nova-09e7716ec5d5,"EDITAL DE Nº 126/IFAL, DE 18 DE SETEMBRO DE 2026",Diário Oficial da União,D,completa,bronze,0,,baixa,depende
nova-47d6fafae93e,EXTRATO DE TERMO DE FOMENTO,Diário Oficial da União,D,completa,bronze,0,,baixa,depende
nova-d499ba03877e,"Editais  Oportunidades de financiamento para organizações da sociedade civil, com prazo e condições apurados na fonte of",Motor do Piloto — busca aberta no terceiro setor,D,completa,bronze,12,,baixa,
nova-d68d40f0b306,"Editais abertos para ONGs
 (1)",Piloto - Espião — busca aberta no terceiro setor,D,completa,bronze,12,,baixa,
nova-b25c1ad80aa9,Editais de Chamamento Público,SALIC — Lei Rouanet (Ministério da Cultura),R,completa,bronze,0,,baixa,depende
nova-ab3a26703ddb,Editais destinam até R$ 2 milhões para OSCs ambientais apoiarem RPPNs no litoral do Paraná,ABCR — Associação Brasileira de Captadores,V,parcial,bronze,1,,baixa,sim
nova-aa428dd4ec58,Edital nº 001/2026 - Chamamento público para  registro de candidatura de Profissionais interessados em integrar as Comis,Motor de Recorrência — revisita as oportunidades identificadas,D,completa,bronze,0,,baixa,não
nova-ccaa100a25a4,"Engajamento, agentes de mudança e governança climática",Motor de Recorrência — revisita as oportunidades identificadas,A,completa,bronze,0,,baixa,depende
nova-2109bafc97e3,Entidades Assistenciais,Ministérios Públicos — editais de destinação de recursos de reparação e bens lesados,R,completa,bronze,0,,baixa,sim
nova-f961d7e2a680,Estão abertas as inscrições para reunião sobre trabalho decente nas plataformas digitais,TJGO - penas pecuniárias 1ª Vara de Execução Penal de Goiânia,D,completa,bronze,0,,baixa,não
nova-970c6fff1d37,"Financiamento de projetos sociais
 (1)",Piloto - Espião — busca aberta no terceiro setor,D,completa,bronze,0,,baixa,depende
nova-c214cd2736fe,"Fundação Itaú cria canal de transmissão com o público interessado em arte e educação Pelo WhatsApp, é possível ficar por",Fundação Itaú,D,completa,bronze,0,,baixa,não
nova-c41153ca0007,Fundo Brasil abre edital com até R$ 60 mil para iniciativas da Amazônia e do Cerrado,Observatório do Terceiro Setor — editais,A,completa,bronze,0,,baixa,
nova-8f1e5103b38c,Gife cria fundo para incentivar doacoes,Observatório do 3º Setor,P,pendente,bronze,12,,baixa,
nova-a1009b5f388c,Google Ad Grants para ONGs 2026: Como Conseguir até US$ 10 Mil por Mês em Anúncios,Piloto - Espião — busca aberta no terceiro setor,R,completa,bronze,0,,baixa,sim
nova-fe3ed0ccb915,"Histórias de sucesso INSTITUTO BANCORBRÁS 15 de maio, 2026 Instituto Bancorbrás qualifica estratégia de investimento soc",Bússola Social - Bússola Editais,D,completa,bronze,12,,baixa,
nova-22808deed656,"Histórias de sucesso INSTITUTO NOVO SERTÃO 3 de abril, 2026 Monitoramento de dados ajudou o Instituto Novo Sertão a venc",Bússola Social - Bússola Editais,D,completa,bronze,12,,baixa,
nova-1d606bea9f80,IDIS e Instituto ACP lançam “Guia dos Guias para Captar Recursos” com apoio da Plataforma Conjunta,ABCR — Associação Brasileira de Captadores,D,completa,bronze,12,,baixa,
nova-8a1dc698eac9,Instituto de Engenharia contrata profissional de Captação de Recursos,ABCR — Associação Brasileira de Captadores,D,completa,bronze,0,,baixa,não
nova-5101f5d3ab19,Instituto porto abre edital para apoiar projetos educacionais na grande sao paulo,ABCR — Associação Brasileira de Captadores,A,parcial,bronze,4,,baixa,
nova-2a700cb1173c,LUPPA abre inscrições para selecionar dez cidades e fortalecer políticas públicas alimentares,Observatório do Terceiro Setor — editais,D,completa,bronze,0,,baixa,não
nova-add1f4c8737f,Lei Rouanet,Lei Rouanet - doação de pessoa física,R,completa,bronze,0,,baixa,sim
nova-962fbc0ba13a,ONGs e coletivos periféricos do Nordeste podem se inscrever em edital que oferece apoio de R$ 300 mil até o dia 12,ABCR — Associação Brasileira de Captadores,A,parcial,bronze,2,,baixa,
nova-a258b361bb1d,Patrocínios,Motor de Recorrência — revisita as oportunidades identificadas,R,completa,bronze,0,Ciclos 2027 'serão divulgados em breve' (prevista),baixa,depende
nova-86356f0706b2,"Prefeitura capacita profissionais para fortalecer vigilância, diagnóstico e tratamento da sífilis em Goiânia",SEMASDH Goiânia - República para jovens,D,completa,bronze,0,,baixa,não
nova-798c91115fc0,Premiações,"Editais de empresas incentivadoras (modelo Porto Itapoá) — FIA, Idoso, Esporte, Rouanet, PRONAS",D,completa,bronze,0,,baixa,não
nova-c5e7add5f638,Processo de Seleção de Gestor Escolar,Projeto de educação para o trabalho,D,completa,bronze,0,,baixa,não
nova-04c48eb30dcc,Programa Locus seleciona dez iniciativas para programa de fortalecimento ao jornalismo local Evento no Rio de Janeiro in,Fundação Itaú,A,parcial,bronze,5,,baixa,depende
nova-5683dde2381a,Quatro iniciativas vencem premiação do CNJ em gestão de pessoas do Judiciário,TJGO - penas pecuniárias 1ª Vara de Execução Penal de Goiânia,D,completa,bronze,0,,baixa,não
nova-e5fb908f6b88,Rede Memória Viva abre inscrições para organizações que preservam a memória africana e afro-brasileira,Observatório do Terceiro Setor — editais,R,completa,bronze,0,,baixa,sim
nova-3919592882f0,Redion abre seleção para projetos sociais e culturais com captação via leis de incentivo,Observatório do Terceiro Setor — editais,A,parcial,bronze,1,,baixa,depende
nova-73526e946e17,Santa Luzia do Paruá abre edital para impulsionar projetos socioambientais com recursos internacionais,ABCR — Associação Brasileira de Captadores,D,completa,bronze,12,,baixa,
nova-9aa4434035e8,"Saúde 
                                 Prefeitura capacita profissionais para fortalecer vigilância, diagnóstico e...",SMS Goiânia - parceria com entidade de saúde,D,completa,bronze,0,,baixa,não
nova-addc4ab2739c,Secretaria de Fomento e Incentivo à Cultura,SALIC — Lei Rouanet (Ministério da Cultura),D,completa,bronze,0,,baixa,não
nova-72a979f568dc,Solicitar Certificado do Encceja,Projeto de educação para o trabalho,D,completa,bronze,0,,baixa,não
nova-63ac222433cf,Sonhar o Mundo 2026 abre inscrições para instituições culturais de São Paulo,Observatório do Terceiro Setor — editais,D,completa,bronze,0,,baixa,apenas participação
nova-057e8512d452,Termo de Fomento nº 01/2026,Motor de Recorrência — revisita as oportunidades identificadas,D,completa,bronze,0,,baixa,não
nova-11c258992c72,Webinar gratuito vai orientar OSCs sobre prestação de contas e gestão financeira,ABCR — Associação Brasileira de Captadores,D,completa,bronze,0,,baixa,não
captacao-220,BNDES Fundo Socioambiental,Diário Oficial da União — Seção 3 (avisos e editais),P,pendente,bronze,2,,baixa,depende
captacao-174,BNDES Fundo Socioambiental - chamada permanente,Diário Oficial da União — Seção 3 (avisos e editais),P,pendente,bronze,2,,baixa,depende
captacao-135,Conselho da Pessoa com Deficiência - projetos de acessibilidade,Conanda — Fundo Nacional para a Criança e o Adolescente,P,pendente,bronze,11,,baixa,depende
captacao-166,FDD - defesa do consumidor,Conanda — Fundo Nacional para a Criança e o Adolescente,P,pendente,prata,11,,baixa,depende
captacao-165,FDD - meio ambiente,Conanda — Fundo Nacional para a Criança e o Adolescente,P,pendente,prata,11,,baixa,depende
captacao-168,FDD - outros direitos difusos e coletivos,Conanda — Fundo Nacional para a Criança e o Adolescente,P,pendente,prata,11,,baixa,depende
captacao-167,FDD - patrimônio cultural brasileiro,Conanda — Fundo Nacional para a Criança e o Adolescente,D,completa,prata,12,,baixa,
captacao-172,FNMA - educação ambiental,Diário Oficial da União — Seção 3 (avisos e editais),P,pendente,bronze,11,,baixa,depende
captacao-170,FNMA - redução de vulnerabilidade climática,Diário Oficial da União — Seção 3 (avisos e editais),P,pendente,bronze,11,,baixa,depende
captacao-173,Fundo Clima - projetos socioambientais,Diário Oficial da União — Seção 3 (avisos e editais),P,pendente,bronze,11,,baixa,depende
captacao-117,Fundo Nacional da Criança e Adolescente,Conanda — Fundo Nacional para a Criança e o Adolescente,A,parcial,bronze,2,,baixa,
captacao-127,Fundo Nacional do Idoso,Conanda — Fundo Nacional para a Criança e o Adolescente,A,completa,bronze,0,,baixa,
captacao-130,Projeto de convivência para idosos,Conanda — Fundo Nacional para a Criança e o Adolescente,P,pendente,bronze,11,,baixa,depende
captacao-131,Projeto de inclusão digital da pessoa idosa,Conanda — Fundo Nacional para a Criança e o Adolescente,P,pendente,bronze,11,,baixa,depende
curadoria-001,Banco do Nordeste — Editais Sociais (incentivo fiscal),Banco do Nordeste do Brasil — BNB,R,completa,prata,0,"ago/2027 (prevista: mesmo mês das edições de 2024, 2025, 2026)",média,parcial
captacao-035,Lei Rouanet - doação de pessoa física,Ministério da Cultura / SALIC,R,completa,bronze,0,,baixa,
captacao-036,Lei Rouanet - patrocínio pessoa jurídica,Ministério da Cultura / SALIC,R,completa,bronze,0,,baixa,
captacao-041,Lei de Incentivo ao Esporte - Esporte para Toda a Vida,Ministério do Esporte,R,completa,bronze,0,,baixa,
captacao-042,Lei de Incentivo ao Esporte - Excelência Esportiva,Ministério do Esporte,R,completa,bronze,0,,baixa,sim
captacao-040,Lei de Incentivo ao Esporte - Formação Esportiva,Ministério do Esporte,R,completa,bronze,0,,baixa,sim
captacao-043,Lei de Incentivo ao Esporte - projeto paradesportivo,Ministério do Esporte,R,completa,bronze,0,,baixa,sim
captacao-143,Pronas/PCD - assistência à pessoa com deficiência,Ministério da Saúde,A,completa,prata,0,,baixa,não no momento
captacao-144,Pronas/PCD - formação de profissionais,Ministério da Saúde,A,completa,prata,0,,baixa,não no momento
captacao-145,Pronas/PCD - pesquisa sobre deficiência,Ministério da Saúde,A,completa,prata,0,,baixa,não no momento
captacao-140,Pronon - assistência oncológica,Ministério da Saúde,A,completa,prata,0,,baixa,não no momento
captacao-141,Pronon - formação e treinamento em oncologia,Ministério da Saúde,A,completa,prata,0,,baixa,não no momento
captacao-142,Pronon - pesquisa clínica/epidemiológica oncológica,Ministério da Saúde,A,completa,prata,0,,baixa,não no momento
captacao-217,Bússola Social - Bússola Editais,Bússola Social — Bússola Editais,D,completa,bronze,12,,baixa,
captacao-056,Campeonato comunitário com inclusão social,órgão a localizar,D,completa,bronze,12,,baixa,
captacao-218,Capta - oportunidades e editais,órgão a localizar,D,completa,bronze,12,,baixa,
captacao-208,Cessão de bens móveis apreendidos,Receita Federal — destinação de mercadorias,R,completa,bronze,0,,baixa,
captacao-128,Destinação de IR pessoa física para Fundo do Idoso,Conanda — Fundo Nacional para a Criança e o Adolescente,R,completa,bronze,0,,baixa,
captacao-119,Destinação de IR pessoa jurídica para Fundo da Criança,Destinação de IR ao Fundo da Criança (via conselhos),R,completa,bronze,0,,baixa,
captacao-129,Destinação de IR pessoa jurídica para Fundo do Idoso,Conanda — Fundo Nacional para a Criança e o Adolescente,R,completa,bronze,0,,baixa,
captacao-230,Fundação ArcelorMittal,Fundação ArcelorMittal,R,completa,bronze,0,,baixa,
captacao-223,Fundação Bradesco,Fundação Bradesco,D,completa,bronze,12,,baixa,
captacao-231,Fundação Vale,Fundação Vale,D,completa,bronze,12,,baixa,
captacao-219,GIFE Mosaico - base de projetos,órgão a localizar,D,completa,bronze,12,,baixa,
captacao-236,Instituto Grupo Boticário,Fundação Grupo Boticário,A,completa,bronze,0,,baixa,
curadoria-008,Instituto Impactarte — cadastro de proponente em fluxo contínuo,Instituto Impactarte,R,completa,bronze,0,,baixa,
captacao-235,Instituto Lojas Renner,Instituto Lojas Renner,A,completa,bronze,0,,baixa,
captacao-232,Instituto Neoenergia,Instituto Neoenergia,A,completa,prata,0,"mar/2027 (prevista: mesmo mês das edições de 2025, 2026)",baixa,
captacao-237,Instituto Sabin,Instituto Sabin,R,completa,prata,0,"jun/2027 (prevista: mesmo mês das edições de 2025, 2026)",baixa,parcial
captacao-233,Instituto Sicoob,Instituto Sicoob,D,completa,bronze,12,,baixa,
captacao-234,Instituto Unibanco,Instituto Unibanco,P,pendente,bronze,6,,baixa,
captacao-229,Instituto Votorantim,Instituto Votorantim,D,completa,bronze,12,,baixa,
captacao-216,Mapa das OSC - área de editais,Mapa das OSC (IPEA),D,completa,bronze,12,,baixa,
captacao-114,Projeto de voluntariado estruturado em assistência,órgão a localizar,D,completa,bronze,12,,baixa,
captacao-215,Prosas - Central de Editais,órgão a localizar,D,completa,bronze,12,,baixa,
captacao-209,Receita Federal - doação de mercadorias apreendidas,Receita Federal — destinação de mercadorias,R,completa,bronze,0,,baixa,
captacao-193,CNJ - política de destinação de penas pecuniárias,CNJ — política de destinação de penas e prestações pecuniárias,D,completa,bronze,12,,baixa,
captacao-061,Formação de árbitros e monitores esportivos,Ministério do Esporte / Comitê Paralímpico,D,completa,bronze,12,,baixa,
captacao-084,Projeto de formação de educadores sociais,órgão a localizar,D,completa,bronze,12,,baixa,
captacao-139,Projeto de fortalecimento de conselhos e controle social,Conanda — Fundo Nacional para a Criança e o Adolescente,V,completa,bronze,0,,baixa,
captacao-044,Projetos aptos à captação na LIE,Lei de Incentivo ao Esporte — projetos aptos,R,completa,bronze,0,,baixa,
captacao-207,Acordo de cooperação sem transferência financeira,Diário Oficial da União — Seção 3 (avisos e editais),P,pendente,bronze,12,,baixa,depende
captacao-176,BNDES Corais - meio ambiente,Diário Oficial da União — Seção 3 (avisos e editais),P,pendente,bronze,4,,baixa,depende
captacao-175,BNDES Periferias - geração de emprego e renda,Diário Oficial da União — Seção 3 (avisos e editais),V,parcial,prata,1,"mar/2027 (prevista: mesmo mês das edições de 2024, 2025, 2026)",baixa,sim
captacao-179,Compensação ambiental e projetos de educação ambiental,Compensação ambiental — Semad/IBAMA,R,completa,bronze,0,,baixa,depende
captacao-137,Conselho da Mulher - projetos de autonomia e proteção,Conanda — Fundo Nacional para a Criança e o Adolescente,P,pendente,bronze,11,,baixa,depende
captacao-136,Conselho de Igualdade Racial - projetos de promoção da igualdade,Conanda — Fundo Nacional para a Criança e o Adolescente,P,pendente,bronze,11,,baixa,depende
captacao-199,Defensoria Pública - parcerias de educação em direitos,Diário Oficial da União — Seção 3 (avisos e editais),P,pendente,bronze,12,,baixa,depende
captacao-060,Escolinha de natação/paradesporto adaptado,Ministério do Esporte / Comitê Paralímpico,R,completa,bronze,0,,baixa,depende
captacao-062,Festival esportivo intergeracional,Conanda — Fundo Nacional para a Criança e o Adolescente,P,pendente,bronze,11,,baixa,depende
captacao-092,MDS - Programa Cisternas / tecnologias sociais de água,Diário Oficial da União — Seção 3 (avisos e editais),P,pendente,bronze,12,,baixa,depende
captacao-093,MDS - Sistemas alimentares circulares,Diário Oficial da União — Seção 3 (avisos e editais),P,pendente,bronze,12,,baixa,depende
captacao-059,Núcleo de corrida/caminhada comunitária,órgão a localizar,D,completa,bronze,0,,baixa,não
captacao-058,Núcleo de futebol de base comunitário,órgão a localizar,D,completa,bronze,0,,baixa,não
captacao-071,Programa Escola em Tempo Integral - articulação com OSC,órgão a localizar,D,completa,bronze,0,,baixa,não
captacao-187,Projeto de acessibilidade cultural/patrimonial,Conanda — Fundo Nacional para a Criança e o Adolescente,P,pendente,prata,11,,baixa,depende
captacao-073,Projeto de alfabetização comunitária de jovens,órgão a localizar,D,completa,bronze,0,,baixa,não
captacao-157,Projeto de apoio a familiares de PCD,Conanda — Fundo Nacional para a Criança e o Adolescente,D,completa,bronze,12,,baixa,
captacao-183,Projeto de arborização e educação ambiental,órgão a localizar,D,completa,bronze,0,,baixa,não
captacao-079,Projeto de clubes de leitura,órgão a localizar,D,completa,bronze,0,,baixa,não
captacao-180,Projeto de coleta seletiva inclusiva,MMA / Fundo Nacional do Meio Ambiente / BNDES,A,completa,prata,0,,baixa,depende
captacao-182,Projeto de compostagem comunitária,MMA / Fundo Nacional do Meio Ambiente / BNDES,R,completa,bronze,0,,baixa,depende
captacao-108,Projeto de convivência e fortalecimento de vínculos,Conanda — Fundo Nacional para a Criança e o Adolescente,P,pendente,bronze,11,,baixa,depende
captacao-132,Projeto de cuidadores e apoio familiar,Conanda — Fundo Nacional para a Criança e o Adolescente,P,pendente,bronze,11,,baixa,depende
captacao-189,Projeto de economia circular com mulheres e jovens,MMA / Fundo Nacional do Meio Ambiente / BNDES,R,completa,bronze,0,,baixa,depende
captacao-085,Projeto de educação financeira comunitária,Conanda — Fundo Nacional para a Criança e o Adolescente,D,completa,bronze,12,,baixa,
captacao-186,Projeto de educação para defesa do consumidor,Conanda — Fundo Nacional para a Criança e o Adolescente,P,pendente,prata,11,,baixa,depende
captacao-086,Projeto de educação para direitos humanos,Conanda — Fundo Nacional para a Criança e o Adolescente,D,completa,bronze,12,,baixa,
captacao-156,Projeto de formação de cuidadores,Conanda — Fundo Nacional para a Criança e o Adolescente,P,pendente,bronze,11,,baixa,depende
captacao-181,Projeto de horta comunitária urbana,MMA / Fundo Nacional do Meio Ambiente / BNDES,R,completa,bronze,0,,baixa,depende
captacao-088,Projeto de inclusão de estudantes com deficiência,órgão a localizar,D,completa,bronze,0,,baixa,não
captacao-052,Projeto de inclusão pelo paradesporto,Ministério do Esporte / Comitê Paralímpico,R,completa,bronze,0,,baixa,depende
captacao-076,Projeto de laboratório maker social,órgão a localizar,D,completa,bronze,0,,baixa,não
captacao-184,Projeto de recuperação de nascente urbana,MMA / Fundo Nacional do Meio Ambiente / BNDES,R,completa,bronze,0,,baixa,depende
captacao-185,Projeto de resíduos eletrônicos,Conanda — Fundo Nacional para a Criança e o Adolescente,P,pendente,bronze,11,,baixa,depende
captacao-083,Projeto de robótica educacional comunitária,órgão a localizar,P,pendente,bronze,12,,baixa,depende
captacao-164,Projeto de saúde para população em vulnerabilidade,órgão a localizar,P,pendente,bronze,12,,baixa,depende
captacao-161,Projeto de vacinação/campanhas educativas de apoio,órgão a localizar,P,pendente,bronze,12,,baixa,depende
captacao-211,TCE-GO - exigências de certidão para captação,órgão a localizar,D,completa,bronze,0,,baixa,não
captacao-210,Tribunal de Contas - capacitação e controle para OSC,CNJ — política de destinação de penas e prestações pecuniárias,P,pendente,bronze,12,,baixa,depende
captacao-213,Universidade pública - projeto de extensão com OSC,Diário Oficial da União — Seção 3 (avisos e editais),P,pendente,bronze,12,,baixa,depende
op-4d6ae06a4182,"(UO) ESP-CIA.PTA DE TRENS METROPS-CPTM — Credenciamento de associações e/ou cooperativas de catadores de materiais recicláveis para coleta, transporte, fragment",(UO) ESP-CIA.PTA DE TRENS METROPS-CPTM,V,parcial,bronze,2,,baixa,depende
op-2ec22589c325,"1.1. Constitui objeto do presente edital o credenciamento de Instituições reconhecidas como Organizações da Sociedade Civil (OSC), nos moldes definidos pela Lei Federal nº 13.019/2",,R,completa,bronze,0,,baixa,depende
op-feb883b9f15a,12ª edição do Prêmio Fundação Banco do Brasil de Tecnologia Social recebe inscrições,ABCR — Associação Brasileira de Captadores,A,parcial,prata,4,"out/2027 (prevista, a confirmar)",baixa,sim
op-15f93ac59626,"15º Edital de Projetos Fundação Aperam Acesita – Social 2026 Fundação Aperam Acesita Aceita:   organizações da sociedade civil, outros perfis Prazo:  04/10/2026",Piloto - Espião — busca aberta no terceiro setor,V,completa,bronze,0,"Edital 2027 provável no 2º semestre, não confirmado",baixa,depende
op-6861dcfbfd9e,16º Edital Ceará de Cinema e Audiovisual - Modalidade 2 - Roteiro - Núcleos Criativos,Mapa Cultural do Ceará,P,pendente,bronze,12,,baixa,
op-c73ce129d288,1ª Edição do Prêmio Goiás mais Transparente - Transparência Goiás,,A,completa,bronze,0,,baixa,depende
op-0b0edf798844,1º CISCO CULTURAL | DIVERSAS ÁREAS CULTURAIS | IBIASSUCÊ-BA,,A,completa,bronze,0,,baixa,não
op-b8513b87a973,1º EDITAL DE CHAMAMENTO PÚBLICO PARA REALIZAÇÃO DO PROGRAMA DE ARTE E CULTURA DIGITAL NO CEARÁ,,V,completa,bronze,0,,baixa,sim
op-81d969c2909f,1º EDITAL DE CIRCULAÇÃO E INTERCÂMBIO CULTURAL,,D,completa,bronze,0,,baixa,depende
op-9d2f85d99a8f,2 Escuta Zona Oeste,Mapa Cultural,D,completa,bronze,0,,baixa,não
op-3ccf31d1eba4,2027 A4 Residency Art Center International Residency Program launch,Res Artis (rede de residências),D,completa,bronze,0,,baixa,não
op-126f0019d398,2ª EDIÇÃO - EDITAL DE SELEÇÃO CULTURA VIVA - FOMENTO À REDE DE PONTÕES CULTURA VIVA,,V,completa,bronze,0,,baixa,sim
op-ea36e22bfad5,2ª Edição do Programa Evoluir 2024,,A,completa,bronze,0,,baixa,sim
op-74b1b79a093c,2ª Mapeamento Nacional de Trancistas Negras,Mapa Cultural,D,completa,bronze,0,,baixa,não
op-836b9ea2f8a5,2º Edital conjunto Raízes e Labora,Fundo Brasil de Direitos Humanos,A,completa,ouro,0,"mar/2027 (prevista: mesmo mês das edições de 2025, 2026)",média,sim
op-bfd14031a75e,2º PRÊMIO CULTURA VIVA | PONTOS DE CULTURA | IBIASSUCÊ-BA,,A,completa,bronze,0,,baixa,depende
op-59e8b1891642,2º PRÊMIO TRAJETÓRIAS CULTURAIS | QUADRILHAS JUNINAS | IBIASSUCÊ-BA,,A,completa,bronze,0,,baixa,depende
op-4f629f4cfe25,5º Edital de Apoio à Filantropia Comunitária seleciona 25 campanhas para o Dia de Doar 2025,ABCR — Associação Brasileira de Captadores,A,parcial,bronze,6,,baixa,depende
op-251b74f7ad26,6º Edital Educação com Cidadania,Instituto Chamex,A,parcial,prata,3,7º edital: provável início de 2027 (prevista),baixa,sim
op-d0c4ee4dcc33,A AIPÊ está com inscrições abertas para a chamada pública de Soluções Socioambientais para Centros Urbanos,,A,completa,bronze,0,,baixa,não
op-91ac86f3457d,A AIPÊ – Aliança pela Inclusão Produtiva lança duas novas chamadas públicas.,,A,completa,bronze,0,,baixa,sim
op-a96ccf0222d7,A Agência do Bem abriu inscrições para o 6º Edital de Microprojetos - São Paulo da Rede do Bem. A oportunidade é para organizações do  terceiro   setor  na Regi,Motor do Piloto — busca aberta no terceiro setor,A,completa,bronze,0,,baixa,depende
op-cd3e42b07025,"A contratação, por meio de procedimento de credenciamento público, de artistas solo, bandas e grupos musicais… — MUNICIPIO DE ITATIAIA",MUNICIPIO DE ITATIAIA,D,completa,bronze,0,,baixa,não
op-cdb2845c3a6c,A desFrutada #05 - quem tem medo da cultura woke?.,,D,completa,bronze,0,,baixa,não
op-ff6d0df35e5a,"APOIO FINANCEIRO O  edital  destinou apoio financeiro a propostas de  organizações   da   sociedade   civil , conforme as seguintes condições: recursos totais d",Motor do Piloto — busca aberta no terceiro setor,A,completa,bronze,0,,baixa,sim
op-59dd4bc4fd2e,"ARACAJU CAMARA MUNICIPAL — ESTE EDITAL DISPÕE SOBRE AS NORMAS, PROCEDIMENTOS E PRAZOS PARA PARTICIPAÇÃO NA 9ª EDIÇÃO DO PRÊMIO DE POESIA GOVERNADOR MARCELO DÉDA",ARACAJU CAMARA MUNICIPAL,D,completa,bronze,0,,baixa,não
op-64411f565ef0,AVISO DE CHAMADA PÚBLICA Nº 164/2026,Campus Itaquaquecetuba,D,completa,bronze,0,,baixa,depende
op-18068c35a3d4,AVISO DE CHAMADA PÚBLICA Nº 40/2026,,R,completa,bronze,0,,baixa,não
op-bf4c3af441cc,AVISO DE CHAMADA PÚBLICA Nº 5/2026,FUNDO MUNICIPAL DE SAÚDE DE CERES,P,pendente,bronze,9,,baixa,depende
op-56891c74d195,AVISO DE CHAMADA PÚBLICA Nº 7/2026,Grupo Hospitalar Conceição,D,completa,bronze,0,,baixa,não
op-0403745d544b,AVISO DE CHAMAMENTO PÚBLICO Nº 2/2026 - CP,,R,parcial,bronze,6,,baixa,não
op-d60154d3e2fd,AVISO DE CHAMAMENTO PÚBLICO Nº 848/2026,Serviço Federal de Processamento de Dados,D,completa,bronze,0,,baixa,não
op-f924528660ef,AVISO DE CREDENCIAMENTO Nº 2/2026,Conselho de Arquitetura e Urbanismo do Brasil,D,completa,bronze,0,,baixa,não
op-724418ad6275,AVISO DE CREDENCIAMENTO Nº 3/2026,,P,pendente,bronze,12,,baixa,não
op-ac70c8d73581,AVISO DE SELEÇÃO PÚBLICA Nº 4/2026,"Fundação de Apoio à Cultura, Ensino, Pesquisa e Extensão de Alfenas",D,completa,bronze,0,,baixa,não
op-37df2d414526,Abertas as inscrições para descobrir os principais desafios para o turismo em áreas naturais no Brasil,,A,completa,bronze,0,,baixa,depende
op-c5d3c87ef6fb,About Us - BNDES Investor Relations,,D,completa,bronze,12,,baixa,
op-a2f98d3f2546,Abre la convocatoria para el Premio Iberoamericano de Danza: un reconocimiento a la trayectoria colectiva y la cooperación regional,Iberescena,A,parcial,bronze,2,,baixa,depende
op-c9939f6f57e3,Accueils Studio — residência de criação em dança,Centre Chorégraphique National de Caen en Normandie,R,parcial,bronze,2,,baixa,não
op-ad360c988bb1,"Acesse a lista de projetos inscritos no edital, divulgada em 30.09.2026 (PDF - 52 kB)",BNDES Corais - meio ambiente,P,pendente,bronze,12,,baixa,depende
op-9902f3723ad9,Acesse aqui o formulário e os documentos do edital,Piloto - Espião — busca aberta no terceiro setor,A,completa,bronze,0,,baixa,depende
op-d06887a0efce,Aesthetica Art Prize 2026 — £10 mil para artistas de qualquer disciplina (Reino Unido),Aesthetica Magazine,D,completa,bronze,0,,baixa,não
op-995f372750c8,Agência Nacional de Assistência Técnica e Extensão Rural — AVISO DE SELEÇÃO PÚBLICA,Agência Nacional de Assistência Técnica e Extensão Rural,V,completa,bronze,0,,baixa,não
op-8741c4d40e87,Ambev VOA 2026,Ambev,A,completa,bronze,0,prevista: mai–jun 2027,baixa,depende
op-3f5241a15743,"Ambev abre edital de até R$ 67 milhões para projetos culturais e esportivos em todo o Brasil Observatório 3º Setor (fonte) R$ 67,0 mi Aceita:   organizações da ",Piloto - Espião — busca aberta no terceiro setor,V,completa,prata,0,,baixa,"sim, com ressalva"
op-1aa878592994,Anápolis — Fundo Municipal de Cultura recebe inscrições até domingo (19) — Goiás / Anápolis,Prefeitura de Anápolis,A,completa,prata,0,,baixa,depende
op-f0664c0352d1,Anápolis — Prefeitura lança editais da Lei Aldir Blanc para o setor cultural — Goiás / Anápolis,Governo Federal,D,completa,bronze,3,,baixa,Possível (entidades culturais)
op-d7fb4df63b1c,Aparecida de Goiânia — Diário Oficial de Aparecida de Goiânia — edição (2026-09-23) — chamamento público,Prefeitura de Aparecida de Goiânia,D,completa,bronze,0,,baixa,não
op-21cbbdb87e6b,Aparecida de Goiânia — Diário Oficial de Aparecida de Goiânia — edição (2026-09-24) — chamamento público,Município de Aparecida de Goiânia,D,completa,bronze,0,,baixa,não
op-f9e4bc1fb06c,Aparecida de Goiânia — Diário Oficial de Aparecida de Goiânia — edição (2026-09-29) — chamamento público,Município de Aparecida de Goiânia,D,completa,bronze,0,,baixa,não
op-c03ac83c936b,Apoio Emergencial Defensores de Direitos Humanos,Fundo Brasil de Direitos Humanos,R,completa,bronze,0,,baixa,depende
op-96048ef203d7,Apoio a ações comunitárias frente aos incêndios florestais,"Fundo Casa Socioambiental (apoio: Instituto Itaúsa, Bem-Te-Vi Diversidade, Lush Cosmetics)",A,completa,prata,0,"set/2027 (prevista: mesmo mês das edições de 2023, 2024, 2026)",média,sim
op-7346710e2293,Applying for an UNDEF project grant and selection process | Democracy Fund,UNDEF,A,completa,prata,0,"fev/2027 (prevista, sem confirmação)",média,depende
op-b07dd3466cf4,Arquivos fundo de fomento à filantropia | IDISIDIS,,D,completa,bronze,0,,baixa,não
op-dfc25174ff92,Arrecadação de penas pecuniárias irá para projetos sociais,Conselho Nacional de Justiça (republicação),R,completa,bronze,0,,baixa,depende
op-ee56b31416f1,Ars Biologica — Residência Arte-Ciência (Ars Electronica / České Budějovice 2028) | FAROL,,A,completa,bronze,0,,baixa,
op-4a548ca5762f,Art & Environment Prize — Lee Ufan Arles + Maison Guerlain,Lee Ufan Arles / Maison Guerlain,D,completa,bronze,0,,baixa,não
op-48369fa6ce4d,Art Explora – Cité internationale des arts Residency programme 2027,TransArtists / DutchCulture,D,completa,bronze,0,,baixa,não
op-bb9b578afca4,"Art Omi 2027: Architecture, Artists, Dance, Music",,V,completa,bronze,0,,baixa,
op-09fee20fa3c4,Arte-educador(a) com atuação em contação de histórias e educação antirracista,,D,completa,bronze,0,,baixa,não
op-83fd629ad336,Artistas e investigadores podem candidatar-se às Bolsas Fundação Camargo 2027-2028,,R,completa,bronze,0,,baixa,não
op-124d3e34e79a,"Artistas, designers e criativos podem candidatar-se à Residência Ars Biologica ArtXScience (Áustria e República Checa) | FAROL",,A,completa,bronze,0,,baixa,
op-1121912b4377,Associação de Pais e Amigos dos Excepcionais de Lucas do Rio Verde — Fundação Cargill anuncia os 10 projetos selecionados na 4ª edição da Chamada Nutrindo Soluções Locais,Associação de Pais e Amigos dos Excepcionais de Lucas do Rio Verde,A,parcial,ouro,4,"jun/2027 (prevista: mesmo mês das edições de 2024, 2025, 2026)",baixa,depende
op-ffb7d2405071,Aulas de Capoeira Gratuitas,,D,completa,bronze,0,,baixa,não
op-2eee4533a658,Aviso de Chamada Pública Nº 14.009/2026-CHP,,D,completa,bronze,0,,baixa,não
op-92b21afe6127,"Aviso de Chamada Pública Nº 36/2026 – Captação de Doações de Insumos e Animais para Projeto de Ensino, Pesquisa e Extensão",Campus Teixeira de Freitas,D,completa,bronze,0,,baixa,não
op-c2021bc7d737,Aviso de Chamada Pública Nº 7/2026 – IFSP Campus Miracatu,"Instituto Federal de Educação, Ciência e Tecnologia de São Paulo",D,completa,bronze,12,,baixa,não
op-163ef8cb4751,Aviso de Chamada Pública nº 030/2026 – Credenciamento de Exames por Imagens,,D,completa,bronze,0,,baixa,não
op-6c733d026349,Aviso de Chamamento Público Nº 1/2026,CAM,D,completa,bronze,0,,baixa,depende
op-81adbdccc156,Aviso de Chamamento Público Nº 180/2026 – Credenciamento,A,P,pendente,bronze,12,,baixa,não
op-7a7ba312d8d3,Aviso de Chamamento Público Nº 2/2026,Conselho Regional de Biomedicina da 4ª Região,R,completa,bronze,0,,baixa,depende
op-7ff03af83350,Aviso de Chamamento Público Nº 76/2026,,D,completa,bronze,0,,baixa,não
op-eb990e66f5a2,Aviso de Chamamento Público nº 1/2026,,A,completa,bronze,0,,baixa,sim
op-f74845f93aa4,Aviso de Chamamento Público – Editais de Fomento à Cultura,Prefeitura Municipal de Morrinhos,P,pendente,bronze,12,,baixa,depende
op-129c40f4474d,Aviso de Chamamento Público – Processo de Seleção com Disputa Aberta pelo Procedimento Remoto N° 69/2026,,D,completa,bronze,0,,baixa,não
op-25e8a3026d4d,Aviso do Chamamento Público Nº 3/2026,Instituto Brasileiro do Meio Ambiente e dos Recursos Naturais Renováveis,V,completa,bronze,0,,baixa,depende
op-76dda448f242,BBA 360 Exhibition — competição digital de artes,BBA Gallery,D,completa,bronze,0,,baixa,não
op-22d736186814,BNDES - Brazilian Development Bank,,D,completa,bronze,12,,baixa,
op-a49e33f77f56,BNDES - O banco nacional do desenvolvimento,,D,completa,bronze,12,,baixa,
op-6b1a7c45cab4,BNDES - Portal do Cliente,,D,completa,bronze,12,,baixa,
op-eafeaff82492,BNDES Crédito Pequenas e Médias Empresas,,D,completa,bronze,12,,baixa,
op-a5d132e4a4c4,BNDES Data,,D,completa,bronze,0,,baixa,não
op-2fe4d5ad7972,BNDES Periferias em Rede – Chamada Permanente do Fundo Socioambiental (6º ciclo),BNDES,V,parcial,bronze,1,confirmada: 18/08/2026 a 04/12/2026,média,sim
op-9b1d2dfcbd4e,BNDES abre chamada para apoiar projetos de organizações periféricas em todo o país,BNDES,V,completa,bronze,0,,baixa,
op-93ca37655d0d,BNDES abre edital de R$ 35 milhões para fortalecer organizações sociais do Norte e Nordeste,,A,completa,bronze,0,,baixa,não
op-7b8b20999b37,BNDES abre edital de até R$ 15 milhões para projetos voltados à infância e adolescência,,P,pendente,bronze,11,,baixa,depende
op-851f7df4e7ed,BNDES abre inscrições para apoiar projetos de até R$ 2 milhões em periferias,,V,completa,prata,0,"jun/2027 (prevista: mesmo mês das edições de 2024, 2025, 2026)",baixa,depende
op-602ab2f5b5fc,BNDES — Edital de Cinema 2026 (Seleção Pública de Patrocínio Cultural 01/2026),BNDES,A,completa,bronze,0,Edital 2027 sem confirmação,baixa,depende
op-8fd282cef617,BONDE abre edital para formar lideranças climáticas com apoio de até R$ 10 mil,,D,completa,bronze,0,,baixa,não
op-4337894a9966,"Banco do Nordeste abre inscrições para editais sociais com aportes de até R$ 1,5 milhão por projeto",,A,parcial,bronze,6,,baixa,depende
op-d9f0876ee6d1,Batalha de rima do jacaré,,D,completa,bronze,0,,baixa,depende
op-b4a7d340c0d6,BigCi Environmental Awards 2026,BigCi — Bilpin international ground for Creative initiatives,D,completa,bronze,0,,baixa,não
op-0284907fba29,Bolsa Complementar Alcance,"Fundação Lemann, com apoio do Fundo Baobá para Equidade Racial",D,completa,bronze,0,,baixa,não
op-0baadd18391d,Bolsa de Investigação Magaly Muguercia 2025-2027,Funarte,D,completa,bronze,0,,baixa,não
op-97ce2ac07fac,Bolsa de Trabalho para Artistas Visuais de Berlim 2027,Senatsverwaltung für Kultur und Gesellschaftlichen Zusammenhalt,D,completa,bronze,0,,baixa,não
op-d647fe01da50,Bolsa-residência Emsländische Landschaft,Emsländische Landschaft e.V.,D,completa,bronze,0,,baixa,não
op-5aaafc878a3d,Bolsas DAAD — Programa Helmut Schmidt de mestrado,DAAD — Serviço Alemão de Intercâmbio Acadêmico,D,completa,bronze,0,,baixa,não
op-817af71f13e0,Braunschweig Projects 2027/2028,,V,completa,bronze,0,,baixa,
op-2e6ff4575e8c,"CAIS Fellowships — pesquisa sobre transformação digital (Bochum, Alemanha)",Center for Advanced Internet Studies (CAIS),D,completa,bronze,0,,baixa,não
op-7f7071ecf424,CHAMADA PÚBLICA PARA CREDENCIAMENTO DE OFICINEIROS PARA MINISTRAR AULAS NAS TURMAS DE ETI – ESCOLA EM TEMPO… — MUNICIPIO DE ELOI MENDES,MUNICIPIO DE ELOI MENDES,D,completa,bronze,0,,baixa,não
op-61fcf2102160,"CHAMAMENTO DE INTERESSADOS PARA CREDENCIAMENTO, A FIM DE CONTRATAÇÃO DE OBJETO DE CREDENCIAMENTO DE ARTISTAS… — MUNICIPIO DE SAO JOSE DO CEDRO",MUNICIPIO DE SAO JOSE DO CEDRO,D,completa,bronze,0,,baixa,não
op-8f289b3d5dc3,CHAMAMENTO PUBLICO DE ARTESAO E CULINARISTA PARA REALIZAR EXPOSICAO E COMERCIALIZACAO DE SEUS PRODUTOS EM… — MUNICIPIO DE PORTO FELIZ,MUNICIPIO DE PORTO FELIZ,D,completa,bronze,0,,baixa,não
op-871716fe0305,"CHAMAMENTO PÚBLICO VISANDO CELEBRAR TERMO DE COLABORAÇÃO COM ORGANIZAÇÕES DA SOCIEDADE CIVIL (OSC) PARA, EM… — MUNICIPIO DE PIRENOPOLIS",MUNICIPIO DE PIRENOPOLIS,V,parcial,prata,4,,baixa,sim
op-24fdc5889aab,CHAMAMENTO PÚBLICO para o CREDENCIAMENTO DE PROPOSTAS DE ARTISTAS E FAZEDORES DE CULTURA PARA COMPOR A… — FUNDACAO EDUCACIONAL E CULTURAL DE CARAGUATATUBA,FUNDACAO EDUCACIONAL E CULTURAL DE CARAGUATATUBA,D,completa,bronze,0,,baixa,não
op-40dc2e1b7719,"CHAMAMENTO PÚBLICO para o Credenciamento de artistas, grupos culturais, nos variados estilos, bem como outros… — MUNICIPIO DE INHAMBUPE",MUNICIPIO DE INHAMBUPE,D,completa,bronze,0,,baixa,não
op-94bc0e79405c,"COMANDO DA AERONAUTICA — Habilitação de associação ou cooperativa, para estabelecimento de Termo de Compromisso para coleta seletiva solidária de resíduos recic",COMANDO DA AERONAUTICA,V,parcial,bronze,2,,baixa,depende
op-b2008e34275c,"COMPANHIA DE PESQUISA DE RECURSOS MINERAIS — Programa de Aprendizagem, com dois Jovens Aprendizes, para atuação junto à Companhia de Pesquisa de Recursos Minera",COMPANHIA DE PESQUISA DE RECURSOS MINERAIS,D,completa,bronze,0,,baixa,não
op-0f80746cf4b3,"COMPANHIA NACIONAL DE ABASTECIMENTO — Contratação de entidade sem fins lucrativos, inscrita e aprovada no Cadastro Nacional de Aprendizagem, com capacidade técn",COMPANHIA NACIONAL DE ABASTECIMENTO,D,completa,bronze,0,,baixa,não
op-5b43947af175,"CONCURSO, do tipo Melhor Conteúdo Artístico – 5º Concurso Fotográfico de Linha Nova, com o tema “Linha Nova:… — MUNICIPIO DE LINHA NOVA",MUNICIPIO DE LINHA NOVA,D,completa,bronze,0,,baixa,não
op-06c1b2360f31,"CONSELHO DE ARQUITETURA E URBANISMO DO ESTADO DE MINAS GERAIS — O concurso PRÊMIO DE BOAS PRÁTICAS URBANAS: AMBIENTAL, SANEAMENTO E SOCIAL - 2026, visa a seleçã",CONSELHO DE ARQUITETURA E URBANISMO DO ESTADO DE MINAS GERAIS,D,completa,bronze,0,,baixa,não
op-4b499e8906e4,CONSIRC - CONSORCIO PUBLICO INTERMUNICIPAL DE SAUDE DA REGIAO DE CATANDUVA — CREDENCIAMENTO DE PESSOA(S) JURÍDICA(S) OU PESSOA(S) FÍSICA(S) PARA PRESTAÇÃO DE SE,CONSIRC - CONSORCIO PUBLICO INTERMUNICIPAL DE SAUDE DA REGIAO DE CATANDUVA,D,completa,bronze,0,,baixa,não
op-a722a524962a,CONSORCIO INTERMUNICIPAL DE SAUDE DO ENTORNO DE SALINAS — [Portal de Compras Públicas] - Credenciamento de entidades sem fins lucrativos especializadas na execu,CONSORCIO INTERMUNICIPAL DE SAUDE DO ENTORNO DE SALINAS,V,parcial,bronze,1,,baixa,depende
op-4ed89a6949db,CONSORCIO INTERMUNICIPAL DE SAUDE ENTRE OS VALES DO MUCURI E JEQUITINHONHA — CREDENCIAMENTO DE ENTIDADES SEM FINS LUCRATIVOS ESPECIALIZADAS NA EXECUÇÃO DE AÇÕES,CONSORCIO INTERMUNICIPAL DE SAUDE ENTRE OS VALES DO MUCURI E JEQUITINHONHA,V,completa,bronze,0,,baixa,depende
op-8bd6084d832b,"CONSORCIO INTERMUNICIPAL MULTIFINALITARIO DA REGIAO DA AMFRI - CIM-AMFRI — CHAMAMENTO PÚBLICO, para CREDENCIAMENTO ELETRÔNICO de pessoas jurídicas para a presta",CONSORCIO INTERMUNICIPAL MULTIFINALITARIO DA REGIAO DA AMFRI - CIM-AMFRI,D,completa,bronze,0,,baixa,não
op-4f1d427f9d9d,CONSORCIO MULTIFINALITARIO DO BAIXO JEQUITINHONHA — Credenciamento de entidades sem fins lucrativos especializadas na execução de ações itinerantes de saúde med,CONSORCIO MULTIFINALITARIO DO BAIXO JEQUITINHONHA,V,completa,bronze,0,,baixa,depende
op-c1e9943dc4f4,"CONTRATAÇÃO DE ARTISTAS (INDIVIDUAIS OU GRUPOS), BANDAS, DJ’S, LOCUTORES, LOCAÇÃO DE EQUIPAMENTOS E GRUPOS… — MUNICIPIO DE CHAPADA GAUCHA",MUNICIPIO DE CHAPADA GAUCHA,D,completa,bronze,0,,baixa,não
op-af754412e97a,CONTRATAÇÃO DE ARTISTAS DE RENOME LOCAL E/OU REGIONAL PARA APRESENTAÇÕES MUSICAIS DURANTE O CALENDÁRIO DAS… — MUNICIPIO DE LONTRA,MUNICIPIO DE LONTRA,D,completa,bronze,0,,baixa,não
op-f169d35b6065,CONTRATAÇÃO DE ARTISTAS LOCAIS E REGIONAIS PARA APRESENTAÇÕES ARTÍSTICAS E CULTURAIS REMUNERADA A HORA POR… — MUNICIPIO DE ALVARENGA,MUNICIPIO DE ALVARENGA,D,completa,bronze,0,,baixa,não
op-77f50e469b07,"CONTRATAÇÃO DE GRUPOS MUSICAIS, ARTISTAS OU BANDAS LOCAIS COM O OBJETIVO DE REALIZAREM APRESENTAÇÕES EM… — MUNICIPIO DE JANDAIRA",MUNICIPIO DE JANDAIRA,D,completa,bronze,0,,baixa,não
op-75c21dd75ec7,"CONTRATAÇÃO DE SHOWS ARTÍSTICOS ( BANDAS E/OU ARTISTAS) PARA APRESENTAÇÕES MUSICAIS, EM DIFERENTES ESTILOS… — MUNICIPIO DE IBIRACATU",MUNICIPIO DE IBIRACATU,D,completa,bronze,0,,baixa,não
op-de6a74119318,"CREDENCIAMENTO ARTISTAS, BANDAS, GRUPOS MUSICAIS E ARTÍSTICOS, NOS VARIADOS ESTILOS PARA POSSÍVEIS E FUTURAS… — MUNICIPIO DE IPIAU",MUNICIPIO DE IPIAU,D,completa,bronze,0,,baixa,não
op-ed89a9b88531,CREDENCIAMENTO DE ARTISTA SOLOBANDASGRUPOSDUPLASTRIOSARTISTA SOLO 1.1 E ARTISTA VOZ E VIOLÃO EM DIFERENTES… — MUNICIPIO DE BOCAIUVA,MUNICIPIO DE BOCAIUVA,D,completa,bronze,0,,baixa,não
op-cde279556a57,CREDENCIAMENTO DE ARTISTAS DE VIANA CICLO 2,,D,completa,bronze,0,,baixa,não
op-086421c75e5b,"CREDENCIAMENTO DE ARTISTAS E/OU BANDAS MUSICAIS PARA REALIZAÇÃO DE APRESENTAÇÕES MUSICAIS AO VIVO, VISANDO… — MUNICIPIO DE PIUMHI",MUNICIPIO DE PIUMHI,D,completa,bronze,0,,baixa,não
op-d20b9e1bcaff,"CREDENCIAMENTO DE ARTISTAS INDIVIDUAIS E/OU COLETIVOS, BANDAS MUSICAIS, MESTRAS E MESTRES, GRUPOS CULTURAIS E… — MUNICIPIO DE GOIANA",MUNICIPIO DE GOIANA,D,completa,bronze,0,,baixa,não
op-c8e9140b5be0,"CREDENCIAMENTO DE ARTISTAS INDIVIDUAIS, DUPLAS OU GRUPOS MUSICAIS LOCAIS, COM A FINALIDADE DE INTEGRAR A… — MUNICIPIO DE RIBEIRA DO AMPARO",MUNICIPIO DE RIBEIRA DO AMPARO,D,completa,bronze,0,,baixa,não
op-9d9eb6203b16,"CREDENCIAMENTO DE ARTISTAS INDIVIDUAIS, GRUPOS CULTURAIS, GRUPOS MUSICAIS E GRUPOS DIVERSOS, INTERESSADOS EM… — MUNICIPIO DE CHA GRANDE",MUNICIPIO DE CHA GRANDE,D,completa,bronze,0,,baixa,não
op-e1d3c54e8af2,CREDENCIAMENTO DE ARTISTAS LOCAIS E REGIONAIS — MUNICIPIO DE TENENTE LAURENTINO CRUZ,MUNICIPIO DE TENENTE LAURENTINO CRUZ,D,completa,bronze,0,,baixa,não
op-e9cf17136509,"CREDENCIAMENTO DE ARTISTAS LOCAIS E/OU REGIONAIS PARA PRODUÇÃO MUSICAL, ARTÍSTICA E CULTURAL QUE INTEGRE A… — MUNICIPIO DE OURICURI",MUNICIPIO DE OURICURI,D,completa,bronze,0,,baixa,não
op-75f57f9f52c6,CREDENCIAMENTO DE ARTISTAS LOCAIS PARA PARTICIPAÇÃO NOS EVENTOS E FESTIVIDADES PREVISTOS NO CALENDÁRIO ANUAL… — MUNICIPIO DE VARRE-SAI,MUNICIPIO DE VARRE-SAI,D,completa,bronze,0,,baixa,não
op-ebab83bc078b,"CREDENCIAMENTO DE ARTISTAS LOCAIS, A FIM DE POSSIBILITAR CONTRATAÇÕES FUTURAS AO MUNICÍPIO DOS SERVIÇOS DE… — MUNICIPIO DE FORMIGA",MUNICIPIO DE FORMIGA,D,completa,bronze,0,,baixa,não
op-d0d78bef7578,"CREDENCIAMENTO DE ARTISTAS LOCAIS, COM FINALIDADE DE PROMOVER APRESENTAÇÕES NOS EVENTOS REALIZADOS NA SEDE… — MUNICIPIO DE MINAS NOVAS",MUNICIPIO DE MINAS NOVAS,D,completa,bronze,0,,baixa,não
op-aa52a1f4d990,"CREDENCIAMENTO DE ARTISTAS LOCAIS, PARA FUTURA E EVENTUAL CONTRATAÇÃO DE APRESENTAÇÕES MUSICAIS DO GÊNERO… — MUNICIPIO DE NINHEIRA",MUNICIPIO DE NINHEIRA,D,completa,bronze,0,,baixa,não
op-bfe369817103,CREDENCIAMENTO DE ARTISTAS LOCAIS/REGIONAIS PARA APRESENTAÇÃO DE SHOWS MUSICAIS NAS FESTIVIDADES E EVENTOS… — MUNICIPIO DE FRANCISCO SA,MUNICIPIO DE FRANCISCO SA,D,completa,bronze,0,,baixa,não
op-481a3b3bdea6,"CREDENCIAMENTO DE ARTISTAS NAS SEGUINTES CATEGORIAS: CANTOR SOLO, BANDA, DJ E LOCUTOR DE EVENTOS, PARA… — MUNICIPIO DE SAO MIGUEL DO ANTA",MUNICIPIO DE SAO MIGUEL DO ANTA,D,completa,bronze,0,,baixa,não
op-e58c39895a99,CREDENCIAMENTO DE ARTISTAS OU BANDAS DO SEGMENTOS MUSICAL PARA ATENDER OS EVENTOS OFICIAIS DO MUNICIPIO DE… — MUNICIPIO DE RIO LARGO,MUNICIPIO DE RIO LARGO,D,completa,bronze,0,,baixa,não
op-89fca84cbfa5,CREDENCIAMENTO DE ARTISTAS PARA A CARAVANA DA CULTURA 2026/2027 — MUNICIPIO DE VITORIA DA CONQUISTA,MUNICIPIO DE VITORIA DA CONQUISTA,D,completa,bronze,0,,baixa,não
op-2a4dd855d5ed,CREDENCIAMENTO DE ARTISTAS REGIONAIS PARA PRESTAÇÃO DE SERVIÇOS ARTÍSTICOS CONFORME NECESSIDADE DA PREFEITURA… — MUNICIPIO DE GOIAS,MUNICIPIO DE GOIAS,D,completa,bronze,0,,baixa,não
op-8267bba8ae4c,CREDENCIAMENTO DE ARTISTAS — MUNICIPIO DE GUARUJA,MUNICIPIO DE GUARUJA,D,completa,bronze,0,,baixa,não
op-f683c942a64e,"CREDENCIAMENTO DE ARTISTAS, BANDAS E GRUPOS MUSICAIS, DE VARIADOS ESTILOS, PARA APRESENTAÇÕES ARTÍSTICAS EM… — MUNICIPIO DE VERDELANDIA",MUNICIPIO DE VERDELANDIA,D,completa,bronze,0,,baixa,não
op-48bed3d9211f,"CREDENCIAMENTO DE ARTISTAS, BANDAS OU GRUPOS MUSICAIS AMADORES, DE RENOME LOCAL E REGIONAL, E BANDAS DE… — MUNICIPIO DE FELICIO DOS SANTOS",MUNICIPIO DE FELICIO DOS SANTOS,D,completa,bronze,0,,baixa,não
op-c33bb4f88401,"CREDENCIAMENTO DE ARTISTAS, BANDAS, DJS E GRUPOS CULTURAIS — MUNICIPIO DE PRESIDENTE BERNARDES",MUNICIPIO DE PRESIDENTE BERNARDES,D,completa,bronze,0,,baixa,não
op-cdcf9ffb2703,"CREDENCIAMENTO DE ARTISTAS, BANDAS, GRUPOS MUSICAIS E ATRAÇÕES ARTÍSTICAS DE DIVERSOS ESTILOS PARA FUTURAS… — MUNICIPIO DE AURELINO LEAL",MUNICIPIO DE AURELINO LEAL,D,completa,bronze,0,,baixa,não
op-8711d8f2380e,"CREDENCIAMENTO DE ARTISTAS, BANDAS, GRUPOS MUSICAIS NOS VARIADOS ESTILOS PARA POSSÍVEIS E FUTURAS… — MUNICIPIO DE ITAJAI",MUNICIPIO DE ITAJAI,D,completa,bronze,0,,baixa,não
op-ab777ebee256,"CREDENCIAMENTO DE ARTISTAS, BANDAS, GRUPOS MUSICAIS, GRUPOS DE DANÇA E FANFARRAS NOS VARIADOS ESTILOS PARA… — MUNICIPIO DE CORRENTINA",MUNICIPIO DE CORRENTINA,D,completa,bronze,0,,baixa,não
op-11357518d057,"CREDENCIAMENTO DE ARTISTAS, CANTORES, DUPLAS, BANDAS, GRUPOS MUSICAIS, DJS, LOCUTORES/APRESENTADORES, MESTRES… — MUNICIPIO DE PASSABEM",MUNICIPIO DE PASSABEM,D,completa,bronze,0,,baixa,não
op-35951d75eea9,"CREDENCIAMENTO DE ARTISTAS, DJS, DUPLAS E BANDAS PARA REALIZAÇÃO DE APRESENTAÇÕES ARTÍSTICAS EM EVENTOS… — MUNICIPIO DE URUANA DE MINAS",MUNICIPIO DE URUANA DE MINAS,D,completa,bronze,0,,baixa,não
op-8fedcdb06452,"CREDENCIAMENTO DE ARTISTAS, GRUPOS CULTURAIS E BANDAS MUSICAIS, NOS VARIADOS ESTILOS, PARA POSSÍVEIS E… — MUNICIPIO DE ANTONIO CARDOSO",MUNICIPIO DE ANTONIO CARDOSO,D,completa,bronze,0,,baixa,não
op-07bbaca312c5,"CREDENCIAMENTO DE ARTISTAS, GRUPOS E BANDAS MUSICAIS PARA REALIZAÇÃO DE APRESENTAÇÕES ARTÍSTICAS EM EVENTOS… — MUNICIPIO DE RIO VERMELHO",MUNICIPIO DE RIO VERMELHO,D,completa,bronze,0,,baixa,não
op-a6eaa22c8e5f,"CREDENCIAMENTO DE ARTISTAS, MÚSICOS E BANDAS PARA EVENTUAL CONTRATAÇÃO CONSIDERANDO A DISPONIBILIDADE DA… — MUNICIPIO DE PILAR",MUNICIPIO DE PILAR,D,completa,bronze,0,,baixa,não
op-472c8bcf7e27,"CREDENCIAMENTO DE ARTISTAS, MÚSICOS, BANDAS, DJS, GRUPOS ARTÍSTICO-CULTURAIS, MANIFESTAÇÕES TRADICIONAIS… — MUNICIPIO DE MATINHOS",MUNICIPIO DE MATINHOS,D,completa,bronze,0,,baixa,não
op-1d7e7cfe2b85,CREDENCIAMENTO DE ATRAÇÕES ARTÍSTICAS LOCAIS PARA COMPOSIÇÃO DA PROGRAMAÇÃO CULTURAL E DAS FESTIVIDADES… — MUNICIPIO DE PAUDALHO,MUNICIPIO DE PAUDALHO,D,completa,bronze,0,,baixa,não
op-a54752aa5857,CREDENCIAMENTO DE ATRAÇÕES MUSICAIS — MUNICIPIO DE CAMPO REDONDO,MUNICIPIO DE CAMPO REDONDO,D,completa,bronze,0,,baixa,não
op-b113566dc1ef,"CREDENCIAMENTO DE BANDAS E ARTISTAS EM DIFERENTES ESTILOS MUSICAIS, A FIM DE ATENDER DE MANEIRA PRESENCIAL OS… — MUNICIPIO DE FEIRA DE SANTANA",MUNICIPIO DE FEIRA DE SANTANA,D,completa,bronze,0,,baixa,não
op-0a8be93d59be,"CREDENCIAMENTO DE BANDAS E ARTISTAS SEM RECONHECIMENTO NACIONAL OU CONSAGRAÇÃO DO PÚBLICO, EM ATENDIMENTO A… — MUNICIPIO DE SENADOR MODESTINO GONCALVES",MUNICIPIO DE SENADOR MODESTINO GONCALVES,D,completa,bronze,0,,baixa,não
op-179a80157cb6,CREDENCIAMENTO DE BANDAS E DJS PARA APRESENTACOES MUSICAIS NOS DIVERSOS POLOS DO CICLO CARNAVALESCO DE 2027 — MUNICIPIO DE FORTALEZA,MUNICIPIO DE FORTALEZA,D,completa,bronze,0,,baixa,não
op-c4cd29b08a01,CREDENCIAMENTO DE BANDAS E DJS PARA APRESENTAÇÃO MUSICAL NO CICLO CARNAVALESCO - 2027 - SECULTFOR,,D,completa,bronze,0,,baixa,não
op-6fb96e0c7983,"CREDENCIAMENTO DE BANDAS, ARTISTAS LOCAIS (ARTISTAS DA TERRA) EM DIFERENTES ESTILOS MUSICAIS E GRUPOS DE… — MUNICIPIO DE CONCEICAO DO JACUIPE",MUNICIPIO DE CONCEICAO DO JACUIPE,D,completa,bronze,0,,baixa,não
op-86237103f0a5,"CREDENCIAMENTO DE BANDAS, GRUPOS MUSICAIS OU CANTORES(AS) AMADORES, LOCAIS E REGIONAIS. — MUNICIPIO DE FLORANIA",MUNICIPIO DE FLORANIA,D,completa,bronze,0,,baixa,não
op-3e458ce5c4f7,"CREDENCIAMENTO DE BANDAS, GRUPOS MUSICAIS, MÚSICOS, CANTORES E ARTISTAS, PARA FUTURA CONTRATAÇÃO, VISANDO A… — MUNICIPIO DE GUARAPUAVA",MUNICIPIO DE GUARAPUAVA,D,completa,bronze,0,,baixa,não
op-2cf694599fca,"CREDENCIAMENTO DE CANTORES E BANDAS LOCAIS E REGIONAIS, PARA A REALIZAÇÃO DE APRESENTAÇÕES MUSICAIS AO VIVO… — MUNICIPIO DE NOVA SERRANA",MUNICIPIO DE NOVA SERRANA,D,completa,bronze,0,,baixa,não
op-62be28037c2f,"CREDENCIAMENTO DE CANTORES, ARTISTAS SOLO E GRUPOS MUSICAIS PARA ATENDER AOS EVENTOS PROMOVIDOS OU APOIADOS… — MUNICIPIO DE LAMIM",MUNICIPIO DE LAMIM,D,completa,bronze,0,,baixa,não
op-79b6e875580f,"CREDENCIAMENTO DE CARÁTER PERMANENTE DAS ORGANIZAÇÕES DA SOCIEDADE CIVIL – OSC, na forma estabelecida neste… — MUNICIPIO DE PALMEIRA DOS INDIOS",MUNICIPIO DE PALMEIRA DOS INDIOS,V,parcial,prata,4,,baixa,sim
op-e84e8b05cb33,"CREDENCIAMENTO DE GRUPOS, BANDAS E ARTISTAS MUSICAIS, EM DIFERENTES ESTILOS, PARA ATENDER AOS EVENTOS… — MUNICIPIO DE CORACAO DE JESUS",MUNICIPIO DE CORACAO DE JESUS,D,completa,bronze,0,,baixa,não
op-f4fbe90a92ff,CREDENCIAMENTO DE INTERESSADOS EM EXPOR E COMERCIALIZAR MATERIAL LITERÁRIO na 13° Feira do Livro de Atlântida… — MUNICIPIO DE OSORIO,MUNICIPIO DE OSORIO,D,completa,bronze,0,,baixa,não
op-e0f13d445e16,CREDENCIAMENTO DE INTERESSADOS PARA APRESENTAÇÃO MUSICAL E ARTÍSTICA EM EVENTOS PROMOVIDOS PELA SECRETARIA DE… — MUNICIPIO DE POUSO ALEGRE,MUNICIPIO DE POUSO ALEGRE,D,completa,bronze,0,,baixa,não
op-cc87a0708859,CREDENCIAMENTO DE MONITORES PARA OFICINAS DE DANÇA E MÚSICA EM DIVERSAS MODALIDADES — MUNICIPIO DE ANDRADINA,MUNICIPIO DE ANDRADINA,D,completa,bronze,0,,baixa,não
op-fc09eefd8b73,"CREDENCIAMENTO DE MÚSICO PARA ATUAR COMO MUSÍCO INSTRUMENTISTA JUNTO A BANDA “MAESTRO EUGÊNIO”, BEM COMO NO… — MUNICIPIO DE FLORIANO",MUNICIPIO DE FLORIANO,D,completa,bronze,0,,baixa,não
op-cff691786063,CREDENCIAMENTO DE PROPOSTAS DE APRESENTAÇÕES ARTÍSTICAS PARA COMPOR A PROGRAMAÇÃO DOS EVENTOS DA SECRETARIA… — MUNICIPIO DE ATIBAIA,MUNICIPIO DE ATIBAIA,D,completa,bronze,0,,baixa,não
op-9239692e823f,"CREDENCIAMENTO DE SHOWS ARTÍSTICOS, CULTURAIS E DE ENTRETENIMENTO, COMPREENDEN-DO BANDAS DE PEQUENO, MÉDIO E… — MUNICIPIO DE PAI PEDRO",MUNICIPIO DE PAI PEDRO,D,completa,bronze,0,,baixa,não
op-39214c07edb1,"CREDENCIAMENTO DOS SERVIÇOS DE ARTISTAS, GRUPOS E BANDAS MUSICAIS, LOCAIS E REGIONAIS, VISANDO EVENTUAL… — MUNICIPIO DE CAMPO FORMOSO",MUNICIPIO DE CAMPO FORMOSO,D,completa,bronze,0,,baixa,não
op-ada34905cb8e,"CREDENCIAMENTO E POSSÍVEL CONTRATAÇÃO DE PESSOAS JURÍDICAS PARA PRESTAÇÃO DE SERVIÇOS CULTURAIS, NA CONDIÇÃO… — MUNICIPIO DE ASSIS",MUNICIPIO DE ASSIS,D,completa,bronze,0,,baixa,não
op-5599b0178613,"CREDENCIAMENTO E SELEÇÃO DE ARTISTAS, BANDAS E GRUPOS MUSICAIS, NOS VARIADOS ESTILOS PARA EVENTUAIS E FUTURAS… — MUNICIPIO DE PRADO",MUNICIPIO DE PRADO,D,completa,bronze,0,,baixa,não
op-836cdc6249f5,"CREDENCIAMENTO PARA A CONTRATAÇÃO DE CANTORES/MÚSICOS- ''ARTISTAS DA TERRA'', PARA REALIZAÇÃO DE… — MUNICIPIO DE URUACU",MUNICIPIO DE URUACU,D,completa,bronze,0,,baixa,não
op-69be9808c660,"CREDENCIAMENTO PARA CONTRATAÇÃO DE ARTISTAS, OFICINEIROS, INSTRUTORES, PROFESSORES, MESTRES DE SABERES… — FUNDO MUNICIPAL DE CULTURA",FUNDO MUNICIPAL DE CULTURA,D,completa,bronze,0,,baixa,não
op-926275aec149,"CREDENCIAMENTO PARA CONTRATAÇÃO DE BANDAS E ARTISTAS DA TERRA, PARA APRESENTAÇÃO DE SHOWS QUE ATENDAM AO… — MUNICIPIO DE CAMPO BELO",MUNICIPIO DE CAMPO BELO,D,completa,bronze,0,,baixa,não
op-203a25b47c98,"CREDENCIAMENTO para FORMAÇÃO DE CADASTRO DE ARTISTAS, FAZEDORES DE CULTURA E TÉCNICOS CULTURAIS PARA ATENDER… — MUNICIPIO DE PILAR",MUNICIPIO DE PILAR,D,completa,bronze,0,,baixa,não
op-3b3f19c6ef30,"CREDENCIAMENTO, DE ARTISTAS LOCAIS E REGIONAIS PARA REALIZAÇÃO DE APRESENTAÇÕES ARTÍSTICAS NA SEDE, DISTRITO… — MUNICIPIO DE PAULISTAS",MUNICIPIO DE PAULISTAS,D,completa,bronze,0,,baixa,não
op-193ed91ffb92,"CREDENCIAMENTO, DE ARTISTAS, BANDAS, GRUPOS MUSICAIS E LOCUTOR PROFISSIONAL, PARA REALIZAÇÃO DE APRESENTAÇÕES… — MUNICIPIO DE SENADOR MODESTINO GONCALVES",MUNICIPIO DE SENADOR MODESTINO GONCALVES,D,completa,bronze,0,,baixa,não
op-5ce1a4788d20,"CREDENCIAR ARTISTAS, BANDAS, GRUPOS MÚSICAIS E ARTISTICOS, NOS VÁRIADOS ESTILOS PARA POSSÍVEIS E FUTURAS… — MUNICIPIO DE IBIRAPITANGA",MUNICIPIO DE IBIRAPITANGA,D,completa,bronze,0,,baixa,não
op-16f3b028d1f6,Camargo Fellowship 2027-2028,,R,completa,bronze,0,,baixa,não
op-70137e0cdcc8,Camargo Fellowship 2027–2028 — residência no Mediterrâneo,Fondation Camargo,D,completa,bronze,0,,baixa,não
op-0e162fb94284,Camargo Fellowship 2027–2028 — residência no Mediterrâneo francês (Cassis),,R,completa,bronze,0,,baixa,não
op-29ee662cd737,Canguçu — Norma do CNJ garante verbas para projetos sociais em Canguçu (RS) — Goiás,CNJ,R,parcial,bronze,2,,baixa,depende
op-aa0203a30025,Celebração de Termo de Fomento com a Associação dos Universitários de Osório para subsidiar o transporte de estudantes universitários no ano de 2026.,,D,completa,bronze,0,,baixa,não
op-c99d8296cd85,Certificação de Escolas Livres de Formação em Arte e Cultura,Mapa Cultural,A,completa,bronze,0,,baixa,sim
op-377db9a3ea30,Certificação de Escolas Livres de Formação em Arte e Cultura,"Secretaria de Formação Artística e Cultural, Livro e Leitura (SEFLI/MinC)",A,completa,bronze,0,,baixa,depende
op-e87411db3e80,Chamada CNPq/CAPES Nº 30/2026 Programa de Mestrado e Doutorado Acadêmico para Inovação – MAI/DAI,CNPq/CAPES,V,completa,bronze,0,,baixa,depende
op-230d0b8cac7c,Chamada Comunicação Popular Fortalecendo Lutas,Pacová,A,completa,bronze,0,,baixa,depende
op-c8756e6725cf,Chamada Educação para o Bem Viver 2026 – Fortalecendo organizações indígenas e quilombolas pela equidade na educação,"Fundo Casa Socioambiental (apoio: Alliance for the Amazon and Beyond, Imaginable Futures)",A,completa,prata,0,"mar/2027 (prevista: mesmo mês das edições de 2025, 2026)",baixa,não
op-8f13c8ffe6b6,Chamada FAPEMIG 004/2026 – Participação coletiva em eventos técnicos no país – 3ª Entrada,FAPEMIG,D,completa,bronze,0,,baixa,não
op-2f6c900e647b,Chamada FAPEMIG 014/2026 – Cientista Empreendedor,,A,completa,bronze,0,,baixa,não
op-ab1233e8dfa1,Chamada Feminismos Populares em Defesa do Bem Viver e dos Territórios,Pacová,A,completa,bronze,0,,baixa,depende
op-e4c2cbb7615b,Chamada Instituto Cultural Vale 2026,Instituto Cultural Vale,A,completa,bronze,0,,baixa,sim
op-467d88492e15,Chamada Pública - Edital Nº 22/2026 - DRG-SMP/IFSP,Campus São Miguel Paulista,D,completa,bronze,0,,baixa,depende
op-23e3ac8151d7,Chamada Pública 01/2026 – Projeto Floresta+ Amazônia Projeto Floresta+ Amazônia R$ 4 mil Aceita:   outros perfis Prazo:  31/12/2026 (92d) Ver detalhes →,Piloto - Espião — busca aberta no terceiro setor,D,completa,bronze,0,,baixa,não
op-334a79cb54db,Chamada Pública CNPq/ERC Nº 21/2026,,D,completa,bronze,0,,baixa,não
op-b60203e74c77,Chamada Pública MCTI/CNPq/ANR Nº 32/2026,CNPq,V,completa,bronze,0,,baixa,depende
op-3510c514c823,Chamada Pública MCTI/CNPq/MIR/MMulheres/MPI nº 20/2026 - Atlânticas - Programa Beatriz Nascimento de Mulheres na Ciência,MCTI/CNPq,D,completa,bronze,0,,baixa,não
op-29c34bcf25c7,Chamada Pública PSA para Conservação da Vegetação Nativa em Territórios Coletivos,Floresta+ Amazônia,P,pendente,bronze,10,,baixa,depende
op-3cbf27b6fc5f,Chamada Secult Ceará - Política de Cotas Raciais,,D,completa,bronze,0,,baixa,depende
op-1a66428124eb,Chamada conjunta FAPESP-NWO 2026 — Biorrefinarias Integradas para um Futuro Circular,FAPESP,D,completa,bronze,0,,baixa,não
op-1398c8cd5c20,Chamada de Projetos: Fundo Brasil apoia iniciativas em direitos digitais e regulação de plataformas,Fundo Brasil de Direitos Humanos,A,completa,bronze,0,,baixa,sim
op-8b5ca3c025c7,Chamada de Propostas - Iniciativa Internacional de Pesquisa sobre o Uso de Tecnologias Disruptivas para o Enfrentamento de Desafios Globais (IIDTAC),FAPESP,D,completa,bronze,0,,baixa,não
op-12cc2194f4b1,Chamada de Propostas Bolsa Estágio de Pesquisa no Exterior (BEPE) Iniciação Científica – 2026,FAPESP,D,completa,bronze,0,,baixa,não
op-d7ded0dabcd2,Chamada de Propostas FAPESP – ANR (Programa Generic Call for Proposals 2027),FAPESP,D,completa,bronze,0,,baixa,não
op-fc91eba9870b,Chamada de Propostas FAPESP-FAPERJ para Projetos em Tecnologias Quânticas – 2025,,D,completa,bronze,0,,baixa,não
op-516cd860aa20,Chamada pública seleciona jovens para produção audiovisual sobre justiça climática,,P,pendente,bronze,11,,baixa,depende
op-e6aab1d5ac21,Chamadas Mulheres que Transformam o Futuro – Apoio a Soluções Comunitárias para a Resiliência Climática e a Justiça Socioambiental,,A,completa,bronze,0,,baixa,depende
op-f3db7d7012ca,Chamadas de Propostas,,D,completa,bronze,0,,baixa,não
op-1cc56d8d2df8,Chamamento CRARS 4/2026: Capacitação em IA e Gestão,Conselho Regional de Administração do Rio Grande do Sul,D,completa,bronze,0,,baixa,
op-3db17fc8f9f9,Chamamento CRARS 4/2026: Capacitação em IA e Gestão · Capitaai,,V,completa,bronze,0,,baixa,
op-bf8d0cb725e1,Chamamento Público Conjunto nº 1/2026 - PET Saúde Informação e Saúde Digital,,D,completa,bronze,0,,baixa,não
op-c61949cde08f,Chamamento Público Nº 006/2026 para Seleção de Projetos — Goiás / Alvorada do Norte — Goiás / Alvorada do Norte,Prefeitura Municipal de Alvorada do Norte,D,completa,bronze,0,,baixa,não
op-1b296cc1a320,Chamamento Público Nº 1/2026 - CODEBA,Companhia das Docas do Estado da Bahia,R,completa,bronze,0,,baixa,depende
op-abd8d70ace8e,Chamamento Público Nº 8/2026 — Política Nacional Aldir Blanc (Silvânia-GO),Prefeitura Municipal de Silvânia,V,completa,bronze,0,Aberta até 09/10/2026 (confirmada),baixa,depende
op-4b29e441465e,Chamamento Público Piranhas 2026: Guia para OSCs na Saúde,,P,pendente,bronze,12,,baixa,
op-1ed9f0276f12,Chamamento Público Piranhas 2026: Guia para OSCs na Saúde · Capitaai,,P,pendente,bronze,12,,baixa,
op-c3db237fa33d,Chamamento Público nº 0001/2026-5688,,P,pendente,bronze,12,,baixa,depende
op-7aa687d0cc24,Chamamento Público nº 0001/2026-5688 Centralizadora Nacional Contratações Aceita:   organizações da sociedade civil Prazo:  28/09/2026 (1d) Ver detalhes →,Piloto - Espião — busca aberta no terceiro setor,P,pendente,bronze,9,,baixa,depende
op-113a55987e25,Chamamento Público nº 16/2026 - DSEI Guamá Tocantins - Secretária de Saúde Indígena (SESAI),,D,completa,bronze,0,,baixa,não
op-2c99ebbbc277,Chamamento Público nº 34/2026 - Secretaria de Gestão do Trabalho e da Educação na Saúde (SGTES),Ministério da Saúde,D,completa,bronze,0,,baixa,não
op-fa95a4557afe,Chamamento Público nº 49/2026 - DSEI - Cuiabá - Secretária de Saúde Indígena (SESAI),,D,completa,bronze,0,,baixa,não
op-efdfdf633dd2,Chamamento Público para Credenciamento de Atrações Artísticas e Culturais para compor a programação de… — MUNICIPIO DE PACO DO LUMIAR,MUNICIPIO DE PACO DO LUMIAR,D,completa,bronze,0,,baixa,não
op-bc7466212f2f,"Chamamento Público para Credenciamento de BANDAS, ARTISTAS MUSICAIS E DJ, não detentores de consagração… — MUNICIPIO DE BARRA LONGA",MUNICIPIO DE BARRA LONGA,D,completa,bronze,0,,baixa,não
op-a5e9f8f793fe,Chamamento Público para Credenciamento de artistas de âmbito municipal e regional destinados à realização de… — MUNICIPIO DE MONTEIRO LOBATO,MUNICIPIO DE MONTEIRO LOBATO,D,completa,bronze,0,,baixa,não
op-f62995e84420,"Chamamento Público para credenciamento de artistas/músicos solo ou em dupla, bandas/grupos e DJs, locais e… — MUNICIPIO DE OURO PRETO DO OESTE",MUNICIPIO DE OURO PRETO DO OESTE,D,completa,bronze,0,,baixa,não
op-babe10e01ace,Chamamento Público para o Mercado das Indústrias Criativas do Sul - MICSUL 2026,Economia Criativa / MinC,D,completa,bronze,0,,baixa,não
op-4b7d51a46b74,"Chamamento Público por meio do procedimento auxiliar de Credenciamento, com a finalidade de credenciar… — MUNICIPIO DE WENCESLAU GUIMARAES",MUNICIPIO DE WENCESLAU GUIMARAES,D,completa,bronze,0,,baixa,não
op-3c1dcb1fdaef,Chamamento Público/credenciamento de interessados para prestação de serviço de desenvolvimento de oficinas… — MUNICIPIO DE DOURADOQUARA,MUNICIPIO DE DOURADOQUARA,D,completa,bronze,0,,baixa,não
op-19ac1d272fcb,Chamamento publico visando o credenciamento de artistas bandas e grupos musicais locais constituidos como… — MUNICIPIO DE ENCRUZILHADA DO SUL,MUNICIPIO DE ENCRUZILHADA DO SUL,D,completa,bronze,0,,baixa,não
op-a8028b9ee044,"Chamamento público para Credenciamento de artistas, com vistas a apresentações nas linguagens artísticas de… — MUNICIPIO DE IPOJUCA",MUNICIPIO DE IPOJUCA,D,completa,bronze,0,,baixa,não
op-519ca57560c0,Chamamento público publicado no Diário Oficial em 25/09/2026 — Goiás / Goiânia,Prefeitura de Goiânia,V,completa,bronze,0,Aberta até 26/10/2026 (confirmada),baixa,sim
op-aec042b9fb89,Chamamento público publicado no Diário Oficial em 28/08/2026 — Goiás / Pinhais,Prefeitura Municipal de Catalão,A,completa,prata,0,"Ciclo seguinte da PNAB, sem data (prevista)",baixa,sim
op-60084c8e0a7b,ChildFund Brasil lança edital para seleção de OSCs que trabalham com crianças e adolescentes,ABCR — Associação Brasileira de Captadores,A,parcial,bronze,1,,baixa,depende
op-da13b6cc1506,Cité internationale des arts × AFOC,Cité internationale des arts,D,completa,bronze,0,,baixa,não
op-e57aca593f51,Clermont-Ferrand 2027 — festival de curtas,Festival du Court Métrage de Clermont-Ferrand,D,completa,bronze,0,,baixa,não
op-1de70fc0f063,Clima na Economia: integrando a questão climática à agenda econômica,Instituto Clima e Sociedade (iCS) — chamadas de comunicação e clima,A,completa,bronze,0,,baixa,depende
op-2381270f9778,Compartilhamos a chamada do V Prêmio Internacional de Composição «Portus Apostoli» para harpa solista e orquestra de cordas,Ibermúsicas,D,completa,bronze,0,,baixa,não
op-67d7185c3df5,Compartimos la convocatoria del V Premio Internacional de Composición «Portus Apostoli» para arpa solista y orquesta de cuerda,Ibermúsicas,D,completa,bronze,0,,baixa,não
op-a2ce466b5f92,Comunicação para Ação Climática no Brasil,Instituto Clima e Sociedade (iCS) — chamadas de comunicação e clima,A,completa,bronze,0,,baixa,sim
op-af765f01c87a,Concurso de Fotografia SÁBADO 2026,Revista SÁBADO,D,completa,bronze,0,,baixa,não
op-c4d0631a0418,Concurso para seleção de obras para compor o 25º Encontro de Artes Plásticas,Mapa Cultural,D,completa,bronze,0,,baixa,não
op-67ec4f84c8f2,"Concurso ‘Talentos contemporâneos’ 16ª edição, Fondation François Schneider",DGARTES,D,completa,bronze,0,,baixa,não
op-3f58b70caa55,Concursos de Teatro e Prêmios 2026,,D,completa,bronze,12,,baixa,depende
op-f8e0295d4bf2,Confluence of Myths Residency 2026 — Goethe-Institut,Goethe-Institut Vietnam,D,completa,bronze,0,,baixa,não
op-875789d79c77,Consulta Pública Preliminar - Edital de Seleção SCDC/MinC/2026,Mapa Cultural,D,completa,bronze,0,,baixa,não
op-49a62c060dd8,Consulta de Emendas Parlamentares,,R,completa,bronze,0,,baixa,depende
op-481e8a2ad6d9,Consultoria gratuita para OSCs,Fundação Salvador Arena,D,completa,bronze,0,"2027, antes do PAPS 2027 (não confirmado)",baixa,"Sim, como capacitação"
op-3e4ed1519d88,Continue lendo Banrisul abre edital para premiar 50 organizações do Rio Grande do Sul,ABCR — Associação Brasileira de Captadores,A,completa,bronze,0,,baixa,não
op-6588889e83e4,Continue lendo Edital Futuro Bem Maior vai selecionar 33 organizações e coletivos de pequeno porte,ABCR — Associação Brasileira de Captadores,A,parcial,bronze,2,jul–ago/2027 (7º Futuro Bem Maior) prevista,baixa,depende
op-8c134398d15b,Continue lendo Edital de apoio a organizações sociais da Região Metropolitana de São Paulo está com inscrições abertas,ABCR — Associação Brasileira de Captadores,A,parcial,bronze,1,,baixa,não
op-3773bdd6a031,Continue lendo Fundação Tide Setubal abre inscrições para edital de saúde mental nas periferias de São Paulo,ABCR — Associação Brasileira de Captadores,A,parcial,bronze,2,,baixa,não
op-c4f3be1eb5b6,Continue lendo Instituto Lojas Renner abre edital para fortalecer organizações sociais em três estados,ABCR — Associação Brasileira de Captadores,A,completa,bronze,0,,baixa,não
op-01640016ee38,ContraFluxo abre edital para produção de filme gratuito para uma OSC de Curitiba,,P,pendente,bronze,12,,baixa,depende
op-bc5534adba3e,Contratação da prestação de serviços musicais — Goiás,PNCP - Portal Nacional de Contratações Públicas,D,completa,bronze,0,,baixa,não
op-e66032e497bd,"Contratação de artistas e profissionais locais e regionais de arte, cultura em todas as suas manifestações e… — MUNICIPIO DE ARRAIAL DO CABO",MUNICIPIO DE ARRAIAL DO CABO,D,completa,bronze,0,,baixa,não
op-f770ed6530ef,Contratação de artistas locais e regionais para a prestação de serviços artísticos e culturais em eventos… — MUNICIPIO DE PASSA E FICA,MUNICIPIO DE PASSA E FICA,D,completa,bronze,0,,baixa,não
op-211fb3dbc90d,"Contratação de artistas, bandas e grupos musicais locais, para apresentações e manifestações culturais… — MUNICIPIO DE SENHOR DO BONFIM",MUNICIPIO DE SENHOR DO BONFIM,D,completa,bronze,0,,baixa,não
op-8476c2b2ed36,"Contratação de artistas, grupos e bandas musicais, em diferentes estilos musicais a fim de atender aos… — MUNICIPIO DE XIQUE-XIQUE",MUNICIPIO DE XIQUE-XIQUE,D,completa,bronze,0,,baixa,não
op-6c1c8098cd32,"Contratação de artistas, grupos musicais, culturais e profissionais de entretenimento para realização de… — MUNICIPIO DE SANTANA DO GARAMBEU",MUNICIPIO DE SANTANA DO GARAMBEU,D,completa,bronze,0,,baixa,não
op-b9d24c3495b1,"Contratação de grupos culturais interessados em realizar apresentações artístico-culturais, cortejos… — MUNICIPIO DE SENHOR DO BONFIM",MUNICIPIO DE SENHOR DO BONFIM,D,completa,bronze,0,,baixa,não
op-89527e779a3b,Contratação de prestação de serviço especializado de Produtor Cultural para a Implementação e Curadoria… — ESTADO DA BAHIA,,D,completa,bronze,0,,baixa,não
op-5eaa5f724e94,"Contratação de serviços artístico-culturais, por meio de grupos formais e/ou informais — inclusive grupos… — MUNICIPIO DE CAMPO FORMOSO",MUNICIPIO DE CAMPO FORMOSO,D,completa,bronze,0,,baixa,depende
op-c255dfd8571c,"Contratação via Edital de Chamamento 01/2025 da AGENTE CULTURAL, JANAINA CHELO AMARAL GALDI, para apresentação do projeto "" CLOWNTAÇÃO DE HISTÓRIAS: “A GUERRA D",,D,completa,bronze,12,,baixa,
op-c523a342b80f,"Contratação, mediante credenciamento, de bandas e artistas locais para apresentações nos tradicionais… — MUNICIPIO DE CRISOPOLIS",MUNICIPIO DE CRISOPOLIS,D,completa,bronze,0,,baixa,não
op-af9d2f407c00,"Convocatoria Festival ANCLA, Festival Internacional de Danza Contemporánea de Colón 2026 [Panamá]",Iberescena,D,completa,bronze,0,,baixa,não
op-2638da05808b,"Convocatoria Internacional de Residencias EiMa Creació 2026 [Mallorca, España]",Iberescena,D,completa,bronze,0,,baixa,não
op-ce220502a666,"Convocatoria VI Encuentro Internacional de Artes Escénicas para los Primeros Años “Infancia, territorio de paz” [Tijuana, México]",Iberescena,D,completa,bronze,0,,baixa,não
op-93f941e8ae89,Convocatoria VIII Festival Internacional Danzando en Pareja [El Salvador],Iberescena,D,completa,bronze,0,,baixa,não
op-b99c3b2af827,"Convocatoria a Residencia Internacional “Pedagogías Clown” dentro del Encuentro Caminos hacia el Clown [Quito, Ecuador]",Iberescena,D,completa,bronze,0,,baixa,não
op-8d784b0b980a,Convocatoria abierta para el 3º Encuentro de Mujeres Artistas Latinoamericanas (ELLAS) y el 8º Encuentro Nacional de Arte Queer (ENAQ),Iberescena,D,completa,bronze,0,,baixa,não
op-122e601ea35e,"Convocatoria abierta para el Festival ESCENA MOVIDA 2025 [Arica, Chile]",Iberescena,D,completa,bronze,0,,baixa,não
op-f8e3e77214f8,Convocatoria abierta para participar en el Diagnóstico Iberoamericano de Políticas Públicas para las Artes Circenses,Iberescena,D,completa,bronze,0,,baixa,não
op-f8a1e6054c2e,"Convocatoria abierta: Residencias Internacionales Escena Colonche [Santa Elena, Ecuador]",Iberescena,D,completa,bronze,0,,baixa,não
op-4a40e3926cd0,Convocatoria del Festival Iberoamericano de Teatro de La Rioja (FITLO) [España],Iberescena,D,completa,bronze,0,,baixa,não
op-49b3137f3c2f,"Convocatoria para 24° Festival Internacional de Títeres Manuelucho [Bogotá, Colombia]",Iberescena,D,completa,bronze,0,,baixa,não
op-d560ef210fe0,Convocatoria para el 17 Encuentro Internacional de Títeres los Muñecos de Luna,Iberescena,D,completa,bronze,0,,baixa,não
op-3d5bc2ad4d78,"Convocatoria para el 20º Festival de Circo de Brasil [Recife, Brasil]",Iberescena,D,completa,bronze,0,,baixa,não
op-b184fb5cc24b,"Convocatoria para el XXIII Festival Internacional Encuentro de Mujeres en Escena “Tiempos de Mujer 2026” [Quito, Ecuador]",Iberescena,D,completa,bronze,0,,baixa,não
op-c90d349017ac,"Convocatoria para la residencia “Onde o Corpo Mora, Amanhece o Mundo”, de Encantarias Transoceânicas [Saquarema, Brasil]",Iberescena,D,completa,bronze,0,,baixa,não
op-99929b3d97dd,Conéctate con IBERESCENA: sesión en vivo sobre la Convocatoria 2025-2026,Iberescena,D,completa,bronze,0,,baixa,não
op-5830759430c9,Copa Aéreo Dance Brasil 2026,Mapa Cultural,D,completa,bronze,0,,baixa,não
op-aaf8d4db5453,Credenciamento Circuito Avessinho 2025/2026,,V,completa,prata,0,,baixa,depende
op-d980afbed25c,Credenciamento a eventual contratação de artistas ou grupos artísticos (sanfoneiro ou grupo) para… — MUNICIPIO DE ALTANEIRA,MUNICIPIO DE ALTANEIRA,D,completa,bronze,0,,baixa,não
op-46fdf618b935,"Credenciamento consiste na realização de cadastro de Pessoas Jurídicas, inclusive Microempreendedores… — MUNICIPIO DE PEROBAL",MUNICIPIO DE PEROBAL,D,completa,bronze,0,,baixa,não
op-f2ec03dd041c,Credenciamento de ARTISTAS BANDAS e GRUPOS MUSICAIS LOCAIS constituidos como pessoas juridicas visando… — MUNICIPIO DE ENCRUZILHADA DO SUL,MUNICIPIO DE ENCRUZILHADA DO SUL,D,completa,bronze,0,,baixa,não
op-2a9c32aa766a,Credenciamento de Bandas e artistas musicais. — MUNICIPIO DE OURO,MUNICIPIO DE OURO,D,completa,bronze,0,,baixa,não
op-9564943b34ad,Credenciamento de Consultores Ad Hoc para o 4º Concurso de Artigos Científicos em Homenagem ao Desembargador Milson de Souza Coutinho,,D,completa,bronze,0,,baixa,não
op-f01615ad269e,Credenciamento de artistas do município de Santa Bárbara e demais municípios da região do Entre Serras (Barão… — MUNICIPIO DE SANTA BARBARA,MUNICIPIO DE SANTA BARBARA,D,completa,bronze,0,,baixa,não
op-95406ec3e808,"Credenciamento de artistas e bandas musicais locais e regionais, de diversos estilos, visando a futuras… — MUNICIPIO DE ITAIOPOLIS",MUNICIPIO DE ITAIOPOLIS,D,completa,bronze,0,,baixa,não
op-29f1c31d8df6,Credenciamento de artistas e bandas para a realização de apresentações musicais a serem executadas… — MUNICIPIO DE PARIPIRANGA,MUNICIPIO DE PARIPIRANGA,D,completa,bronze,0,,baixa,não
op-677f595e8004,"Credenciamento de artistas e profissionais da cultura e da arte de Rio das Ostras, a fim de viabilizar futura… — FUNDACAO RIO DAS OSTRAS DE CULTURA",FUNDACAO RIO DAS OSTRAS DE CULTURA,D,completa,bronze,0,,baixa,não
op-dc407d79ebbe,"Credenciamento de artistas e profissionais do setor artístico, sem notório reconhecimento público, para a… — MUNICIPIO DE SAO JOSE DA COROA GRANDE",MUNICIPIO DE SAO JOSE DA COROA GRANDE,D,completa,bronze,0,,baixa,não
op-f73e7c8d585d,Credenciamento de artistas locais e regionais para eventos municipais de médio e grande porte e baile da… — MUNICIPIO DE RODEIRO,MUNICIPIO DE RODEIRO,D,completa,bronze,0,,baixa,não
op-f7492d07be8a,"Credenciamento de artistas locais e regionais, por meio de Chamamento Público, para futura contratação de… — MUNICIPIO DE MONTE ALEGRE",MUNICIPIO DE MONTE ALEGRE,D,completa,bronze,0,,baixa,não
op-393c8f46b952,Credenciamento de artistas locais para eventual e futura contratação para apresentações de estilos variados… — MUNICIPIO DE FERROS,MUNICIPIO DE FERROS,D,completa,bronze,0,,baixa,não
op-331aee5b28cd,"Credenciamento de artistas locais para prestação de serviços artísticos de cantores, grupos, bandas musicais… — MUNICIPIO DE SALINAS DA MARGARIDA",MUNICIPIO DE SALINAS DA MARGARIDA,D,completa,bronze,0,,baixa,não
op-af1cdacf9f5f,"Credenciamento de artistas locais, compreendendo artistas individuais, grupos musicais e bandas, para fins de… — MUNICIPIO DE MONTE ALEGRE",MUNICIPIO DE MONTE ALEGRE,D,completa,bronze,0,,baixa,não
op-017b72d8d8d7,"Credenciamento de artistas locais, compreendendo músicos solos, duplas, bandas e DJs, devidamente… — MUNICIPIO DE BOM JESUS DA PENHA",MUNICIPIO DE BOM JESUS DA PENHA,D,completa,bronze,0,,baixa,não
op-4ab06f08b6f4,Credenciamento de artistas local e regional que não possuem reconhecimento profissional consagrado pela… — MUNICIPIO DE SAO PAULO DO POTENGI,MUNICIPIO DE SAO PAULO DO POTENGI,D,completa,bronze,0,,baixa,não
op-4b5ba2a0c39b,"Credenciamento de artistas nas categorias de cantor solo, dupla, trio, bandas, DJ e locutor, para atender aos… — MUNICIPIO DE PAULA CANDIDO",MUNICIPIO DE PAULA CANDIDO,D,completa,bronze,0,,baixa,não
op-ca4f97c60178,"Credenciamento de artistas para possíveis e futuras contratações, com vistas a realizarem apresentações… — MUNICIPIO DE NOVA CRUZ",MUNICIPIO DE NOVA CRUZ,D,completa,bronze,0,,baixa,não
op-86bbee68d78b,"Credenciamento de artistas regionais, representados por pessoa jurídica, para prestação de serviços de… — MUNICIPIO DE IBIAM",MUNICIPIO DE IBIAM,D,completa,bronze,0,,baixa,não
op-6cd3e86415b3,"Credenciamento de artistas, bandas e grupos musicais locais, nos variados estilos, objetivando apresentações… — MUNICIPIO DE IBICOARA",MUNICIPIO DE IBICOARA,D,completa,bronze,0,,baixa,não
op-0075a9f76fbc,"Credenciamento de artistas, bandas e grupos musicais para prestação de serviços culturais e artísticos nos… — MUNICIPIO DE BOA VENTURA",MUNICIPIO DE BOA VENTURA,D,completa,bronze,0,,baixa,não
op-e39e78948f6f,"Credenciamento de artistas, bandas ou grupos musicais amadores, de renome local, regional e estadual, para… — MUNICIPIO DE GOUVEA",MUNICIPIO DE GOUVEA,D,completa,bronze,0,,baixa,não
op-bc20af83df87,"Credenciamento de artistas, bandas, grupos musicais, oficineiros e demais profissionais do setor cultural… — MUNICIPIO DE ESPINOSA",MUNICIPIO DE ESPINOSA,D,completa,bronze,0,,baixa,não
op-2399e323a73e,"Credenciamento de artistas, com vista a contratações para apresentações musicais na Programação Cultural do… — MUNICIPIO DE MARIAPOLIS",MUNICIPIO DE MARIAPOLIS,D,completa,bronze,0,,baixa,não
op-d4edf3a0da9b,"Credenciamento de artistas, grupos culturais, bandas musicais e demais atrações artísticas locais e… — MUNICIPIO DE DOM MACEDO COSTA",MUNICIPIO DE DOM MACEDO COSTA,D,completa,bronze,0,,baixa,não
op-57396352afa7,"Credenciamento de artistas, grupos, companhias e profissionais da área artística, cultural e formativa, para… — MUNICIPIO DE IRECE",MUNICIPIO DE IRECE,D,completa,bronze,0,,baixa,não
op-37bb44509a06,"Credenciamento de bandas e artistas locais, destinado à seleção de profissionais para apresentações musicais… — MUNICIPIO DE SANTO ANTONIO",MUNICIPIO DE SANTO ANTONIO,D,completa,bronze,0,,baixa,não
op-c12d9e0013a9,Credenciamento de bandas para prestação de serviços de animação musical e equipe de sonorização em eventos… — MUNICIPIO DE TUNAPOLIS,MUNICIPIO DE TUNAPOLIS,D,completa,bronze,0,,baixa,não
op-61e0ff6d90c0,Credenciamento de cantores e/ou grupos musicais locais para a realização de apresentações artísticas musicais… — MUNICIPIO DE SAO JOSE DA VARGINHA,MUNICIPIO DE SAO JOSE DA VARGINHA,D,completa,bronze,0,,baixa,não
op-037225c7b6e8,"Credenciamento de comunicadores profissionais, serviço de fotografia e serviço de filmagem para prestação de… — MUNICIPIO DE DATAS",MUNICIPIO DE DATAS,D,completa,bronze,0,,baixa,não
op-60d3c6be1a67,"Credenciamento de interessados em prestar serviços de apresentações artísticas e culturais (artistas, grupos… — MUNICIPIO DE MARICA",MUNICIPIO DE MARICA,D,completa,bronze,0,,baixa,não
op-a6832f9f560a,Credenciamento de interessados para a prestação de serviços artísticos e culturais para atender ao calendário… — MUNICIPIO DE CRUZ DAS ALMAS,MUNICIPIO DE CRUZ DAS ALMAS,D,completa,bronze,0,,baixa,não
op-e578f5181fac,Credenciamento de interessados para prestação de serviços de apresentação musical de Trio de Sanfoneiro… — MUNICIPIO DE JANDAIRA,MUNICIPIO DE JANDAIRA,D,completa,bronze,0,,baixa,não
op-bc0bf1616731,"Credenciamento de músicos, artistas, bandas, grupos musicais e demais profissionais/atrações artísticas… — MUNICIPIO DE BELA VISTA DE MINAS",MUNICIPIO DE BELA VISTA DE MINAS,D,completa,bronze,0,,baixa,não
op-477a319c0b84,"Credenciamento de músicos, bandas e/ou grupos musicais, de renome local ou regional para apresentações… — MUNICIPIO DE MACHADOS",MUNICIPIO DE MACHADOS,D,completa,bronze,0,,baixa,não
op-f54051cc57f5,"Credenciamento de músicos, cantores, bandas e/ou grupos musicais, de renome local ou regional para… — MUNICIPIO DE CASINHAS",MUNICIPIO DE CASINHAS,D,completa,bronze,0,,baixa,não
op-0f343708ed96,Credenciamento de pessoa jurídica para a prestação de serviços especializados para ministrar oficinas de… — MUNICIPIO DE JOACABA,MUNICIPIO DE JOACABA,D,completa,bronze,0,,baixa,não
op-80fa1429b863,Credenciamento de pessoa jurídica para execução de oficina de Macramê a ser desenvolvido no Município de… — MUNICIPIO DE VIDAL RAMOS,MUNICIPIO DE VIDAL RAMOS,D,completa,bronze,0,,baixa,não
op-1089e6f55d89,Credenciamento de profissional para desenvolvimento de oficina pedagógica intercultural de língua materna e… — MUNICIPIO DE TAPIRAI,MUNICIPIO DE TAPIRAI,D,completa,bronze,0,,baixa,não
op-9a3f37fd326c,"Credenciamento de projetos artístico-culturais, apresentados por técnicos, artistas e demais profissionais da… — MUNICIPIO DE DOIS CORREGOS",MUNICIPIO DE DOIS CORREGOS,D,completa,bronze,0,,baixa,não
op-c7d1a8f23121,Credenciamento para a contratação de artistas locais que irão se apresentar nos eventos realizados e/ou… — MUNICIPIO DE ANGRA DOS REIS,MUNICIPIO DE ANGRA DOS REIS,D,completa,bronze,0,,baixa,não
op-1ea4ee1f2455,"Credenciamento para a prestação de serviços artísticos, incluindo artistas, grupos e bandas musicais locais e… — MUNICIPIO DE PORTO UNIAO",MUNICIPIO DE PORTO UNIAO,D,completa,bronze,0,,baixa,não
op-5c7a39d5c394,Credenciamento para contratação de artistas locais e regionais nas seguintes categorias: solo (voz e violão… — MUNICIPIO DE TEIXEIRA DE FREITAS,MUNICIPIO DE TEIXEIRA DE FREITAS,D,completa,bronze,0,,baixa,não
op-1b4512033ad6,"Credenciamento para contratação de artistas nas categorias cantor solo, banda, dupla e artista voz e violão… — MUNICIPIO DE FRANCISCO DUMONT",MUNICIPIO DE FRANCISCO DUMONT,D,completa,bronze,0,,baixa,não
op-7ef3372841b4,Credenciamento para contratação de atrações musicais regionais para se apresentarem nos eventos realizados e… — MUNICIPIO DE NANUQUE,MUNICIPIO DE NANUQUE,D,completa,bronze,0,,baixa,não
op-4b27a12761df,"Credenciamento para contratação de serviços de INSTRUTORIA MUSICAL DE BANDA MARCIAL OU FANFARRA, como… — MUNICIPIO DE TEIXEIRA",MUNICIPIO DE TEIXEIRA,D,completa,bronze,0,,baixa,não
op-e1ae764b2a2a,Credenciamento para contratação de serviços técnicos especializados em arte-educação para ministrar cursos… — MUNICIPIO DE ITABIRITO,MUNICIPIO DE ITABIRITO,D,completa,bronze,0,,baixa,não
op-88b7e8b9fa9d,Credenciamento para fins de eventual contratação de serviços de Artistas e/ou Grupos Artísticos de dança… — MUNICIPIO DE BELO JARDIM,MUNICIPIO DE BELO JARDIM,D,completa,bronze,0,,baixa,não
op-5d7f1e05a220,"Credenciamento para fins de eventual e futura contratação de serviços artísticos de músicos, duplas, trios… — MUNICIPIO DE PEDREGULHO",MUNICIPIO DE PEDREGULHO,D,completa,bronze,0,,baixa,não
op-852423a0d92f,"Credenciamento para futuras contratações de atrações artísticas e culturais locais, para atender ao… — MUNICIPIO DE CERRO-CORA",MUNICIPIO DE CERRO-CORA,D,completa,bronze,0,,baixa,não
op-7805a9791e0c,"Credenciamento, de artistas locais e regionais para atender aos eventos culturais e esportivos promovidos… — MUNICIPIO DE CARMO DE MINAS",MUNICIPIO DE CARMO DE MINAS,D,completa,bronze,0,,baixa,não
op-ad1a5b92a4bf,"Credenciamento, de shows artísticos de profissionais sem renome nacional para realização de apresentações… — MUNICIPIO DE CARBONITA",MUNICIPIO DE CARBONITA,D,completa,bronze,0,,baixa,não
op-8daf9662dea1,Credenciamento/chamamento público na area da saúde. — Goiás,null,D,completa,bronze,0,,baixa,não
op-a1a803e05f4b,Criança Esperança - Edital - UNESCO,,V,completa,bronze,0,,baixa,sim
op-5b1d01b5da18,Crédito Comunitário Sustentável (CCS) – Ampliando o acesso ao crédito rural para agricultores e agricultoras familiares por meio de organizações comunitárias,"Fundo Casa Socioambiental (apoio: Fundação Arymax, Porticus, MacKenzie Scott (Yield Giving))",A,completa,bronze,0,,baixa,depende
op-99a6ad82be7a,Cáritas Brasileira abre edital de até R$ 25 mil para projetos de enfrentamento à violência sexual infantojuvenil,,P,pendente,bronze,12,,baixa,depende
op-eb06e70ec784,DEFENSORIA PUBLICA DO ESTADO — Concurso de artigos para publicação na 2ª edição da Revista da Defensoria Pública do Amapá.,DEFENSORIA PUBLICA DO ESTADO,D,completa,bronze,0,,baixa,não
op-e6dcfcc5cc8f,DGARTES abre inscrições para Bolsa de Consultores e Especialistas,DGARTES,D,completa,bronze,0,,baixa,não
op-0576aa81cecb,"DGARTES apoia o Programa IETM ""Global Connect"" 2027",DGARTES,D,completa,bronze,0,,baixa,não
op-44b1ae074203,"DNIT-DEPARTAMENTO NACIONAL DE INFRAEST DE TRANSPORTES — Seleção de associações e/ou cooperativas de catadores de materiais recicláveis, cadastradas e habilitada",DNIT-DEPARTAMENTO NACIONAL DE INFRAEST DE TRANSPORTES,V,parcial,bronze,1,,baixa,não
op-d78d89af0b00,"DOC.Coimbra 2027 abre open call para documentários: 3 competições, uma delas só de Filmes Lusófonos, até 30 de outubro",DOC.Coimbra — Festival Internacional de Documentários,D,completa,bronze,0,,baixa,não
op-d90f818a9436,DOK Short n' Sweet — pitch de curtas no DOK Leipzig,DOK Leipzig,R,completa,bronze,0,"2027, a partir de junho",baixa,depende
op-64a8ce750549,Delfina Foundation promove residência em Londres para artistas visuais de Portugal e de Países Africanos de Língua Portuguesa,,R,parcial,bronze,5,,baixa,não
op-0a31797affb5,Desafio de Acesso à Justiça – 8ª edição,Instituto Mattos Filho,A,parcial,bronze,1,,baixa,sim
op-33c02152c0c8,Designers em Residência | EMMA – Creative Center Pforzheim 2027,DGARTES,D,completa,bronze,0,,baixa,não
op-2ca18cdbee02,"Dia de Doar abre inscrições para edital que oferece R$ 2,4 mil a campanhas comunitárias",Observatório do Terceiro Setor — editais,A,parcial,bronze,2,,baixa,
op-038d9dc85fb4,Diretório de Artistas Al-Tiba9 2027 abriu candidaturas para projetos inovadores nas áreas das artes visuais,DGARTES,D,completa,bronze,0,,baixa,não
op-fe3d09eea082,"Divulgação do Seu Evento, Show, Prêmio, Concurso, Festival :: Facultura - Arte e Cultura - Editais Culturais - Projetos Culturais",,D,completa,bronze,0,,baixa,não
op-b6129b4007f2,"Diário Oficial de Goiânia (GO) 2026-09-25 — ""edital de chamamento público"" associação",Prefeitura de Goiânia,V,completa,bronze,0,,baixa,"sim, condicionado"
op-c79c9e33ec6b,"Diário Oficial de Pinhais (PR) 2026-08-28 — ""chamamento público"" ""organizações da sociedade civil""",MINISTÉRIO DA CULTURA,P,pendente,bronze,12,,baixa,
op-805835db8e7e,"Diário Oficial de Valparaíso (SP) 2026-08-27 — ""edital de chamamento público"" associação",,P,pendente,bronze,12,,baixa,
op-fe3c1a34aaa8,Documentário de Alternativo TERAPEUTA,,D,completa,bronze,0,,baixa,não
op-dc2a2198947d,Duisburg — bolsa-residência de 1 ano,Kulturbüro der Stadt Duisburg,D,completa,bronze,0,,baixa,não
op-e7174b0a4052,"EDITAL  001/ 2026  - FUNDO SEMENTE PARA RESILIÊNCIA - PARCEIROS VOLUNTÁRIOS SELEÇÃO DE PROPOSTAS DE  ORGANIZAÇÕES   DA   SOCIEDADE   CIVIL  PARA FORTALECIMENTO,",Motor do Piloto — busca aberta no terceiro setor,A,completa,bronze,0,,baixa,não
op-a6142d85f0a7,EDITAL - CENTENÁRIO DE DARCY PENTEADO,Mapa Cultural,D,completa,bronze,0,,baixa,não
op-8d3594141336,EDITAL DE BLOCOS E AGREMIAÇÕES DO CICLO CARNAVALESCO 2027 - SECULTFOR,,V,completa,bronze,0,,baixa,não
op-8250764f3621,EDITAL DE CHAMAMENTO PÚBLICO MESTRA FRANCISCA RODRIGUES 2ª EDIÇÃO PARA PREMIAÇÃO DE PONTOS DE CULTURA - EDITAL Nº 003/2026-PNAB | FAROL,,V,completa,bronze,0,,baixa,parcial
op-3ded69a3257b,EDITAL DE CHAMAMENTO PÚBLICO Nº 001/2026 SELEÇÃO DE PROJETOS PARA FIRMAR TERMO DE EXECUÇÃO CULTURAL COM RECURSOS DA POLÍTICA NACIONAL ALDIR BLANC DE FOMENTO À C,,V,completa,bronze,0,,baixa,não
op-9d093372125a,EDITAL DE CHAMAMENTO PÚBLICO Nº 003/2026 - SELEÇÃO DE PROJETOS NA CATEGORIA DE ARTESANATO E AUDIOVISUAL PARA FIRMAR TERMO DE EXECUÇÃO CULTURAL COM RECURSOS DA P,,V,completa,bronze,0,,baixa,parcial
op-6bda6dfe5c3a,EDITAL DE CHAMAMENTO PÚBLICO Nº 006/2026- SECULT - PARA CREDENCIAMENTO DE PARECERISTAS PARA AVALIAÇÃO DE PROJETOS CULTURAIS – POLITICA NACIONAL ALDIR BLANC-PNAB,,D,completa,bronze,0,,baixa,não
op-e9a55d35c04a,EDITAL DE CHAMAMENTO PÚBLICO Nº 07/2026 - II FESTIVAL MULTICULTURAL DE SENADOR POMPEU,,V,completa,bronze,0,,baixa,depende
op-c9ed2e3c065b,EDITAL DE CHAMAMENTO PÚBLICO Nº 15 /2026 - SELEÇÃO ESPAÇOS E AMBIENTES DE INICIATIVAS ARTÍSTICO-CULTURAIS PARA RECEBER SUBSÍDIO PARA MANUTENÇÃO - PNAB,Mapa Cultural ES,A,completa,bronze,0,,baixa,
op-a25ddbd7a904,EDITAL DE CHAMAMENTO PÚBLICO Nº 16 /2026 - SELEÇÃO DE PROJETOS PARA FOMENTO À EXECUÇÃO DE AÇÕES CULTURAIS - PNAB,,V,completa,bronze,0,,baixa,não
op-61f9ac317b65,EDITAL DE CHAMAMENTO PÚBLICO PARA CREDENCIAMENTO DE PARECERISTAS,,D,completa,bronze,0,,baixa,não
op-fa4c5d37b9c8,"EDITAL DE CHAMAMENTO PÚBLICO PARA CREDENCIAMENTO, visando ao credenciamento de ARTISTAS E MÚSICOS para futura… — MUNICIPIO DE NEROPOLIS",MUNICIPIO DE NEROPOLIS,D,completa,bronze,0,,baixa,não
op-4cfd0e075877,EDITAL DE CHAMAMENTO PÚBLICO PARA SELEÇÃO DE PROJETOS - PNAB,,V,completa,bronze,0,,baixa,sim
op-4b0d030e1889,EDITAL DE CONVOCAÇÃO E CHAMAMENTO PÚBLICO N° 001/2026,,D,completa,bronze,0,,baixa,não
op-165c2957c22c,EDITAL DE CREDENCIAMENTO 004-2026 - MUSICOS — MUNICIPIO DE SANTANA,MUNICIPIO DE SANTANA,D,completa,bronze,0,,baixa,não
op-41c0827235c3,EDITAL DE CREDENCIAMENTO DE PARECERISTAS Nº 08/2025 - CACHOEIRO DE ITRAPEMIRIM,,D,completa,bronze,0,,baixa,não
op-cf54c1e95868,EDITAL DE INTERCÂMBIO CULTURAL MINC Nº 1 - CIRCULAÇÃO E PARTICIPAÇÃO AUDIOVISUAL,Secretaria do Audiovisual (SAv/MinC),D,completa,bronze,0,,baixa,não
op-bbc115688c46,"EDITAL DE INTERCÂMBIO CULTURAL MINC Nº 1, DE 8 DE JUNHO DE 2026 CIRCULAÇÃO E PARTICIPAÇÃO AUDIOVISUAL NO EXTERIOR",,R,completa,bronze,0,,baixa,não
op-b0b7907b3149,EDITAL DE PESQUISADORES(AS) E CURADORES DO CICLO DE CULTURA POPULAR DO CEARÁ,,D,completa,bronze,0,,baixa,não
op-3151db03a809,"EDITAL DE SELEÇÃO PMBQBM Nº 2, DE 8 DE SETEMBRO DE 2026",SOCIEDADE BRASILEIRA DE BIOQUÍMICA E BIOLOGIA MOLECULAR,D,completa,bronze,0,,baixa,não
op-4b8a85dcd291,EDITAL FAPERJ Nº 04/2025 – Programa HUB RJ STARTUP 2025: Apoio à Difusão de Ambiente de Inovação em Tecnologia Digital no Estado do Rio de Janeiro,,D,completa,bronze,0,,baixa,não
op-64cd95acfeed,EDITAL FAPERJ Nº 11/2025 – Programa Pesquisa para o SUS: gestão compartilhada em saúde – 2025,,D,completa,bronze,0,,baixa,não
op-012ec9bd478b,EDITAL Nº. 001/2025 CHAMAMENTO PÚBLICO – O Município de Canoas torna pública a abertura de inscrições que tem… — MUNICIPIO DE CANOAS,MUNICIPIO DE CANOAS,D,completa,bronze,0,,baixa,depende
op-e8987a7a8a2d,EMS × AdK Residency — música eletroacústica,Elektronmusikstudion (EMS) + Akademie der Künste (AdK),D,completa,bronze,0,,baixa,não
op-a9fe075a6563,"ESTADO DO ACRE — 4º PRÊMIO DE COMUNICAÇÃO DO GOVERNO DO ESTADO DO ACRE “MOISÉS ALENCASTRO""",ESTADO DO ACRE,D,completa,bronze,0,,baixa,não
op-ce2cb33441a9,ESTRUTURAÇÃO DA REDE DE SERVIÇOS DO SUAS - EMENDAS DE COMISSÃO - CUSTEI - GND3 (programa 2026 - 00065),Diretoria-Executiva do Fundo Nacional de Assistência Social,D,completa,bronze,0,,baixa,não
op-46adb58a39be,Ecologia do Encontro,,R,completa,bronze,0,,baixa,não
op-6178e26d5c46,Editais - FAPEG,,D,completa,bronze,11,,baixa,depende
op-2e470208d165,Editais - Ministério dos Direitos Humanos e da Cidadania,,A,completa,bronze,0,não prevista,baixa,depende
op-afa66314c783,Editais - Plataforma OSCs,,D,completa,bronze,4,,baixa,sim
op-5145eb5ab5b0,Editais Abertos - Terceiro Setor - Zizete Falcão,,D,completa,bronze,11,,baixa,depende
op-9d1ad15968be,Editais abertos para projetos sociais em 2026 · Capitaai,,R,completa,bronze,0,,baixa,parcial
op-939fd24445e2,Editais de Fomento a Ações de Prevenção e Combate de Incêndios Florestais na Amazônia e Pantanal,,P,pendente,bronze,12,,baixa,
op-46a22e7fa04d,"Edital  de Seleção Pública de Projetos  2026  do Fundo Positivo - O Fundo Positivo, em parceria com o Ministério  da  Saúde, abriu  edital  para apoiar  organiz",Motor do Piloto — busca aberta no terceiro setor,P,pendente,bronze,8,,baixa,
op-2a795d302c0f,Edital  nº. 4/2026 - Processo de chamamento público para eleição de  organizações   da   sociedade   civil  e movimentos sociais para comporem o comitê de imple,Motor do Piloto — busca aberta no terceiro setor,D,completa,bronze,12,,baixa,
op-76c63ca78ae5,Edital  para Seleção de  Organizações   da   Sociedade   Civil  para o Desenvolvimento de Ações de Mobilização Social e de Base Comunitária voltadas à Promoção ,Motor do Piloto — busca aberta no terceiro setor,A,completa,prata,0,"dez/2027 (prevista: mesmo mês das edições de 2025, 2026)",baixa,depende
op-ca4852c194cf,Edital 2 | Seleção de OSCs para desenvolver ações nos territórios,Motor do Piloto — busca aberta no terceiro setor,A,completa,prata,0,"dez/2027 (prevista: mesmo mês das edições de 2025, 2026)",baixa,depende
op-ad6227cc34a0,Edital 2023 — Fundo de Empreendedorismo Negro,BrazilFoundation,A,completa,bronze,0,Nova rodada sem confirmação; em 2026 houve seleção por carta-convite (Meio Ambiente e Gênero),baixa,depende
op-1972b8eb9f68,Edital AMBEV Brasilidades 2026: Guia de Captação · Capitaai,,A,parcial,bronze,1,,baixa,sim
op-7f873e99fac9,Edital Agitando Pensamentos 2026,Fundo SAAP / FASE,A,completa,bronze,0,2027 (edital lançado anualmente),média,Sim
op-dc31be2631f4,Edital Alimento no Prato oferece até R$ 800 mil para projetos de agricultura urbana,Observatório do Terceiro Setor — editais,A,completa,bronze,0,,baixa,
op-4bc1784f3e9e,Edital Arranjos Regionais FSA,Secretaria de Estado da Cultura,V,completa,bronze,0,,baixa,
op-ef5b9cbe657b,Edital BNDES de Cinema,"Editais incentivados de empresas — destinação tributária (Rouanet, LIE, FIA, PRONON)",A,completa,bronze,0,,baixa,depende
op-4b4e0258c7c1,Edital Balsas 2026: Guia de Captação e Inscrição · Capitaai,,A,parcial,bronze,4,,baixa,
op-928640a47b52,Edital CONANDA/SNDCA nº 01/2026 seleciona projetos para fortalecer os ...,,A,completa,bronze,0,não prevista,baixa,depende
op-ff6a79f1ae6b,Edital CONANDA/SNDCA: 6 projetos com até R$ 6 milhões,,A,completa,bronze,0,não prevista,baixa,depende
op-3aff0bd13a8d,Edital Chamada Cidades LUPPA – 6ª Edição,Instituto Comida do Amanhã,D,completa,bronze,12,,baixa,não
op-5e2866ec627b,Edital Conta que soma oferece formação gratuita em educação financeira para jovens Co.liga selecionará mil jovens de todo o país; 30 projetos avançam para labor,Motor do Piloto — busca aberta no terceiro setor,D,completa,bronze,0,,baixa,não
op-5a86483ad0ac,Edital Cultura Goiatuba 2026: PNAB Ciclo 2,,V,completa,bronze,0,,baixa,sim
op-2bcc013bdeac,Edital Cultura Goiatuba 2026: PNAB Ciclo 2 — Goiás / Goiatuba,Prefeitura Municipal de Goiatuba,V,completa,bronze,0,Aberta de 01 a 13/10/2026 (confirmada),baixa,depende
op-fe2ba162db4d,Edital Direitos Humanos e Justiça Criminal 2026 — Enfrentamento ao Estado de Coisas Inconstitucional,Fundo Brasil de Direitos Humanos,A,completa,bronze,0,,baixa,sim
op-5123825eb9f4,Edital Educação e Trabalho 2026 – Escola e Território,,A,completa,bronze,0,"2027 (prevista, não confirmada)",baixa,depende
op-c8aff87fcc0f,Edital Educação em Tecnologia,,A,parcial,bronze,1,,baixa,
op-ce31bae13625,Edital FAPERJ Nº 38/2025 – Programa de Apoio a Projetos Científicos e Tecnológicos em Ciências Agrárias no Estado do Rio de Janeiro – 2025,,P,pendente,bronze,11,,baixa,não
op-3e4c157c1fc4,Edital FAPERJ Nº 41/2025 – Programa Luiz Pinguelli Rosa de Apoio à Mobilidade e Instalação de Pesquisadores Originários de Regiões em Conflito ou Refugiados em ,,D,completa,bronze,0,,baixa,não
op-11374fc1a32a,Edital FAPITEC SE 2026: Apoio a Empresas Juniores · Capitaai,,A,completa,bronze,0,,baixa,
op-49f6e85e1fbf,Edital FIA repassará até R$ 500 mil para projetos que assegurem direito à educação de crianças e adolescentes,,D,completa,bronze,0,,baixa,não
op-02406459ee2a,Edital FME Transforma nº 02/2026,Fundação Maria Emília,V,completa,bronze,0,2026 aberta e confirmada; 2027 não confirmada,baixa,depende
op-a1276b2765be,Edital Fundação Aperam Acesita Social 2026 · Capitaai,,V,completa,bronze,0,,baixa,sim
op-4466ce0ec6f1,Edital Fundação Grupo Boticário Litoral SP PR SC 2026,,D,completa,bronze,0,,baixa,parcial
op-c72794ff7c92,"Edital Fundo do Idoso Veja as regras do edital do BNDES para apoiar projetos de assistência ao idoso, por meio de doações incentivadas via Fundo do Idoso. Parti",,A,completa,bronze,0,,baixa,depende
op-6ddb00f60a06,Edital Impactarte,GIFE — seleção de editais (via Capta),A,completa,bronze,0,Cadastro permanente (confirmada),média,provável sim
op-38517b811c29,Edital Investimento Social Minas Gerais 2025 - 2026,,A,parcial,prata,2,,baixa,sim
op-fc3e32dc23e5,Edital Itagibá 2026: Guia de Captação e Inscrições · Capitaai,,P,pendente,bronze,12,,baixa,
op-95711fb93541,Edital Itapajé 2026: Medidas Socioeducativas para OSC · Capitaai,,A,parcial,bronze,2,,baixa,
op-fc3bed85b5a8,Edital Itaú Viver Mais 2026,Itaú Viver Mais,A,parcial,ouro,6,"mai/2027 (prevista: mesmo mês das edições de 2025, 2026)",média,depende
op-c6653a5c19ca,Edital MAPFRE 2026 (projetos incentivados),MAPFRE Brasil,V,parcial,bronze,1,,baixa,depende
op-9c20d4e08c44,Edital Marinha 2026: Guia de Permuta e Imóveis Ociosos,,D,completa,bronze,0,,baixa,não
op-96363267cff9,Edital N° 2 Para Seleção De Organizações Da Sociedade Civil Para ...,Motor do Piloto — busca aberta no terceiro setor,A,completa,prata,0,"dez/2027 (prevista: mesmo mês das edições de 2025, 2026)",baixa,depende
op-d01690660b1c,Edital Nº 08/2024 LabCD/UFPR Credenciamento de Ministrantes para Oficinas na área da Cultura Digital,,D,completa,bronze,0,,baixa,não
op-adbdd2bf662e,Edital Nº 32/2025 – Programa Nacional de Apoio à Inovação Tecnológica – TECNOVA III,Fundação Carlos Chagas Filho de Amparo à Pesquisa do Estado do Rio de Janeiro (FAPERJ),D,completa,bronze,0,,baixa,não
op-a5d9015eb79b,Edital PAPS – Fundação Salvador Arena,Fundação Salvador Arena,A,completa,prata,0,"jun/2027 (prevista: mesmo mês das edições de 2025, 2026)",baixa,sim
op-70d254891b63,Edital PNAB Patrocínio do Muriaé 2026: Guia de Inscrição · Capitaai,,A,completa,bronze,0,,baixa,não
op-5b7729a78e26,Edital Prefeitura Municipal de Planaltina 2026,,V,completa,bronze,0,,baixa,
op-73938a0d3c9b,Edital Programa de Aceleração do Desenvolvimento de Lideranças Femininas Negras: Marielle,,A,completa,bronze,0,,baixa,
op-4d0ff23bb619,"Edital Raízes: Fortalecendo Direitos, Autonomia e Sustentabilidade na Amazônia e no Cerrado",Fundo Brasil de Direitos Humanos,A,completa,ouro,0,"dez/2027 (prevista: mesmo mês das edições de 2023, 2024, 2025, 2026)",média,depende
op-a062baaa8e7c,Edital Rio Doce Participativo e Comunitário abre seleção de projetos,,A,completa,bronze,0,,baixa,não
op-e4c0e79d5ef6,Edital Rouanet nas Favelas 2 (2026): Guia de Captação,Secretaria de Fomento e Incentivo à Cultura,V,completa,bronze,0,,baixa,
op-786e5f51f56a,Edital Rouanet nas Favelas 2 (2026): Guia de Captação · Capitaai,,V,completa,bronze,0,,baixa,
op-bc0332c94e22,Edital SCFV Cafelândia 2026: Capte Recursos para ONGs,"Ministério do Desenvolvimento e Assistência Social, Família e Combate à Fome",A,completa,bronze,0,,baixa,não
op-d017ac14c98a,Edital SCFV Cafelândia 2026: Capte Recursos para ONGs · Capitaai,,A,parcial,bronze,4,,baixa,parcial
op-ccbd3793ad5d,Edital Santa Bárbara do Pará 2026: Projetos Culturais · Capitaai,,P,pendente,bronze,12,,baixa,
op-348bb882b251,Edital Sobral 2026: Projetos Culturais e PNAB · Capitaai,,V,completa,bronze,0,,baixa,
op-c23e52a642a1,Edital Zurich Seguros 2026: Captação via Incentivo,,V,completa,bronze,0,,baixa,sim
op-73b278afa745,Edital apoia projetos ambientais e de inovação no Paraná,,A,completa,bronze,0,,baixa,não
op-808db3d15649,Edital contínuo Instituto Impactarte,Instituto Impactarte,A,completa,bronze,0,,baixa,sim
op-62203f116666,Edital da Jornada TransformAção de 2026 é lançado,,D,completa,bronze,0,,baixa,não
op-ef9a4a15a189,Edital de Apoio a Projetos para a Melhoria de Resíduos Sólidos em Minas Gerais,,P,pendente,bronze,12,,baixa,
op-50b73ba377d5,Edital de Chamamento N° 7/2026 - Seleção de Projetos de Inovação em Medicamentos,2ª Diretoria,D,completa,bronze,0,,baixa,não
op-69f2755a00a4,Edital de Chamamento Público CONANDA/SNDCA nº 01/2026,Ministério dos Direitos Humanos e da Cidadania / CONANDA,A,completa,bronze,0,,baixa,depende
op-77934dda8b70,Edital de Chamamento Público MGI-SPU-TO Nº 5/2026 — Permuta de Imóveis,Superintendência no Tocantins,D,completa,bronze,0,,baixa,não
op-d8073e7e8af9,Edital de Chamamento Público Nº 3 – Aquisição de Imóvel,CONSELHO REGIONAL DE QUÍMICA DA XVII REGIÃO,D,completa,bronze,0,,baixa,não
op-109a827a27bd,Edital de Chamamento Público de Instituições sem Fins Lucrativos para a ...,,A,completa,bronze,0,,baixa,sim
op-d348b89cadc9,Edital de Chamamento Público nº 001/2025 – Programa Mentes Azuis Fundação de Amparo à Pesquisa do Estado do Acre – FAPAC R$ 130 mil Aceita:   organizações da so,Piloto - Espião — busca aberta no terceiro setor,A,completa,prata,0,,baixa,não
op-08145ecaa341,Edital de Credenciamento Nº 1/2026,Instituto Chico Mendes de Conservação da Biodiversidade,A,completa,prata,0,,baixa,depende
op-af7f945fa031,Edital de Credenciamento de Artistas Culturais — FUNDACAO MUNICIPAL DE CULTURA- FUNDAC,FUNDACAO MUNICIPAL DE CULTURA- FUNDAC,D,completa,bronze,0,,baixa,não
op-264656289847,Edital de Credenciamento de Pareceristas Técnicos - SEFIC/MinC nº 90001/2026,Ministério da Cultura (MinC),D,completa,bronze,0,,baixa,não
op-ebedc19f5258,Edital de Intercâmbio Cultural - Circulação e Participação Audiovisual no Exterior,Ministério da Cultura,D,completa,bronze,0,,baixa,não
op-9fe1bb18cd6d,Edital de Mobilidade Cultural - MinC / Funarte - Programa de Intercâmbio Cultural,Funarte,A,completa,prata,0,,baixa,depende
op-4ab334864bf2,Edital de Premiação de Iniciativas de Boas Práticas nos CEUs das Artes,Subsecretaria de Espaços e Equipamentos Culturais (SEEC/MinC),D,completa,bronze,0,,baixa,não
op-ae99ff61c8c9,"Edital de Projetos Fundação APERAM ACESITA – Social 15ª Edição Fundação APERAM ACESITA R$ 25 mil Aceita:   organizações da sociedade civil, outros perfis Prazo:",Piloto - Espião — busca aberta no terceiro setor,V,completa,bronze,0,"Edital 2027 provável no 2º semestre, não confirmado",baixa,depende
op-fe63401f3d4b,Edital de Seleção Pública SCDC/MINC Nº 11/2026 - Cultura Viva - Fomento à Rede de Pontões,,V,completa,bronze,0,,baixa,depende
op-52a3006e8790,Edital de Seleção Pública de Projetos 2026 do Fundo Positivo,,A,parcial,prata,6,"mar/2027 (prevista: mesmo mês das edições de 2025, 2026)",baixa,depende
op-8788121819c2,Edital de Seleção Pública nº 3/2026,Agência Nacional de Assistência Técnica e Extensão Rural,V,completa,bronze,0,confirmada: 09/10/2026 a 18/11/2026,média,não
op-7a6bab0a152a,Edital de Seleção de Candidatos para Residência Médica - 2027 - Centro Médico Campinas,FUNDAÇÃO CENTRO MÉDICO DE CAMPINAS,D,completa,bronze,0,,baixa,não
op-a085fac7f39d,Edital de Seleção de Projetos Socioambientais 2026,,R,parcial,bronze,12,,baixa,não
op-31b4a13545ca,Edital de Seleção de Projetos via Incentivo Fiscal 2026 – Zurich Seguros Zurich Seguros Aceita:   organizações da sociedade civil Prazo:  19/10/2026 (20d) Ver d,Piloto - Espião — busca aberta no terceiro setor,V,completa,bronze,0,,baixa,sim
op-cc8ecc0a4916,Edital de eleição do CNPC,Ministério da Cultura,D,completa,bronze,0,,baixa,não
op-14a98f4f34fa,Edital de enfrentamento à violência sexual infantojuvenil,Cáritas Brasileira,R,completa,bronze,0,,baixa,depende
op-b391b564b8a4,Edital de formação de cadastro de pessoas jurídicas de direito privado sem fins lucrativos,MPDFT — PGJ / Cema / Apma,A,completa,bronze,0,cadastro vale 1 ano; renovação anual e novo chamamento a confirmar,baixa,não
op-f55b1a8bd67b,Edital de patrocínio Embratur (2026),Embratur,V,completa,bronze,0,"Edital 2027, sem data",baixa,depende
op-1480efe54ef5,Edital de projetos sociais Instituto de Ação Social 2026,Capemisa – Instituto de Ação Social,A,completa,bronze,0,,baixa,sim
op-7d0dc42fae06,Edital inclusão socioprodutiva de mulheres,Instituto Lojas Renner,A,parcial,bronze,1,,baixa,depende
op-ac0dba4d5ed4,Edital nº 002/2026 Programa Nacional de Apoio à Geração de Empreendimentos Inovadores — Programa Centelha 3 Pará,,R,parcial,bronze,1,,baixa,não
op-be90f87f3a53,Edital nº 019/2026 – Ciência na Mesa 5: Base de Dados e Sistemas de Informações para Tomada de Decisão em Soberania Alimentar e Nutricional FAPESB Aceita:   ins,Piloto - Espião — busca aberta no terceiro setor,D,completa,bronze,0,,baixa,não
op-7e74410ed7fc,Edital nº 2/2026 UNAIDS/DATHI – ações comunitárias em HIV/aids e ISTs,Ministério da Saúde / UNAIDS,A,completa,bronze,0,,baixa,depende
op-17a8e4708d6d,Edital oferece até R$ 6 milhões para projetos de proteção de crianças e ...,,A,parcial,bronze,1,,baixa,depende
op-a867acbdc2de,Edital vai apoiar projetos de adaptação climática em comunidades vulneráveis de 7 estados brasileiros Observatório 3º Setor (fonte) R$ 700 mil Aceita:   organiz,Piloto - Espião — busca aberta no terceiro setor,A,completa,bronze,0,,baixa,não
op-8230498f5be1,Edital vai apoiar projetos que unam dados e inteligência artificial para saúde mental de crianças e adolescentes,,R,completa,bronze,0,,baixa,"sim, em tese"
op-5b5e178b3cd7,Edital – Soluções Climáticas a partir da Base,Fundo Brasil de Direitos Humanos,A,completa,ouro,0,"mar/2027 (prevista: mesmo mês das edições de 2025, 2026)",média,sim
op-6adbadfa5b06,EditalFomento.com.br - Editais de Fomento Atualizados,,D,completa,bronze,0,,baixa,não
op-eb2df11c8597,Elaboração e Gestão de Projetos Culturais,Mapa Cultural,D,completa,bronze,0,,baixa,não
op-f3a394f95c4f,Emenda Parlamentar Municipal — Goiânia — captação 2026,Câmara Municipal de Goiânia,R,completa,bronze,0,,baixa,
op-16e26666deb6,Emenda Parlamentar — Câmara e Senado — captação 2026,Congresso Nacional (Câmara dos Deputados e Senado Federal),R,completa,bronze,0,,baixa,
op-04990cca4f6a,Empresa Brasileira de Correios e Telégrafos — EDITAL DE CHAMAMENTO PÚBLICO,Empresa Brasileira de Correios e Telégrafos,D,completa,bronze,0,,baixa,Só se a entidade for associação/cooperativa de catadores em Brasília/DF
op-00df10b8466e,Empresa Brasileira de Correios e Telégrafos — EDITAL nº CP 01/2026,Empresa Brasileira de Correios e Telégrafos,D,completa,bronze,0,,baixa,Não
op-9c60730811cb,Escola de Cultura Viver Capoeira,,D,completa,bronze,0,,baixa,não
op-9fef97e2cbf3,Esse edital tem por objetivo apoiar organizações da sociedade civil (OSCs) e organizações de base comunitárias (OBCs) dos biomas Cerrado e Caatinga na promoção ,,A,completa,bronze,0,,baixa,não
op-f178696563ca,Eurazeo Photo Prize 2026,Eurazeo Endowment Fund,D,completa,bronze,0,,baixa,não
op-7518ebbdcfb1,FAPESP Young Investigator Grant for International Researchers,FAPESP,D,completa,bronze,0,,baixa,não
op-d0559e391320,FAPESP anuncia 32 novos CCDs,,R,parcial,bronze,12,,baixa,não
op-ea89efb7da33,FAPESP – Trans-Atlantic Platform (T-AP) Call for Proposals 2026 – Preparing for Tomorrow (P4T),FAPESP,D,completa,bronze,0,,baixa,não
op-50ec4e9cec78,FUNDACAO CULTURAL DE RIO DO SUL — CREDENCIAMENTO PARA EVENTUAIS E FUTURAS CONTRATAÇÕES DE SERVIÇOS ARTÍSTICOS E CULTURAIS PELA FUNDAÇÃO CULTURAL DE RIO DO SUL/S,FUNDACAO CULTURAL DE RIO DO SUL,D,completa,bronze,0,,baixa,não
op-0cf2e2e7b597,"FUNDACAO ESTATAL DE ATENCAO EM SAUDE DO ESTADO DO PARANA - FUNEAS-PARANA — Contratação de entidade qualificada em formação técnico-profissional metódica, devida",FUNDACAO ESTATAL DE ATENCAO EM SAUDE DO ESTADO DO PARANA - FUNEAS-PARANA,D,completa,bronze,0,,baixa,não
op-ec46868d52e8,FUNDACAO MUNICIPAL DE CULTURA DE BOMBINHAS — EDITAL DE CREDENCIAMENTO ELETRÔNICO DE PESSOAS JURÍDICAS PARA A PRESTAÇÃO DE SERVIÇOS DE CAPTAÇÃO DE RECURSOS ATRAV,FUNDACAO MUNICIPAL DE CULTURA DE BOMBINHAS,D,completa,bronze,0,,baixa,não
op-a60107d0cc0c,FUNDO MUNICIPAL DE ASSISTENCIA SOCIAL - FMAS DO MUNICIPIO DE MAJOR VIEIRA — CREDENCIAMENTO DE ENTIDADES PARA PRESTAÇÃO DE SERVIÇOS DE ACOLHIMENTO INSTITUCIONAL ,FUNDO MUNICIPAL DE ASSISTENCIA SOCIAL - FMAS DO MUNICIPIO DE MAJOR VIEIRA,V,parcial,bronze,3,,baixa,depende
op-23d46fc0806e,FUNDO MUNICIPAL DE ASSISTENCIA SOCIAL DE GUARAMIRIM — CREDENCIAMENTO DE INSTITUIÇÃO DE ACOLHIMENTO DESTINADO A PESSOAS (ADULTOS) DE AMBOS OS SEXOS E GRUPO FAMIL,FUNDO MUNICIPAL DE ASSISTENCIA SOCIAL DE GUARAMIRIM,V,parcial,prata,3,,baixa,depende
op-662c854db2d6,"FUNDO MUNICIPAL DE ASSISTENCIA SOCIAL DE INHUMAS - FMAS — CHAMAMENTO PÚBLICO O CREDENCIAMENTO DE INSTITUIÇÕES DE LONGA PERMANÊNCIA PARA IDOSOS  ILPIS, REGULARM",FUNDO MUNICIPAL DE ASSISTENCIA SOCIAL DE INHUMAS - FMAS,V,parcial,bronze,3,,baixa,sim
op-f55f67246ae3,"FUNDO MUNICIPAL DE ASSISTENCIA SOCIAL DE MAFRA — Credenciamento de Instituição de Longa Permanência para Idosos, através da Secretaria Municipal de Assistência ",FUNDO MUNICIPAL DE ASSISTENCIA SOCIAL DE MAFRA,V,parcial,bronze,3,,baixa,depende
op-b1bcb659521d,FUNDO MUNICIPAL DE ASSISTENCIA SOCIAL DE PORTO BELO — Credenciamento de Instituições de Longa Permanência para Idosos (ILPI) para prestação desserviços de acolh,FUNDO MUNICIPAL DE ASSISTENCIA SOCIAL DE PORTO BELO,V,parcial,bronze,3,,baixa,depende
op-1d315d557bf2,"FUNDO MUNICIPAL DE ASSISTENCIA SOCIAL DE XANXERE — Credenciamento, para fins de contratação de pessoas jurídicas especializadas na prestação de serviços de acol",FUNDO MUNICIPAL DE ASSISTENCIA SOCIAL DE XANXERE,V,parcial,bronze,3,,baixa,depende
op-bd3b65156374,"FUNDO MUNICIPAL DE ASSISTENCIA SOCIAL — ASILAMENTO - Atender a necessidade de serviço de Instituição de Longa Permanência para Idoso (ILPI), visando cumprir o A",FUNDO MUNICIPAL DE ASSISTENCIA SOCIAL,V,completa,bronze,0,,baixa,depende
op-2cf1888b82c9,"FUNDO MUNICIPAL DE ASSISTENCIA SOCIAL — EDITAL DE CHAMAMENTO PÚBLICO VISANDO À SELEÇÃO DE ORGANIZAÇÕES DA SOCIEDADE CIVIL (OSCS) DE ASSISTÊNCIA SOCIAL, INSCRITA",FUNDO MUNICIPAL DE ASSISTENCIA SOCIAL,V,parcial,bronze,3,,baixa,sim
op-da70036250f5,FUNDO MUNICIPAL DE SAUDE - FMS — CREDENCIAMENTO DE ENTIDADES PRIVADAS SEM FINS LUCRATIVOS COM FINALIDADE ESTATUTÁRIA COMPATÍVEL COM SAÚDE E PROTEÇÃO ANIMAL para,FUNDO MUNICIPAL DE SAUDE - FMS,V,parcial,bronze,3,,baixa,depende
op-19b88685cd2a,"FUNDO MUNICIPAL DE SAUDE — Credenciamento de instituições privadas com ou sem fins lucrativos de assistência à saúde, interessadas em prestar serviços de proced",FUNDO MUNICIPAL DE SAUDE,D,completa,bronze,0,,baixa,não
op-f0947c875cab,"FUNDO MUNICIPAL DO BEM ESTAR SOCIAL — Credenciamento de instituições privadas, com ou sem fins lucrativos, para prestação complementar ao Sistema Único de Assis",FUNDO MUNICIPAL DO BEM ESTAR SOCIAL,V,parcial,bronze,3,,baixa,depende
op-46ae45345297,Facteur de Ciel — residências de escrita e criação,Facteur de Ciel,D,completa,bronze,0,,baixa,não
op-b9976b35bad1,Festival Itinerância O cinema é Rio - 2º edição,Mapa Cultural,D,completa,bronze,0,,baixa,não
op-2141297c79af,First Solar Corporate Charitable Fund of the Toledo Community Foundation,Toledo Community Foundation,P,pendente,bronze,12,,baixa,não
op-4f6187e4aa1d,Floresta+ Amazônia abre edital de até R$ 650 mil para projetos de povos e comunidades da Amazônia Legal,Observatório do Terceiro Setor — editais,A,completa,bronze,0,,baixa,não
op-0f5097604002,Fondation Jan Michalski — Residência para Escritores,Fondation Jan Michalski pour l'écriture et la littérature,D,completa,bronze,0,,baixa,não
op-d0862c8efaed,Fondo de Incentivo Cultural (FIC) 2026 — Uruguai,Ministerio de Educación y Cultura (MEC) — Fondo de Incentivo Cultural,A,parcial,bronze,1,,baixa,não
op-15fd111f0a6b,Formação em Captação e Gestão para Organizações de Periferia,Fiocruz / SOCULTFio / Secretaria Nacional de Periferias,D,completa,bronze,0,,baixa,depende
op-fffaf0fa453a,"Formulário de Escuta da Cultura: Mosaico de perfis, demandas e avaliação PNCC",,D,completa,bronze,0,,baixa,não
op-12126556b22a,Fortalecendo o Protagonismo Local na Agenda Climática,,A,completa,prata,0,,baixa,depende
op-6b528a6e15e6,Funcultura - Edital 01/2026 - Circulação e intercâmbio - Viagens a partir de dezembro,,R,completa,bronze,0,,baixa,não
op-3f29faf66e50,Funcultura - Edital 01/2026 - Circulação e intercâmbio - Viagens a partir de novembro,,R,completa,bronze,0,,baixa,não
op-66a134083774,Fundação Banco do Brasil e UnB lançam edital para apoiar o desenvolvimento de Tecnologias Sociais em todo o país,,A,completa,prata,0,,baixa,não
op-b945005df31a,"Fundação Calouste Gulbenkian — Apoio à Circulação Internacional 2026: até 5.000 € por projeto, em fluxo contínuo",Fundação Calouste Gulbenkian,V,completa,bronze,0,edição anual com janela 2027 não confirmada,média,não
op-c57943921ccd,Fundação Cargill abre inscrições para apoiar projetos de desenvolvimento institucional no Centro-Oeste,,R,completa,ouro,0,"mar/2027 (prevista: mesmo mês das edições de 2024, 2025, 2026)",baixa,não
op-a4e9356b7fb3,Fundação Cargill anuncia os 15 projetos selecionados na Chamada Semeia 2024,,A,completa,ouro,0,"mar/2027 (prevista: mesmo mês das edições de 2024, 2025, 2026)",baixa,depende
op-f67a78c33399,Fundação Grupo Volkswagen abre edital para fortalecer projetos de inclusão produtiva,,A,completa,bronze,0,,baixa,depende
op-062ff40a5ba0,Fundação Maria Emília abre edital com apoio de até R$ 1 milhão para projetos em saúde e educação,Fundação Maria Emília Pedreira Freire De Carvalho,V,completa,bronze,0,,baixa,
op-8cc691baa484,Fundação Maria Emília abre edital de até R$ 1 milhão para projetos de Saúde e Educação,Observatório do Terceiro Setor — editais,V,completa,bronze,0,Atual aberta (confirmada),baixa,sim
op-f28760a6931d,Fundo Baobá apoia estudantes negros em trajetórias internacionais nas áreas de STEM,Fundo Baobá,D,completa,bronze,0,,baixa,não
op-74377444fb3c,Fundo Baobá — Programa Marielle Franco,Fundo Baobá,V,completa,bronze,0,,baixa,depende
op-e646a4e960c3,Fundo Baobá — Programa de Aceleração do Desenvolvimento de Lideranças Femininas Negras: Marielle Franco,Fundo Baobá,V,parcial,bronze,1,,baixa,"sim, se composta por 85% ou mais de mulheres negras e atuante desde 2024 ou antes"
op-615382e4ae75,Fundo Brasil de Direitos Humanos visa apoiar projetos voltados ao fortaleci — Fortalecendo Direitos e Gestando um Mundo Novo,Fundo Brasil de Direitos Humanos visa apoiar projetos voltados ao fortaleci,A,completa,prata,0,"dez/2026 (prevista, a confirmar)",média,sim
op-f88c7adf1e60,Fundo Brasil de Direitos Humanos — Democracia e Direitos,Fundo Brasil de Direitos Humanos,A,completa,ouro,0,"dez/2026 (prevista, a confirmar)",média,sim
op-beb625683100,Fundo Brasil oferece apoio emergencial a defensores de direitos humanos em risco,,R,completa,bronze,0,,baixa,depende
op-324d63643a47,Fundo Casa Socioambiental — Juventudes e Justiça Climática,Fundo Casa Socioambiental,A,completa,prata,0,"jun/2027 (prevista: mesmo mês das edições de 2024, 2026)",baixa,depende
op-5eaa4319c8b5,Fundo Casa abre edital de R$ 2 milhões para apoiar iniciativas socioambientais no Brasil,Fundo Casa Socioambiental,A,completa,bronze,0,,baixa,depende
op-3b0cff5f13da,"Fundo Ecos lança edital de R$ 3,3 milhões para fortalecer iniciativas na Amazônia Legal",,A,completa,ouro,0,"out/2027 (prevista: mesmo mês das edições de 2024, 2025, 2026)",baixa,não
op-4b98f4845091,Fundo Ecos oferece até R$ 150 mil para projetos socioambientais na Amazônia Legal,,A,completa,ouro,0,"out/2027 (prevista: mesmo mês das edições de 2024, 2025, 2026)",baixa,não
op-b2594281fffd,"Fundo Hydro abre inscrições para projetos comunitários e negócios sustentáveis no Pará Edital do Programa Corredor, do Fundo Hydro vai selecionar iniciativas de",Motor do Piloto — busca aberta no terceiro setor,A,completa,prata,0,,baixa,não
op-d108c1dc0e6e,Fundo Municipal do Idoso de Goiânia — Goiás / Goiânia,Ministério dos Direitos Humanos e da Cidadania,A,parcial,bronze,1,,baixa,não
op-cadde20d792d,Fundo de Cidadania Ativa prorroga inscrições para apoiar até 30 iniciativas comunitárias em periferias de Campinas,,R,parcial,bronze,5,,baixa,não
op-8e13f4139c14,Fundo de Fomento Cultural (Portugal) — Projetos de cruzamento entre cultura e tecnologia,Fundo de Fomento Cultural / GEPAC — Ministério da Cultura de Portugal,A,parcial,bronze,3,,baixa,não
op-d37536d65844,"GOIAS TRIBUNAL DE JUSTICA DO ESTADO DE GOIAS — Credenciamento de entidades sem fins lucrativos aptas à coleta, transportes, pesagem, triagem e destinação ambien",GOIAS TRIBUNAL DE JUSTICA DO ESTADO DE GOIAS,V,parcial,bronze,2,,baixa,
op-ea527b0908ca,"Global Gastronomy Museum — ""Foodstay"" Artist Residency",Global Gastronomy Museum,D,completa,bronze,0,,baixa,não
op-277b1660b84d,Goiânia — Diário Oficial de Goiânia — edição 8866 (2026-09-18) — chamamento público,Prefeitura de Goiânia,D,completa,bronze,0,,baixa,depende
op-ffa687ceb829,Goiânia — Diário Oficial de Goiânia — edição 8867 (2026-09-21) — chamamento público,Prefeitura Municipal de Goiânia,D,completa,bronze,0,,baixa,depende
op-b5c0f75c259c,Goiânia — Diário Oficial de Goiânia — edição 8868 (2026-09-22) — chamamento público,Prefeitura Municipal de Goiânia,D,completa,bronze,0,,baixa,depende
op-bc372f02becb,Goiânia — Diário Oficial de Goiânia — edição 8869 (2026-09-23) — chamamento público,Prefeitura de Goiânia,P,pendente,bronze,12,,baixa,depende
op-0b909fc89a30,Goiânia — Diário Oficial de Goiânia — edição 8870 (2026-09-24) — chamamento público,Prefeitura de Goiânia,D,completa,bronze,0,,baixa,não
op-3ed08bce4742,Goiânia — Diário Oficial de Goiânia — edição 8872 (2026-09-28) — chamamento público,Prefeitura de Goiânia,D,completa,bronze,0,,baixa,não
op-9b33d698ef57,Google para organizações sem fins lucrativos,,R,completa,bronze,0,,baixa,depende
op-cee4db2736a0,Grupo Equatorial abre chamada com mais de R$ 61 milhões para projetos de eficiência energética,,V,completa,bronze,0,,baixa,
op-f906f17ab63d,Gráfica do Exército — AVISO DE CHAMAMENTO PÚBLICO Nº 1/2026 — é selecionar as associações e/ou cooperativas de catadores de materiais recicláveis e reutilizávei,Diário Oficial da União,V,parcial,bronze,1,,baixa,não
op-41f2f35c93d7,Guggenheim Fellowship 2027,John Simon Guggenheim Memorial Foundation,D,completa,bronze,12,,baixa,não
op-a5a65a1169d5,HIP HOP LAB,,A,completa,prata,0,,baixa,não
op-1a2fd4ded5b6,HKBU International Writers' Workshop 2027,Hong Kong Baptist University (IWW),D,completa,bronze,0,,baixa,não
op-c793b9ab338a,Home - BNDES Investor Relations,BNDES,D,completa,bronze,12,,baixa,
op-6a7ae314fd4f,I Mostra e Festival Forró Pé de Serra de Colatina,,R,completa,bronze,0,,baixa,depende
op-ec0b367f99c4,ICA — Protocolo Luso-Brasileiro de Coprodução Cinematográfica,"Instituto do Cinema e do Audiovisual, I.P. (ICA)",A,parcial,bronze,1,,baixa,não
op-89f2538b8946,ICA — Protocolo Luso-Brasileiro de Coprodução Cinematográfica 2026: 350 mil € para longas Brasil–Portugal (até 175 mil € por filme),,R,completa,bronze,0,,baixa,não
op-ddd47f502fbb,"INSTITUTO DE ASSISTENCIA MEDICA AO SERVIDOR PUBLICO ESTADUAL — Credenciamento de Prest. de Serv. de Assist. à Saúde, em regime hospitalar para internação psiqui",INSTITUTO DE ASSISTENCIA MEDICA AO SERVIDOR PUBLICO ESTADUAL,D,completa,bronze,0,,baixa,não
op-afc234961ea4,"INSTITUTO FEDERAL DE EDUCACAO, CIENCIA E TECNOLOGIA DO SUL DE MINAS GERAIS — O presente procedimento tem por objeto o credenciamento de associações e/ou coopera","INSTITUTO FEDERAL DE EDUCACAO, CIENCIA E TECNOLOGIA DO SUL DE MINAS GERAIS",V,parcial,prata,3,,baixa,depende
op-c44cf59a0ae9,ITAJAÍ EM TRAÇOS: concurso cultural livre,,D,completa,bronze,0,,baixa,não
op-44e74e23bf56,ITEC inicia seleção de professores para formar corpo docente de sua graduação em Ciência da Computação,,D,completa,bronze,0,,baixa,não
op-e2a50ceb0abe,"IV FESCAM – Festival da Canção de Medianeira – Edição 2026, festival de interpretação musical destinado… — MUNICIPIO DE MEDIANEIRA",MUNICIPIO DE MEDIANEIRA,D,completa,bronze,0,,baixa,não
op-05a7297e7b86,Ibermúsicas - Apoio à Circulação de Profissionais da Música,"Programa Ibermúsicas (cooperação ibero-americana; no Brasil, ponto focal Funarte)",A,completa,bronze,0,Convocatórias 2027 (projetos de 2028) a publicar em meados de 2027 (prevista),média,não
op-4b02fb32242c,Ibermúsicas — Ajuda a artistas e pesquisadores para mobilidade,Programa Ibermúsicas,A,completa,bronze,0,Convocatórias 2027 (projetos de 2028) a publicar em meados de 2027 (prevista),média,não
op-0dc2a86635d2,Importação de Certificados por Editais,,D,completa,bronze,0,,baixa,não
op-d9a45236789f,Iniciativa Amazônia+10 – Chamada do Programa Desafios da Amazônia,,A,completa,bronze,0,,baixa,não
op-51cc934a04b4,Iniciativa Viva Pequena África — Edital Rede Memória Viva,GIFE — seleção de editais (via GIFE),V,completa,bronze,0,,baixa,sim
op-88c2f74b9158,Inscrições Abertas,,D,completa,bronze,12,,baixa,
op-d0889579cb2f,Inscrições Abertas — Goiás,FAPEG,D,completa,bronze,0,,baixa,não
op-aff71483f39b,Instituto Clima e Sociedade abre edital de até R$ 500 mil para projetos de comunicação climática,Observatório do Terceiro Setor — editais,A,completa,bronze,0,,baixa,depende
op-2d6b198ea3b4,Instituto Impactarte abre edital para projetos de impacto social com apoio de até R$ 150 mil,Instituto Impactarte,A,completa,bronze,0,,baixa,sim
op-de87e6e6397f,Instituto Lojas Renner abre edital com até R$ 10 mil para fortalecer organizações sociais,Observatório do Terceiro Setor — editais,A,completa,bronze,0,"2027 (provável, não confirmada)",média,não
op-efd148c06742,Instituto Lojas Renner e Instituto ACP abrem inscrições para formação gratuita de OSCs que promovem os direitos das mulheres,,A,completa,bronze,0,,baixa,sim
op-8e0a537d4253,Instituto Lojas Renner lança edital nacional para investir mais de R$ 1 milhão em projetos de inclusão socioprodutiva de mulheres Observatório 3º Setor (fonte) ,Piloto - Espião — busca aberta no terceiro setor,A,completa,bronze,0,,baixa,depende
op-c08fc48e493c,Instituto Sabin abre inscrições para programa de aceleração de negócios de impacto social,,A,completa,bronze,0,jun–jul/2027 (prevista),média,depende
op-a916ebb8dd67,Instituto Sociedade População e Natureza — Fundo Ecos,Instituto Sociedade População e Natureza,V,completa,ouro,0,"nov/2027 (prevista: mesmo mês das edições de 2024, 2025, 2026)",baixa,depende
op-2b2da12c7dc4,Instituto Sociedade População e Natureza — Projetos socioambientais,Instituto Sociedade População e Natureza,V,completa,bronze,0,novos editais ao longo de 2026-2027,média,"Sim, se atuar nas paisagens citadas"
op-3013877e2a10,Itaú Unibanco abre inscrições para a 6ª Edição do Edital Itaú Esporte,,R,parcial,prata,3,,baixa,"sim, em tese"
op-0d9320351ce9,JUSTICA FEDERAL DE PRIMEIRA INSTANCIA — CREDENCIAMENTO de associações e cooperativas para coleta de material eletroeletrônico para destinação de logística rever,JUSTICA FEDERAL DE PRIMEIRA INSTANCIA,V,parcial,prata,3,,baixa,depende
op-da409fb7c20f,Jornada Fortalecidas (formação de OSCs de direitos das mulheres),Instituto Lojas Renner,D,completa,bronze,0,"2027, não confirmada",baixa,"Sim, se OSC de mulheres"
op-5de4b223a191,Jornada Liga STEAM,,D,completa,bronze,0,,baixa,não
op-6ddffdbfa2d9,Juventude Solidária está com inscrições abertas para projetos sociais em todo o país,,R,completa,bronze,0,,baixa,"sim, em tese"
op-2d39b48bb9bb,K3 Tanzplan Hamburg — Residência para Coreógrafos,K3 – Zentrum für Choreographie / Tanzplan Hamburg,D,completa,bronze,0,,baixa,não
op-75022b6eb36c,"Kala Yatra International Artist Residency, 2025 -2026",Res Artis (rede de residências),D,completa,bronze,0,,baixa,não
op-ac8135a515e8,Karibu foundation abre inscricoes para iniciativas do sul global com bolsas de ate us 20 mil,,A,completa,bronze,0,,baixa,
op-c4cedba16aa1,Kometa Fellows — bolsa de €10 mil para jornalismo,Kometa,D,completa,bronze,0,,baixa,não
op-18abd4c4f657,LGBTQIAPN+: Defendendo Direitos 2026,Fundo Brasil de Direitos Humanos,A,completa,prata,0,,baixa,sim
op-7fdb7594de89,Laboratório de Projetos 2026,Instituto Cactus,A,completa,bronze,0,,baixa,depende
op-445631fecc0d,"Laç(z)os Artísticos (2ª edição, DGARTES/Camões/OEI)","DGARTES / Camões, I.P. / OEI",D,completa,bronze,0,,baixa,não
op-239b16f8d334,Laçzos Artísticos - Chamada Especial CPLP,Funarte,R,completa,bronze,0,,baixa,Não
op-199091a239bd,Legenda: UNAIDS publica  Edital  para seleção de projetos focados no desenvolvimento de ações nos territórios. Prazo para envio de propostas se encerra em 22 de,Motor do Piloto — busca aberta no terceiro setor,A,completa,prata,0,"dez/2027 (prevista: mesmo mês das edições de 2025, 2026)",baixa,depende
op-cd9c27fceaf1,Lei Rouanet — apresentação de propostas culturais no SALIC (2026): de 01/02 a 31/10,Ministério da Cultura — SEFIC,R,completa,bronze,0,01/02/2027 a 31/10/2027 (prevista),média,sim
op-116c20eb33c4,Ler Mais Sobre21/08/2025 - Chamada Pública para Apoio a Projetos Sociais com Amparo em Incentivos Fiscais 2025  »,Banco do Nordeste — Editais Sociais (incentivo fiscal),A,parcial,prata,6,"ago/2027 (prevista: mesmo mês das edições de 2025, 2026)",média,depende
op-3294f50ae1e4,"Ler Mais Sobre24/09/2025 – Inscrições abertas para apresentação de projetos ao amparo dos programas sociais Pronon, Pronas-PCD e Lei de Incentivo à Reciclagem  ",Banco do Nordeste — Editais Sociais (incentivo fiscal),A,parcial,prata,6,ago/2027 prevista,média,depende
op-732329d4b16c,Les Nuits Magiques — Festival Internacional de Animação,Les Nuits Magiques,D,completa,bronze,0,,baixa,não
op-4d4cfc242a2f,Linhas de Fomento | FAPEMIG,,R,parcial,bronze,2,,baixa,não
op-5aba2c48c9c1,MDA lança edital de até R$ 500 mil para fortalecer a agricultura familiar e a sociobiodiversidade,,A,completa,bronze,0,,baixa,sim
op-d3fc6b5a139e,MECENAS DO CEARÁ 2026,,V,completa,bronze,0,,baixa,não
op-d554bdccb4e2,MMA (meio ambiente) — AVISO DO CHAMAMENTO PÚBLICO Nº 3/2026,MMA (meio ambiente),V,completa,bronze,0,,baixa,depende
op-0b3c9fd977f0,MPF divulga lista de instituições selecionadas para receber bens doados — Goiás,Ministério Público Federal,R,completa,bronze,0,,baixa,depende
op-655f62da892b,MPT divulga nova portaria e edital e convoca entidades para atualizar cadastro de destinações,MPT nacional — nao identificada,R,completa,prata,0,Fluxo contínuo até novo ato convocatório (confirmada),média,depende
op-ed26a06444c9,MUNICIPIO DE AMERICANA — CREDENCIAMENTO DE INSTITUIÇÕES DE LONGA PERMANÊNCIA PARA ACOLHIMENTO DE IDOSOS DO SEXO FEMININO OU MASCULINO - I.L.P.I. – GRAU III DE D,MUNICIPIO DE AMERICANA,V,parcial,prata,3,,baixa,depende
op-a9f71e1ae969,"MUNICIPIO DE ANCHIETA — VISA CONTRATAÇÃO DE VAGAS EM INSTITUIÇÃO DE LONGA PERMANENCIA PARA PESSOAS IDOSAS, PARA ATENDER A DEMANDA DA SECRETARIA MUNICIPAL DE ASS",MUNICIPIO DE ANCHIETA,D,completa,bronze,0,,baixa,não
op-71dc1333b116,MUNICIPIO DE ANGRA DOS REIS — Credenciamento de Cooperativas e Associações interessadas em receber Remuneração Complementar pela prestação de serviços de coleta,MUNICIPIO DE ANGRA DOS REIS,V,parcial,bronze,4,,baixa,depende
op-b6a42892d4a6,MUNICIPIO DE ARTUR NOGUEIRA — EDITAL DE CREDENCIAMENTO PARA EXECUÇÃO DE TERMO DE COLABORAÇÃO PARA OSC’S PRESTADORAS DE SERVIÇO DA ASSISTENCIA SOCIAL NO AMBITO D,MUNICIPIO DE ARTUR NOGUEIRA,V,parcial,prata,4,,baixa,depende
op-a94fd2c771e8,MUNICIPIO DE BANDEIRANTES DO TOCANTINS — Credenciamento de serviços gráficos especializados para confecção de materiais institucionais e informativos destinados,MUNICIPIO DE BANDEIRANTES DO TOCANTINS,D,completa,bronze,0,,baixa,não
op-a6132345a958,"MUNICIPIO DE BOA HORA — CONTRATAÇÃO DE PRESTADOR DE SERVIÇOS PARA EXECUÇÃO DE CAPACITAÇÃO, QUALIFICAÇÃO E FORMAÇÃO DE AGENTES CULTURAIS (AUDIOVISUAL, TEATRO), N",MUNICIPIO DE BOA HORA,D,completa,bronze,0,,baixa,não
op-6781eb606fbc,MUNICIPIO DE BOM JESUS DO OESTE — CONTRATAÇÃO DE PESSOA JURÍDICA ESPECIALIZADA NA PRESTAÇÃO DE SERVIÇOS DE ACOLHIMENTO INSTITUCIONAL EM INSTITUIÇÕES DE LONGA PE,MUNICIPIO DE BOM JESUS DO OESTE,D,completa,bronze,0,,baixa,depende
op-ce70207bbc94,"MUNICIPIO DE BRUSQUE — [Portal de Compras Públicas] - CREDENCIAMENTO DE ARTISTAS, GRUPOS ARTÍSTICOS, PROFISSIONAIS DA CULTURA, OFICINEIROS, RECREADORES, INTÉRPR",MUNICIPIO DE BRUSQUE,D,completa,bronze,0,,baixa,não
op-03c5c664933f,"MUNICIPIO DE CACHOEIRINHA — Seleção de Organização da Sociedade Civil - OSC, por meio de Chamamento Público, para celebração de Termo de Colaboração, visando à ",MUNICIPIO DE CACHOEIRINHA,V,parcial,bronze,4,,baixa,sim
op-48977a8975ad,MUNICIPIO DE CAIBI — CREDENCIAMENTO DE INSTITUIÇÔES PARA PRESTAÇÃO DE SERVIÇOS DE ACOLHIMENTO INSTITUCIONAL DE LONGA PERMANÊNCIA PARA PESSOAS IDOSAS,MUNICIPIO DE CAIBI,D,completa,bronze,0,,baixa,depende
op-95a3a52a9382,"MUNICIPIO DE CAMPINA DA LAGOA — Chamamento Público de Instituições/Associações Estudantis e de Acadêmicos, sem ?ns lucrativos, regularmente constituídas, locali",MUNICIPIO DE CAMPINA DA LAGOA,V,parcial,bronze,3,,baixa,não
op-33a3ea5fda7e,"MUNICIPIO DE CANELA — [Portal de Compras Públicas] - contratação de pessoas jurídicas especializadas na prestação de serviço de acolhimento institucional, conti",MUNICIPIO DE CANELA,D,completa,bronze,0,,baixa,depende
op-fac261c78293,MUNICIPIO DE CANOAS — EDITAL Nº. 305/2024 CHAMAMENTO PÚBLICO – O Município de Canoas torna pública a abertura de inscrições que tem por objeto o credenciamento ,MUNICIPIO DE CANOAS,D,completa,bronze,0,,baixa,depende
op-9524633d128b,MUNICIPIO DE CANOAS — O Município de Canoas torna pública a abertura de inscrições que tem por objeto o credenciamento de grupos e/ou artistas individuais da ár,MUNICIPIO DE CANOAS,D,completa,bronze,0,,baixa,depende
op-ca90e373fe73,"MUNICIPIO DE CAPINZAL — Serviços de acolhimento, residência terapêutica e instituição de longa permanência para idosos, destinados ao Município de Capinzal e se",MUNICIPIO DE CAPINZAL,D,completa,bronze,0,,baixa,depende
op-bdb02a186ffa,"MUNICIPIO DE CASTELO — Credenciamento de cooperativas e associações que estejam legalmente habilitadas para Coleta Seletiva de resíduos recicláveis, classificad",MUNICIPIO DE CASTELO,V,parcial,bronze,2,,baixa,depende
op-db3a5b5a861e,MUNICIPIO DE CASTRO — CHAMAMENTO PÚBLICO PARA FINS DE CREDENCIAMENTO DE COOPERATIVA OU ASSOCIAÇÃO OU DA INICI­ATIVA PRIVADA DE MATERIAIS RECICLÁVEIS ESPECIALIZA,MUNICIPIO DE CASTRO,V,parcial,bronze,2,,baixa,depende
op-93bf84cd4b54,"MUNICIPIO DE CEU AZUL — CREDENCIAMENTO de Instituições de Longa Permanência para Idosos (ILPIs), que tenham interesse em prestar serviços de acolhimento institu",MUNICIPIO DE CEU AZUL,V,parcial,bronze,2,,baixa,depende
op-1d10c500fc10,"MUNICIPIO DE CONFINS — CHAMADA PÚBLICA PARA CREDENCIAMENTO DE ARTISTAS, BANDAS, GRUPOS CULTURAIS, COLETIVOS ARTÍSTICOS, PROFISSIONAIS DO AUDIOVISUAL E DEMAIS AG",MUNICIPIO DE CONFINS,D,completa,bronze,0,,baixa,não
op-95d641fc23f4,"MUNICIPIO DE CURITIBA — CREDENCIAMENTO DE AGRICULTORES FAMILIARES, COOPERATIVAS E ASSOCIAÇÕES, INTERESSADAS EM FORNECER PRODUTOS DE HORTIFRUTIS ORIUNDOS DA AGRI",MUNICIPIO DE CURITIBA,D,completa,bronze,0,,baixa,não
op-52f57c81e9f9,"MUNICIPIO DE CURITIBA — Chamamento público nº 001/2023 para Credenciamento de agricultores familiares, cooperativas e associações interessados em fornecer produ",MUNICIPIO DE CURITIBA,D,completa,bronze,0,,baixa,não
op-a6b4dd53ed06,"MUNICIPIO DE DOIS VIZINHOS — Credenciamento de entidades filantrópicas, entidades sem fins lucrativos ou empresas privadas para realização de exames laboratoria",MUNICIPIO DE DOIS VIZINHOS,D,completa,bronze,0,,baixa,não
op-bf538714dea1,MUNICIPIO DE ENCRUZILHADA DO SUL — [Portal de Compras Públicas] - redenciamento de Pessoas Jurídicas para prestação de serviços ACOLHIMENTO EM RESIDENCIAL TIPO ,MUNICIPIO DE ENCRUZILHADA DO SUL,D,completa,bronze,0,,baixa,não
op-6e38beadc0f6,"MUNICIPIO DE ESTANCIA VELHA — 1.1. O presente Edital tem como objeto o credenciamento de Organizações da Sociedade Civil (OSCs) sem fins lucrativos, para a cele",MUNICIPIO DE ESTANCIA VELHA,V,parcial,prata,3,,baixa,depende
op-531a7fa2f804,MUNICIPIO DE GUAIRA — Credenciamento de cooperativas de crédito autorizadas a funcionar pelo Banco Central do Brasil e legalmente aptas à captação de recursos m,MUNICIPIO DE GUAIRA,D,completa,bronze,0,,baixa,não
op-2c93c1c729bb,"MUNICIPIO DE GUARATUBA — Credenciamento de Organizações da Sociedade Civil (OSC), conforme o disposto na Lei Federal nº 13.019/2014, alterada pela Lei nº. 13.20",MUNICIPIO DE GUARATUBA,V,parcial,prata,3,,baixa,depende
op-382b8e9e0446,"MUNICIPIO DE IGUAPE — Credenciamento de Instituições de Longa Permanência para Idosos(ILPIs), classificadas nos Graus I, II e III de complexidade, visa àcontrat",MUNICIPIO DE IGUAPE,D,completa,bronze,0,,baixa,não
op-11dbfcb0f246,MUNICIPIO DE ITAGIBA — Chamamento Público a seleção de associação ou cooperativa de catadores de materiais recicláveis para a CONTRATAÇÃO REMUNERADA da prestaçã,MUNICIPIO DE ITAGIBA,D,completa,bronze,0,,baixa,não
op-fe4f78c047f4,MUNICIPIO DE ITAMONTE — Credenciamento de entidades privadas sem fins lucrativos para a prestação de serviços de acolhimento institucional para crianças e adole,MUNICIPIO DE ITAMONTE,D,completa,bronze,0,,baixa,não
op-6aa3618b9161,MUNICIPIO DE ITATINGA — Seleção de projetos para firmar termo de execução cultural com recursos da política nacional Aldir Blanc de fomento à cultura – PNAB (le,MUNICIPIO DE ITATINGA,A,parcial,bronze,4,,baixa,depende
op-e520da727edc,"MUNICIPIO DE IVAIPORA — PREMIAÇÃO POR TRAJETÓRIA, PREVISTO EM PLANO DE AÇÃO DA PNAB, EM ATENDIMENTO ÀS NECESSIDADES DA SECRETARIA MUNICIPAL DE CULTURA",MUNICIPIO DE IVAIPORA,D,completa,bronze,0,,baixa,não
op-b77a274d9d13,"MUNICIPIO DE JAGUARIUNA — CH001/2026 (SEOS) - Credenciamento, de caráter não competitivo, de pessoas jurídicas, cooperativas e associações legalmente constituíd",MUNICIPIO DE JAGUARIUNA,D,completa,bronze,0,,baixa,não
op-bd40446f78b0,"MUNICIPIO DE JANDAIRA — CREDENCIAMENTO DE ARTISTAS, GRUPOS, COLETIVOS E AGENTES CULTURAIS, NOS TERMOS DA LEI FEDERAL Nº 14.399/2022 (POLÍTICA NACIONAL ALDIR BLA",MUNICIPIO DE JANDAIRA,D,completa,bronze,0,,baixa,não
op-6af14fb81463,"MUNICIPIO DE JAPERI — CHAMAMENTO PÚBLICO PARA SELEÇÃO PÚBLICA DE ENTIDADES PRIVADAS SEM FINS LUCRATIVOS, QUALIFICADAS COMO ORGANIZAÇÕES SOCIAIS NO MUNICÍPIO DE ",MUNICIPIO DE JAPERI,V,parcial,bronze,3,,baixa,depende
op-ea5dcc842783,"MUNICIPIO DE LAGOA SANTA — CREDENCIAMENTO DE PROPOSTAS ARTÍSTICAS, INDIVIDUAIS, E/OU COLETIVOS, E PROFISSIONAIS DE SEGUIMENTOS ARTÍSTICOCULTURAIS, PARA A RESTAÇ",MUNICIPIO DE LAGOA SANTA,D,completa,bronze,0,,baixa,não
op-044c4134f4c4,"MUNICIPIO DE LAJEADO — Chamamento Público para credenciamento de Instituições de Longa Permanência de Idosos, do município de Lajeado/RS, para oferecimento de v",MUNICIPIO DE LAJEADO,D,completa,bronze,0,,baixa,não
op-4a9c4300291d,"MUNICIPIO DE MARATAIZES — CREDENCIAMENTO DE INSTITUIÇÃO DE LONGA PERMANÊNCIA ESPECIALIZADA NO ACOLHIMENTO INSTITUCIONAL PARA IDOSOS COM 60 ANOS OU MAIS, DE AMBO",MUNICIPIO DE MARATAIZES,D,completa,bronze,0,,baixa,não
op-f7bca31d55fd,MUNICIPIO DE MATINHOS — CREDENCIAMENTO DE INSTITUIÇÕES ESPECIALIZADAS PARA PRESTAÇÃO DE SERVIÇOS DE ACOLHIMENTO INSTITUCIONAL DE LONGA PERMANÊNCIA DESTINADOS A ,MUNICIPIO DE MATINHOS,D,completa,bronze,0,,baixa,não
op-a4c70dd66c01,MUNICIPIO DE MONTES CLAROS — CHAMAMENTO PUBLICO PARA O CREDENCIAMENTO DE ESTABELECIMENTOS HOSPITALARES DE SAUDE DE NATUREZA PUBLICA FILANTROPICA E OU PRIVADA CO,MUNICIPIO DE MONTES CLAROS,D,completa,bronze,0,,baixa,depende
op-c35dfb6b9c98,MUNICIPIO DE MURIAE — Credenciamento para prestação de serviços de acolhimento Institucional de Longa Permanência para Idosos (ILPI) para acolhimento de idosos ,MUNICIPIO DE MURIAE,D,completa,bronze,0,,baixa,depende
op-23da1e12831e,"MUNICIPIO DE NOVA IPIXUNA — [Portal de Compras Públicas] - CREDENCIAMENTO DE INSTITUIÇÕES FILANTRÓPICAS OU EMPRESAS SEM FINS LUCRATIVOS, PARA PRESTAÇÃO DE SERVI",MUNICIPIO DE NOVA IPIXUNA,D,completa,bronze,0,,baixa,depende
op-5e8cc7e38c06,"MUNICIPIO DE NOVA PALMEIRA — Credenciamento de facilitadores, profissionais e assessoria técnica para atuar no projeto ""DE TODOS PARA TODOS"" centro de inclusão ",MUNICIPIO DE NOVA PALMEIRA,D,completa,bronze,0,,baixa,não
op-c0c4db5ca468,"MUNICIPIO DE NOVA PALMEIRA — credenciamento de articuladores, profissionais e assessoria técnica para atuar no projeto “TENDA ITINERANTE - ESPAÇO DAS HISTÓRIAS ",MUNICIPIO DE NOVA PALMEIRA,D,completa,bronze,0,,baixa,não
op-918b99eb3620,"MUNICIPIO DE NOVA SANTA RITA — CREDENCIAMENTO DE INSTITUIÇÕES DE LONGA PERMANÊNCIA PARA IDOSOS (ILPI), públicas ou privadas, com ou sem fins lucrativos, para a ",MUNICIPIO DE NOVA SANTA RITA,D,completa,bronze,0,,baixa,depende
op-b1fa835db3b4,"MUNICIPIO DE OLINDINA — Chamamento Público é o credenciamento de artistas, grupos e coletivos culturais para compor a programação dos eventos realizados pela SE",MUNICIPIO DE OLINDINA,D,completa,bronze,0,,baixa,não
op-597d53cbacb6,"MUNICIPIO DE PALMEIRA DOS INDIOS — CREDENCIAMENTO DE CARÁTER PERMANENTE DAS ORGANIZAÇÕES DA SOCIEDADE CIVIL – OSC, na forma estabelecida neste Edital, com o obj",MUNICIPIO DE PALMEIRA DOS INDIOS,V,parcial,prata,4,,baixa,sim
op-562812c67e81,"MUNICIPIO DE PALMEIRA DOS INDIOS — Constitui-se objeto do presente Edital estabelecer o cumprimento das normas previstas na Lei Federal nº 13.019/2014, para o c",MUNICIPIO DE PALMEIRA DOS INDIOS,V,parcial,prata,4,,baixa,sim
op-d5b1fa2344ac,MUNICIPIO DE PAROBE — Formalização de parceria estabelecida pela Administração Pública com Organização da Sociedade Civil - OSC para a consecução de projetos de,MUNICIPIO DE PAROBE,V,parcial,bronze,4,,baixa,depende
op-ae5b9c2eed9f,"MUNICIPIO DE PASSOS — Credenciamento de Instituições de Longa Permanência para Idosos – ILPI, pessoas jurídicas de direito privado, com ou sem fins lucrativos, ",MUNICIPIO DE PASSOS,D,completa,bronze,0,,baixa,não
op-ca68d8869e4c,"MUNICIPIO DE POMBAL — Credenciamento, de instituições privadas, com ou sem fins lucrativos, prestadoras de serviços de saúde, interessadas em participar, de for",MUNICIPIO DE POMBAL,D,completa,bronze,0,,baixa,não
op-6dbc58b47faf,"MUNICIPIO DE PORTALEGRE — Contratação de artistas, grupos artísticos e agentes culturais para os eventos e demais programações do município de Portalegre/RN, ab",MUNICIPIO DE PORTALEGRE,D,completa,bronze,0,,baixa,não
op-21e20bbec125,"MUNICIPIO DE PORTALEGRE — Realização de Procedimento Auxiliar de Credenciamento, visando selecionar e habilitar artistas na categoria musical e agentes culturai",MUNICIPIO DE PORTALEGRE,D,completa,bronze,0,,baixa,não
op-242442dd1040,MUNICIPIO DE PORTO FELIZ — PREMIO CULTURAL COM RECURSOS DA POLITICA NACIONAL ALDIR BLANC DE FOMENTO A CULTURA NO MUNICIPIO DE PORTO FELIZ SP LEI N 14.399 2022,MUNICIPIO DE PORTO FELIZ,V,parcial,bronze,5,,baixa,depende
op-2f7f1e183702,MUNICIPIO DE PORTO VERA CRUZ — Credenciamento de INSTITUIÇÕES DE LONGA PERMANÊNCIA PARA ATENDER ABRIGAMENTO DE IDOSOS oriundos do Município de Porto Vera Cruz- ,MUNICIPIO DE PORTO VERA CRUZ,D,completa,bronze,0,,baixa,depende
op-668b86d4dc91,"MUNICIPIO DE QUATIGUA — Credenciamento para seleção de associação de estudantes regularmente constituída, sem fins lucrativos, para a cessão de uso, a título gr",MUNICIPIO DE QUATIGUA,V,parcial,bronze,4,,baixa,depende
op-6ff37055ad13,MUNICIPIO DE RIO BRANCO DO SUL — Credenciamento de associações e/ou cooperativas de catadores de materiais recicláveis para a prestação de serviços de processam,MUNICIPIO DE RIO BRANCO DO SUL,D,completa,bronze,0,,baixa,depende
op-ce08d2d6b36e,"MUNICIPIO DE RIO DE JANEIRO — Credenciamento de instituições privadas, sem fins lucrativos, que ofereçam acolhimento residencial de caráter transitório, destina",MUNICIPIO DE RIO DE JANEIRO,D,completa,bronze,0,,baixa,depende
op-82c44881b205,MUNICIPIO DE RIO NEGRO — Credenciamento de Instituições de acolhimento para pessoas adultas e de longa permanência para idosos.,MUNICIPIO DE RIO NEGRO,D,completa,bronze,0,,baixa,depende
op-126df3d4e7d2,MUNICIPIO DE SANTA CRUZ DO CAPIBARIBE — Seleção de propostas de projetos para celebração de Termo de Colaboração com Instituição Brasileira incumbida regimental,MUNICIPIO DE SANTA CRUZ DO CAPIBARIBE,A,parcial,prata,4,,baixa,depende
op-a6ff7d547a92,"MUNICIPIO DE SANTA CRUZ — Credenciamento de artistas individuais, grupos ou coletivos para a pintura de painéis, tipificados como “intervenções artísticas”, uti",MUNICIPIO DE SANTA CRUZ,D,completa,bronze,0,,baixa,não
op-b5ed3d6f82af,MUNICIPIO DE SANTA HELENA — CHAMAMENTO PÚBLICO COM A FINALIDADE DE SELECIONAR PROJETOS ESPORTIVOS VISANDO ATENDER O PROGRAMA DE FOMENTO E INVENTIVO AO ESPORTE N,MUNICIPIO DE SANTA HELENA,V,parcial,bronze,4,,baixa,depende
op-4da424d1ec49,"MUNICIPIO DE SAO JOSE DO RIO PRETO — O PRESENTE CHAMAMENTO TEM POR OBJETO SELECIONAR 1 (UMA) PESSOA JURÍDICA DE DIREITO PRIVADO, COM OU SEM FINS LUCRATIVOS, PAR",MUNICIPIO DE SAO JOSE DO RIO PRETO,V,parcial,bronze,4,,baixa,depende
op-43a1dfa15f53,MUNICIPIO DE SAPUCAIA DO SUL — Credenciamento de instituições e/ou organizações da sociedade civil que ofertem vagas para acolhimento institucional de pessoas i,MUNICIPIO DE SAPUCAIA DO SUL,R,parcial,bronze,5,,baixa,depende
op-c1e189d8e647,"MUNICIPIO DE TARUMA — Credenciamento de Instituições de Longa Permanência para Idosos - ILPIs, para acolhimento institucional integral de pessoas idosas com 60 ",MUNICIPIO DE TARUMA,R,parcial,bronze,4,,baixa,depende
op-224b42fd5df3,"MUNICIPIO DE TELEMACO BORBA — Credenciamento de cooperativas e associações de catadores de materiais recicláveis, bem como organizações não governamentais (ongs",MUNICIPIO DE TELEMACO BORBA,D,completa,bronze,0,,baixa,não
op-1995b432e0e1,"MUNICIPIO DE TRINDADE — CREDENCIAMENTO DE INSTITUIÇÕES DE ASSISTÊNCIA SOCIAL PARA ACOLHIMENTO INSTITUCIONAL DE IDOSOS (ILPI) E, EXCEPCIONALMENTE, PESSOAS COM DE",MUNICIPIO DE TRINDADE,V,parcial,bronze,5,,baixa,depende
op-6bdd21d35bd1,"MUNICIPIO DE VARGEM ALTA — CCREDENCIAMENTO DE INSTITUIÇÃO DE LONGA PERMANÊNCIA PARA PESSOA IDOSA – ILPI, ESPECIALIZADAS NA PRESTAÇÃO DO SERVIÇO DE ACOLHIMENTO I",MUNICIPIO DE VARGEM ALTA,V,parcial,bronze,5,,baixa,depende
op-7b44389e1794,"MUNICIPIO DE VERA CRUZ — Formalização de parceria através de Termo de Colaboração, com Organizações da Sociedade Civil (OSC), para atender até 30 (trinta) crian",MUNICIPIO DE VERA CRUZ,V,parcial,bronze,5,,baixa,depende
op-53aae39b4445,MacDowell Fellowship — residência artística multidisciplinar,MacDowell,D,completa,bronze,0,,baixa,não
op-a5ab49dc5678,Maleta Abierta 2026 — apoio a projetos de arte migrante,IBER-RUTAS / SEGIB,A,completa,bronze,0,,baixa,sim
op-167829dfd75a,"Mapfre abre seleção de projetos incentivados com foco em cultura, esporte e inclusão social Observatório 3º Setor (fonte) Aceita:   organizações da sociedade ci",Piloto - Espião — busca aberta no terceiro setor,P,pendente,bronze,6,,baixa,depende
op-0131c4dfc04c,Ministério Público Militar celebra Acordo de Não Persecução Penal em crime militar ambiental,MPM — 4ª PJM Rio de Janeiro,D,completa,bronze,0,,baixa,não
op-51a06b8f9593,Ministério da Cultura — Edital Biblioteca Comunitária é Cultura Viva,Ministério da Cultura,R,completa,bronze,0,Aberto em fluxo contínuo (confirmada),média,sim
op-131ef55818db,Ministério da Cultura — Programa Rouanet nas Favelas 2,Ministério da Cultura,R,completa,bronze,0,,baixa,não
op-dc483d6d6e67,Mostra Nacional Jovens Criadores 2026 (IPDJ/Gerador),IPDJ — Instituto Português do Desporto e Juventude,D,completa,bronze,0,,baixa,não
op-74c12b78444f,Mover se na web lanca chamada para projetos de inovacao tecnologica,,A,completa,prata,0,,baixa,
op-bf6fce065460,Movimento Bem Maior abre edital com apoio de até R$ 100 mil para organizações sociais,,A,parcial,bronze,2,jul–ago/2027 (7º Futuro Bem Maior) prevista,baixa,depende
op-96c84ef66572,Mulheres que Transformam o Futuro – Apoio a Soluções Comunitárias para a Resiliência Climática e a Justiça Socioambiental,"Fundo Casa Socioambiental (apoio: Fondation CHANEL, VEJA, MacKenzie Scott (Yield Giving))",A,completa,bronze,0,,baixa,depende
op-ddb6efaf3192,Ngangu Dance — aulas de dança gratuitas online (intercâmbio Angola–Brasil),Ngangu Dance / Funarte / MinC,D,completa,bronze,0,,baixa,não
op-d94ac7806d3a,Nota Técnica nº 9/2025 - GT Reversões - Decisão cautelar STF ADPF 944,MPT nacional — PGT - GT Reversoes,D,completa,bronze,0,,baixa,não
op-8957df886b04,O  Edital  nº 7/2026 tem como objetivo selecionar  organizações   da   sociedade   civil  para compor o Fórum Nacional pelo Protagonismo  das  Mulheres Idosas. ,Motor do Piloto — busca aberta no terceiro setor,D,completa,bronze,0,,baixa,não
op-32e97cdc706c,O  edital  estabelece critérios para a seleção de projetos de  organizações   da   sociedade   civil  voltados à promoção  da  justiça climática com perspectiva,Piloto - Espião — busca aberta no terceiro setor,A,completa,bronze,0,,baixa,depende
op-d381ebe85b75,O Município de Canoas torna pública a abertura de inscrições que tem por objeto o credenciamento de grupos… — MUNICIPIO DE CANOAS,MUNICIPIO DE CANOAS,D,completa,bronze,0,,baixa,depende
op-40427e68cf91,"O PRESENTE CHAMAMENTO TEM POR OBJETO SELECIONAR 1 (UMA) PESSOA JURÍDICA DE DIREITO PRIVADO, COM OU SEM FINS LUCRATIVOS, PARA CELEBRAÇÃO DE TERMO DE COOPERAÇÃO C",,P,pendente,bronze,12,,baixa,
op-0ffba7e4e181,"O PRESENTE PROCESSO DE CREDENCIAMENTO DE ARTISTA E PROFISSIONAIS DE ARTE E CULTURA, TEM COMO OBJETIVO… — FUNDACAO CULTURAL DE BRUSQUE",FUNDACAO CULTURAL DE BRUSQUE,D,completa,bronze,0,,baixa,não
op-1d8f072643da,"O UNAIDS publica, nesta quinta-feira (23), o  Edital  para seleção de  Organizações   da   Sociedade   Civil  (OSC), que selecionará até 10 propostas. Cada uma ",Motor do Piloto — busca aberta no terceiro setor,A,completa,prata,0,"dez/2027 (prevista: mesmo mês das edições de 2025, 2026)",baixa,depende
op-b0f7b36d18b7,O UNAIDS publicou  edital  para seleção de  Organizações   da   Sociedade   Civil  para desenvolver ações de mobilização social e de base comunitária visando à ,Motor do Piloto — busca aberta no terceiro setor,A,completa,prata,0,"dez/2027 (prevista: mesmo mês das edições de 2025, 2026)",baixa,depende
op-c76c3b43959c,"O credenciamento de artistas, músicos, profissionais diversos e produtores/ fomentadores de arte e cultura… — MUNICIPIO DE ITABERABA",MUNICIPIO DE ITABERABA,D,completa,bronze,0,,baixa,não
op-fe1942680f12,"O presente edital tem por finalidade credenciar artistas, empresas e entidades para intervenções artísticas… — MUNICIPIO DE BALNEARIO DE PICARRAS",MUNICIPIO DE BALNEARIO DE PICARRAS,D,completa,bronze,0,,baixa,não
op-b9a5b7e96c20,O presente instrumento tem como objetivo o credenciamento de bandas e artistas locais e regionais para… — MUNICIPIO DE RIO DE CONTAS,MUNICIPIO DE RIO DE CONTAS,D,completa,bronze,0,,baixa,não
op-a4a1bfda60cb,OFICINA PARA FORMAÇÃO DE PARECERISTAS DE EDITAIS NA ÁREA DA CULTURA,Mapa Cultural,D,completa,bronze,0,,baixa,não
op-15bb38464776,ONGOING OPEN CALL – ATLANTIC FOREST _ BRAZIL,Res Artis (rede de residências),D,completa,bronze,0,,baixa,não
op-90b04093eff9,Onu abre chamada para financiamento de organizacoes da sociedade civil,,A,completa,bronze,0,,baixa,
op-51f046c260a3,Organização Internacional para as Migrações abre edital para projetos comunitários na Amazônia,ABCR — Associação Brasileira de Captadores,A,parcial,bronze,6,,baixa,
op-0a781236293c,Organizações sociais - Casa Civil,,D,completa,bronze,0,,baixa,não
op-4aa1222546a5,"Os  editais  aqui disponibilizados são oportunidades voltadas ao desenvolvimento institucional de organizações da sociedade civil, realização de projetos sociai",Motor do Piloto — busca aberta no terceiro setor,A,completa,bronze,0,Não confirmada,baixa,depende
op-f27230d48ca0,Otte 1 — residência artística de 4 meses com bolsa,Künstlerhaus Otte 1,D,completa,bronze,0,,baixa,não
op-60ed2e219908,PDF EDITAL DE CREDENCIAMENTO DE No001/2026 - ORGANIZAÇÕES DA SOCIEDADE CIVIL,,R,completa,bronze,0,Fluxo contínuo; renovação anual do credenciamento (confirmada pelo edital),média,depende
op-055df7109811,PDF Edital De Chamamento Nº 01/2025 Estabelece a Seleção De Propostas De ...,,R,completa,prata,0,,baixa,só se a OSC tiver sede em Mineiros/GO e registro no CMDPI
op-329ea445fd11,"PDF Imagem digitalizada EDITAL No 02, DE 1 - guaranidegoias.go.gov.br",,D,completa,bronze,0,,baixa,não
op-6d8ba7df4bd6,PE: Judiciário beneficia 16 projetos sociais com a aplicação de penas pecuniárias,Conselho Nacional de Justiça (republicação),R,completa,bronze,0,,baixa,depende
op-183ade3a4be3,PNAB DIVINO SÃO LOURENÇO - 02/2026 - Seleção de projetos para firmar termo de execução cultural,,V,parcial,bronze,5,,baixa,não
op-ce6ad5846629,"PONTE NOVA CAMARA MUNICIPAL — Concurso Parlamento em Ação, projeto desenvolvido e gerenciado pela Escola do Legislativo da Câmara Municipal de Ponte Nova, integ",PONTE NOVA CAMARA MUNICIPAL,D,completa,bronze,0,,baixa,não
op-1699b476a8cf,"PONTE NOVA CAMARA MUNICIPAL — Concurso, referente a 5a edição da gincana “Sua casa, nossa Câmara!"", que premiará cidadãos e moradores de Ponte Nova participante",PONTE NOVA CAMARA MUNICIPAL,D,completa,bronze,0,,baixa,não
op-39ef4bcbd41d,PRESTAÇÃO DE INFORMAÇÕES - Edital de Patrocínio MINC/SECOM-PR nº 1/2024 - Cultura Viva - Apoio Cultural às Rádios Comunitárias,,D,completa,bronze,0,,baixa,não
op-fd6c13b5a00a,"PROCEDIMENTO AUXILIAR DE CREDENCIAMENTO DE ARTISTAS MUSICAIS, LOCAIS E REGIONAIS, PARA ATENDIMENTO DE… — MUNICIPIO DE CONEGO MARINHO",MUNICIPIO DE CONEGO MARINHO,D,completa,bronze,0,,baixa,não
op-93c0e7358fed,PROGRAMA INCUBADORA DE PROJETOS CULTURAIS — MARGEM HUB — CHAMADA ABERTA Nº 01/2026,,R,completa,bronze,0,,baixa,depende
op-c164ab14c73c,Parque Bondinho Pão de Açúcar abre edital para projetos culturais incentivados,Observatório do Terceiro Setor — editais,V,completa,bronze,0,"2027 (provável, não confirmada)",baixa,não
op-6ecea0de4f66,Parque Bondinho Pão de Açúcar abre edital para projetos culturais incentivados Iniciativas aprovadas na Lei do ISS do Rio de Janeiro podem receber incentivo em ,Motor do Piloto — busca aberta no terceiro setor,V,completa,bronze,0,"2027 (provável nova edição, não confirmada)",baixa,não
op-9c48f926d8de,Pausa Cotidiana - Parque Glória Maria (RJ),Mapa Cultural,D,completa,bronze,0,,baixa,não
op-6dde4cc20d6f,Pdf edital de credenciamento de no001/2026 - organizações da sociedade civil — Goiás,"MUNICÍPIO DE GOIANÉSIA, ESTADO DE GOIÁS",R,completa,bronze,0,"Fluxo contínuo, aberto (confirmada)",média,sim
op-d30007c5f96c,Pena pecuniária: Justiça goiana cria cadastro online de projetos sociais,Conselho Nacional de Justiça (republicação),R,completa,bronze,0,,baixa,depende
op-5e28540d3e9d,Perform Europe abre terceira convocatória para digressões transfronteiriças (artes performativas),DGARTES,R,completa,bronze,0,,baixa,não
op-c8e3d410641e,Petrobras abre edital para projetos de coleta e reciclagem de óleo de cozinha usado,,A,completa,bronze,0,,baixa,não
op-9f53e18de343,Prague City of Literature — Creative Residency 2027,Prague City of Literature / Municipal Library of Prague,D,completa,bronze,0,,baixa,não
op-a65f0e054dda,"Prefeitura (município a confirmar) — Edital nº 004/2026 — a aquisição parcelada e contínua de gêneros alimentícios hortifrutigranjeiros, produzidos pela Agricul",Prefeitura (município a confirmar),D,completa,bronze,0,,baixa,não
op-ff20213995f2,Prefeitura de Goiatuba — Edital nº 004/2026,Prefeitura de Goiatuba,V,completa,bronze,0,Aberta de 01 a 13/10/2026 (confirmada),baixa,depende
op-73c0b982aa92,Prefeitura de Nova Iguaçu de Goiás — Edital nº 001/2026 — Goiás / Nova Iguaçu de Goiás,Prefeitura de Goiânia,D,completa,bronze,0,,baixa,não
op-54265fb55ea3,"Prestação de serviços como oficineiros para o projeto ""Oficinas Experimentais de Arte e Cultura"" do programa… — MUNICIPIO DE UBERLANDIA",MUNICIPIO DE UBERLANDIA,D,completa,bronze,0,,baixa,não
op-a91c430a127a,"Programa Ciclos de Saberes e Conhecimentos Tradicionais, Populares e das Artes",,D,completa,bronze,0,,baixa,não
op-1dcadb5bdda6,Programa Funarte Aberta,Funarte,V,completa,prata,0,"dez/2027 (prevista: mesmo mês das edições de 2024, 2026)",baixa,depende
op-cbf8f650b3e7,Programa Funarte Aberta 2025 - Ocupação dos Espaços Culturais da Funarte MG E SP,Funarte,A,completa,prata,0,"dez/2027 (prevista: mesmo mês das edições de 2024, 2026)",baixa,depende
op-c92f3272ecb6,Programa Funarte Aberta 2026 — Ocupação Gratuita dos Teatros Dulcina e Glauce Rocha (Rio de Janeiro),Fundação Nacional de Artes (Funarte),V,completa,bronze,0,nova edição não confirmada,média,depende
op-48b6d473759b,Programa Funarte Aberta 2026 — Ocupação da Sala Multiuso do Centro Técnico de Artes (Rio de Janeiro),Fundação Nacional de Artes (Funarte),V,completa,bronze,0,nova edição não confirmada,média,depende
op-130fc285fe28,Programa Funarte Brasil Conexões Internacionais,Funarte,A,completa,prata,0,"jul/2027 (prevista, a confirmar)",baixa,depende
op-10408777208d,Programa Funarte de Apoio a Ações Continuadas 2025,Funarte,A,completa,prata,0,,baixa,depende
op-01b4114c841f,Programa Ibercena - Confluências das Artes Cênicas Afro Ibero-americanas e da Diáspora,Funarte / Programa Ibercena,D,completa,bronze,0,,baixa,não
op-101f4b5419a1,Programa Ibercena - Convocatória 2025-2026,Funarte,A,completa,bronze,0,"2026 (convocatória 2026-2027), não publicada nas páginas lidas",baixa,"Sim, na linha coprodução e festivais (entidades/instituições)"
op-75f65044d904,Programa Ibermúsicas - Convocatórias 2025,Funarte,A,completa,bronze,0,2027,baixa,"Sim, para entidades programadoras de música"
op-e2d3c1bfab1b,Programa Incentivar abre inscrições para capacitação gratuita de projetos sociais,,D,completa,bronze,0,,baixa,não
op-c6743b908a17,Programa Marielle Franco - Apoio Individual - Baobá,Fundo Baobá para Equidade Racial,D,completa,bronze,0,,baixa,não
op-7716b6566aad,Programa Rouanet Centro-Oeste,Ministério da Cultura,A,completa,bronze,0,,baixa,sim
op-2e5964535d3f,Programa Rouanet nas Favelas 2,Ministério da Cultura,R,completa,bronze,0,,baixa,não
op-73969c87ed7a,Programa abre inscrições para apoiar projetos socioambientais com até R$ 70 mil,,A,completa,bronze,0,,baixa,não
op-a8e20e91a4d0,Programa contra a insegurança alimentar,Fundação Salvador Arena,A,completa,bronze,0,mar/2027 prevista,baixa,sim
op-994f08c50d3f,Programa de Aceleração do Desenvolvimento de Lideranças Femininas Negras: Marielle Franco - 2ª Edição,Fundo Baobá,D,completa,bronze,0,,baixa,não
op-33c6379c2510,Programa de Apoio à Formação de Núcleos de Excelência – FAPESP-MCTI/CNPq-PRONEX – Chamada 2026,FAPESP / CNPq,D,completa,bronze,0,,baixa,não
op-266c2361304a,"Programa padrão de financiamento — Ásia, América Latina, Oriente Médio e Global",Karibu Foundation,R,completa,bronze,0,outubro/2026 (se aberto a novos parceiros),baixa,depende
op-d1d66e5324d0,Projeto Palco Livre De Vila Pavão - Fase 2,,R,completa,bronze,0,,baixa,não
op-f56af6746514,Projetos de impacto social podem concorrer a prêmio internacional de 100 mil euros,,A,parcial,bronze,1,2026 (primeira rodada abrirá 'em breve') - prevista,baixa,depende
op-2a72652689b1,Proteção de crianças e adolescentes,,R,completa,bronze,0,,baixa,depende
op-6f29bf2363f3,Prémio Imprensa Nacional / Ferreira de Castro 2026,Imprensa Nacional-Casa da Moeda (INCM),D,completa,bronze,0,,baixa,não
op-e617aaf3b704,Prémio Isabel M. Aguiar Branco e Silva abre 8ª edição para professores de Português,,D,completa,bronze,12,,baixa,
op-1fcf8ab188ca,Prémio VS. – Ernesto Sampaio 2026,VS. Editor (Vasco Santos Editor),D,completa,bronze,0,,baixa,não
op-7d490a25a123,Prémios da Associação Portuguesa de Museologia,Associação Portuguesa de Museologia (APOM),D,completa,bronze,0,,baixa,não
op-f509c52cc13a,Prêmio FGV de Responsabilidade Social – 3ª edição,FGV / Globo / Aegea,A,completa,bronze,0,,baixa,sim
op-b44c4dba68a9,Prêmio Funarte Marc Ferrez de Fotografia – 17ª Edição,Funarte,A,completa,prata,0,não prevista; sem edição 2025/2026 confirmada,baixa,depende
op-a49787165a41,Prêmio Guardiãs FNRB,,R,completa,bronze,0,,baixa,em regra não
op-66d20f1b88e1,Prêmio Ibermúsicas de composição de obra para Orquestra Sinfônica 2026: USD 2.500 e estreia por orquestra nacional,,V,completa,bronze,0,,baixa,
op-3d7be058b742,Prêmio Impacta Mais 2026,Companhia de Impacto / Certificadora Social,A,completa,bronze,0,,baixa,depende
op-3673ae77eae0,Prêmio Impactos Positivos 2026 recebe inscrições até 24 de julho,,A,completa,bronze,0,,baixa,não
op-a60e087d18cb,Prêmio Impactos Positivos 2026 — reconhecimento a negócios e iniciativas,Global Vision Access (GVA),D,completa,bronze,7,,baixa,depende
op-48d599939731,Prêmio LED Globo 2027,Globo (Movimento LED),A,completa,bronze,0,Prêmio LED Globo seguinte (2028) sem datas,baixa,depende
op-41bced747fb0,"Prêmio LED Globo 2027 abre inscrições com R$ 1,2 milhão em premiação",Observatório do Terceiro Setor — editais,A,completa,bronze,0,,baixa,depende
op-21c1d338588f,Prêmio Liga STEAM,,A,completa,bronze,0,,baixa,não
op-739f06ec3ce3,Prêmio Nacional Liga STEAM 2026 prorroga inscrições para 26 de junho,,A,completa,bronze,0,,baixa,não
op-d05354faf6aa,Prêmio Nacional Liga STEAM 2026 prorroga inscrições para 26 de junho Observatório 3º Setor (fonte) R$ 25 mil Aceita:   organizações da sociedade civil Prazo:  C,Piloto - Espião — busca aberta no terceiro setor,R,completa,bronze,0,,baixa,não
op-ecb6f49091a7,Prêmio Nacional Vozes Periféricas,Mapa Cultural,A,completa,bronze,0,,baixa,depende
op-1f00843f02a4,Prêmio Pacto Contra a Fome 2026 abre inscrições e deve distribuir R$ 600 mil para a iniciativas em todo o Brasil,,R,completa,bronze,0,,baixa,sim
op-48d835cc5b0f,Prêmio Zayed de Sustentabilidade – ciclo 2027,Prêmio Zayed (Emirados Árabes Unidos),A,completa,bronze,0,"Ciclo seguinte, inscrições provavelmente jan–jun/2027 (prevista)",média,depende
op-980bb3fd6d1f,Prêmio iCS-ANPEC de Economia & Clima – Edição 2026,Instituto Clima e Sociedade (iCS) e ANPEC,A,completa,bronze,0,,baixa,não
op-0d2ab7638fd7,Prêmio nacional da Enap oferece até R$ 20 mil para iniciativas que protegem crianças e adolescentes em situação de rua,,A,completa,bronze,0,,baixa,
op-bd01f26ced1b,Publicada Resolução que destina penas pecuniárias para projetos e entidades sociais,Conselho Nacional de Justiça (republicação),R,completa,bronze,0,,baixa,depende
op-20637754e778,"RECIFE CAMARA MUNICIPAL — Credenciamento, mediante prévio chamamento público, de entidades de lazer, associações, clubes e cooperativas de crédito.",RECIFE CAMARA MUNICIPAL,D,completa,bronze,0,,baixa,não
op-7a33a41da37e,REFERENTE A CONTRATAÇÃO DE ARTISTAS E PRODUTORES CULTURAIS PESSOAS JURÍDICAS (MEI) PARA MINISTRAR OFICINAS EM… — FUNDACAO MUNICIPAL DE CULTURA DE BALNEARIO PICA,FUNDACAO MUNICIPAL DE CULTURA DE BALNEARIO PICARRAS,D,completa,bronze,0,,baixa,não
op-0ec160525b20,REFERENTE A CONTRATAÇÃO DE ARTISTAS E PRODUTROES CULTURAIS PESSOAS JURÍDICAS (MEI) PARA MINISTRAR OFICINAS EM… — FUNDACAO MUNICIPAL DE CULTURA DE BALNEARIO PICA,FUNDACAO MUNICIPAL DE CULTURA DE BALNEARIO PICARRAS,D,completa,bronze,0,,baixa,não
op-f7f5315fbf56,RUSSAS- EDITAL DE CHAMAMENTO PÚBLICO Nº 003/2026 – PARA SELEÇÃO DE ORGANIZAÇÃO DA SOCIEDADE CIVIL PARA REALIZAÇÃO DO XIII FESTIVAL BEIJA-FLOR,,V,completa,bronze,0,,baixa,não
op-925129fbe144,"Realização de Procedimento Auxiliar de Credenciamento, visando selecionar e habilitar artistas na categoria… — MUNICIPIO DE PORTALEGRE",MUNICIPIO DE PORTALEGRE,D,completa,bronze,0,,baixa,não
op-aface4f1d06a,Recursos livres e carimbados devem financiar tanto os projetos quanto a estrutura das OSCs,,D,completa,bronze,0,,baixa,não
op-e455c74edd1c,Rede Memória Viva abre edital para fortalecer afroturismo e cultura negra,,V,completa,bronze,0,,baixa,sim
op-ea890a898b0a,Rede Memória Viva abre inscrições para organizações culturais - Viva ...,,V,completa,bronze,0,,baixa,sim
op-edd38c624f34,Rede Memória Viva abre inscrições para organizações que preservam a ...,,V,completa,bronze,0,,baixa,sim
op-1774cb83232d,Rede Memória Viva: Inscrições Abertas Agora,,V,completa,bronze,0,,baixa,sim
op-606bca20bb69,"Residência Institut français × Cité internationale des arts 2027 — Paris, aberta a qualquer nacionalidade",,D,completa,bronze,0,,baixa,não
op-b729bf53043d,Residência Online com Efe Godoy 2026 — Centro Cultural Veras,Centro Cultural Veras,D,completa,bronze,0,,baixa,não
op-de567e06f134,Rostocker Kunstpreis 2026,Kunsthalle Rostock / Kulturstiftung Rostock,D,completa,bronze,0,,baixa,não
op-342a90a9c465,SAO PAULO TRIBUNAL DE JUSTICA — Chamamento Público para seleção e cadastro de cooperativas e/ou associações de catadores de materiais recicláveis aptas a realiz,SAO PAULO TRIBUNAL DE JUSTICA,R,parcial,prata,5,,baixa,depende
op-85b0c7635132,"SBPC vai à Escola: Atividades de Educação, Divulgação Científica, Tecnológica e de Inovação (programa 24000)","MINISTÉRIO DA CIÊNCIA, TECNOLOGIA E INOVAÇÃO",P,pendente,bronze,10,,baixa,depende
op-efcd284e1bc7,"SECRETARIA MUNICIPAL DE EDUCACAO — Contratação, pelo PODER CONCEDENTE, representado pela SECRETARIA MUNICIPAL DE EDUCAÇÃO (“CONTRATANTE”), de pessoa jurídica pa",SECRETARIA MUNICIPAL DE EDUCACAO,D,completa,bronze,0,,baixa,não
op-e8af24936609,SECTI-GO (ciência e tecnologia) — Edital nº 002/2026,SECTI-GO (ciência e tecnologia),V,completa,bronze,0,,baixa,depende
op-56a4dfce0717,SECTI-GO (ciência e tecnologia) — Edital nº 002/2026,SECTI-GO,V,completa,bronze,0,,baixa,depende
op-ea02869f52e5,SECTI-GO (ciência e tecnologia) — Edital nº 002/2026 — Goiás,SECTI-GO,V,completa,bronze,0,,baixa,depende
op-e9436e0c431a,SECTI-GO (ciência e tecnologia) — Edital nº 002/2026 — Goiás — Goiás,"SECRETARIA DE ESTADO DE CIÊNCIA, TECNOLOGIA E INOVAÇÃO - SECTI",V,completa,bronze,0,,baixa,depende
op-bc54a22567bf,SECULTFOR - EDITAL DE SELEÇÃO SIMPLIFICADA DE ARTISTAS EM SITUAÇÃO DE RUA OU EM PROCESSO DE SUPERAÇÃO DA SITUAÇÃO DE RUA | PROJETO VOZES DA RUA,,D,completa,bronze,0,,baixa,não
op-415e2d6da023,SEGENP (gestão de negócios e parcerias) — Edital nº 001/2026 — Celebração de Termo de Colaboração com Organização da Sociedade Civil (OSC) visando ao planejamen,Prefeitura de Goiânia,V,completa,bronze,0,,baixa,
op-706c4a51c70d,Saberes populares na universidade: MEC e MinC lançam edital Ciclos de Saberes para instituições federais,Plataforma 9,D,completa,bronze,0,,baixa,não
op-c1077f175c8b,San Training Week - Programa Formativo de Jovens Embaixadores do Oceano,ZM BLOCOS LTDA,D,completa,bronze,0,,baixa,não
op-cd408c5b6b6c,Secretaria de Cultura de Guaramiranga,,V,parcial,bronze,5,,baixa,não
op-761b03840bf6,"Secretaria de Estado de Desenvolvimento Social (SEDS) — fundos e conselhos (FIA/CEDCA, Idoso, FEAS/CEAS, FUNJUVE) — Edital de chamamento público – 001/2026 – So","Secretaria de Estado de Desenvolvimento Social (SEDS) — fundos e conselhos (FIA/CEDCA, Idoso, FEAS/CEAS, FUNJUVE)",V,completa,bronze,0,,baixa,depende
op-a4c620400de5,Secult Goiás divulga plano de ação final do edital Arranjos Regionais 2026,,V,completa,bronze,0,08/10/2026 a 01/12/2026 confirmada,média,"não, salvo OSC registrada como produtora brasileira independente na ANCINE"
op-c734fac6e9a4,Sede de grupo escoteiro no Riacho Fundo I é inaugurada com recurso de medidas alternativas,MPDFT — Sema Riacho Fundo,D,completa,bronze,0,,baixa,não
op-b2c4960d0d2c,Seleção 2026 por carta-convite — Fundos de Meio Ambiente & Mudanças Climáticas e de Equidade de Gênero,BrazilFoundation,A,completa,bronze,0,,baixa,não
op-59d9ff5da0d7,Seleção Petrobras Cultural 2026,Petrobras,A,completa,bronze,0,"jul/2027 (prevista, sem confirmação)",baixa,depende
op-aaed373e3236,Seleção Pública de Projetos para Patrocínio Cultural nº 01/2025 - Projetos Audiovisuais de Longa-metragem,BNDES — Área Social,A,parcial,bronze,6,,baixa,depende
op-69a474515ec2,Seleção de Monitores para a Semana Nacional de Ciência e Tecnologia (SNCT) Maranhão 2026,,D,completa,bronze,0,,baixa,não
op-cd75b2897141,Seleção de bailarinos e bailarinas para compor o coletivo de Dança contemporânea Gáspea,,D,completa,bronze,0,,baixa,não
op-3bca4ad026cd,"Seleção de propostas para a celebração de parceria entre o Município de Indaiatuba, por intermédio da Secretaria Municipal de Serviços Urbanos e Meio Ambiente e",Município de Indaiatuba,A,parcial,bronze,4,,baixa,
op-078c1b888faf,Senador Canedo divulga edital de apoio a projetos para a pessoa idosa,,A,completa,bronze,0,,baixa,sim
op-22d2af1078a8,Solicite seu financiamento - BNDES,,D,completa,bronze,12,,baixa,
op-c8b8086a7e85,Soluções de Adaptação Climática baseada em territórios e comunidades,,A,completa,bronze,0,,baixa,não
op-b7024a4e95b6,Subsídio de Desenvolvimento Comunitário,Inter-American Foundation,R,completa,bronze,0,fluxo contínuo; hoje pausado (confirmada a pausa pela página),alta,depende
op-8e7fd261e620,TESTE EDITAL 0026,,D,completa,bronze,0,,baixa,não
op-240223454221,TESTE EDITAL COM PARECERISTA,,D,completa,bronze,0,,baixa,não
op-628b281e0b9e,TRIBUNAL DE JUSTICA DO ESTADO DE ALAGOAS — [LICITANET] - Chamamento público na forma de credenciamento de associações e/ou cooperativas de trabalhadores catador,TRIBUNAL DE JUSTICA DO ESTADO DE ALAGOAS,R,parcial,prata,5,,baixa,depende
op-4c282607bda1,TRIBUNAL REGIONAL ELEITORAL DO AMAZONAS — O presente procedimento tem por objeto selecionar as associações e/ou cooperativas de catadores de materiais recicláve,TRIBUNAL REGIONAL ELEITORAL DO AMAZONAS,R,parcial,bronze,2,,baixa,depende
op-07dfbfa866be,TRIBUNAL SUPERIOR DO TRABALHO — Credenciamento de Cooperativas ou Associações de catadores de materiais recicláveis para a realização dos serviços de eliminação,PNCP — TRIBUNAL SUPERIOR DO TRABALHO,R,parcial,prata,5,,baixa,depende
op-32038dfd646e,TRIBUNAL SUPERIOR DO TRABALHO — EDITAL CREDENCIAMENTO 001/2024 - Credenciamento de associações e/ou cooperativas de catadores de materiais recicláveis para reco,TRIBUNAL SUPERIOR DO TRABALHO,A,parcial,prata,2,,baixa,depende
op-5e5d6eec59b4,"TaDA — Textile and Design Alliance, Residência 2027",TaDA – Textile and Design Alliance,D,completa,bronze,0,,baixa,não
op-84c6ec96a3d5,"Teatre Nu abre la 5ª Convocatoria de Residencias Iberoamericanas de Creación Escénica para 2026 [Sant Martí de Tous, España]",Iberescena,D,completa,bronze,0,,baixa,não
op-3722e6fbb0ad,Tela Plus – Plataforma de Streaming dedicada aos produtores independentes Capixaba.,,D,completa,bronze,0,,baixa,não
op-d791fdb22c79,Territórios da Escrita,Mapa Cultural,D,completa,bronze,0,,baixa,não
op-0a959e4e06c8,The BNDES - BNDES,,D,completa,bronze,12,,baixa,
op-49972c48941e,The BNDES Abroad - BNDES,,D,completa,bronze,12,,baixa,
op-576f3ceb2b71,The BNDES System - BNDES,,D,completa,bronze,12,,baixa,
op-1c23345c1591,UNDEF CSO Round Table during the 70th session of the CSW | Democracy Fund,UNDEF,D,completa,bronze,0,,baixa,não
op-d78b71950718,"UNDEF — chamada anual 2026 (anunciada, datas ainda não publicadas)",Fundo das Nações Unidas para a Democracia (UNDEF) — UN Office for Partnerships,A,completa,prata,0,"2026, datas não divulgadas",baixa,"Sim, se promover democracia"
op-69ee703be4a1,UNIVERSIDADE FEDERAL DE CAMPINA GRANDE — Credenciamento de Instituições Financeiras visando a operacionalização de “CONTADEPÓSITO VINCULADA - BLOQUEADA PARA MOV,UNIVERSIDADE FEDERAL DE CAMPINA GRANDE,D,completa,bronze,0,,baixa,não
op-bb05d56d1dae,UNIVERSIDADE FEDERAL DE PERNAMBUCO — Selecionar e habilitar as associações e/ou cooperativas de catadores de materiais recicláveis aptas a firmar Termo de Compr,UNIVERSIDADE FEDERAL DE PERNAMBUCO,R,parcial,bronze,2,,baixa,depende
op-d93ed976694e,"UNIVERSIDADE FEDERAL DE RORAIMA — seleção de ensaios fotográficos inéditos sobre a temática “Onde os meus pés me levam?”, mediante avaliação técnico-artística d",UNIVERSIDADE FEDERAL DE RORAIMA,D,completa,bronze,0,,baixa,não
op-412f91dae8d1,"UNIVERSIDADE FEDERAL RURAL DA AMAZONIA — PROCEDIMENTO DE HABILITAÇÃO DAS ASSOCIAÇÕES E/OU COOPERATIVASDECATADORES DE MATERIAIS RECICLÁVEIS E REUTILIZÁVEIS, no i",UNIVERSIDADE FEDERAL RURAL DA AMAZONIA,A,parcial,bronze,2,,baixa,depende
op-2b73153da741,Understanding Ecosystem Dynamics and the Ecology of the Okavango River Basin,,D,completa,bronze,0,,baixa,não
op-a701145aaa7b,United States of America (USA) | Petrobras,,D,completa,bronze,12,,baixa,
op-1659e926a27a,VIFF — Un Brin de Court: festival de microcurtas,Club Audiovisuel de Vichy,D,completa,bronze,0,,baixa,não
op-30a99a5a0ee0,Ver edital,,A,completa,bronze,0,,baixa,não
op-e2b46c78f03f,Verba pecuniária auxilia na expansão de projetos sociais no Pará,Conselho Nacional de Justiça (republicação),R,completa,bronze,0,,baixa,depende
op-785cd7b1785d,Vila Pavão - EDITAL DE CHAMAMENTO PÚBLICO Nº 001/2026 - Circulação e Intercâmbio de Grupos,,V,completa,bronze,0,,baixa,não
op-4794f0a9dc57,Vila Pavão - EDITAL DE CHAMAMENTO PÚBLICO Nº 002/2026 - Apoio a Projetos Contínuos,,V,completa,bronze,0,,baixa,não
op-46728bd48ce0,Vila Pavão - EDITAL DE CHAMAMENTO PÚBLICO Nº 003/2026 - Artistas da Terra e Tocadores de Concertina,,V,completa,bronze,0,,baixa,não
op-c2a0a8da1eec,Vila Pavão - EDITAL DE CHAMAMENTO PÚBLICO Nº 004/2026 - Oficinas de Artesanato,,V,completa,bronze,0,,baixa,não
op-f4ffdbb22b25,Vila Pavão - EDITAL DE CHAMAMENTO PÚBLICO Nº 005/2026 - Credenciamento para aquisição de Ativos Culturais,,D,completa,bronze,0,,baixa,não
op-bf555d966ae9,Western Digital,,R,completa,bronze,0,"1º dez a 12 jan (prevista, por convite)",média,não
op-651b47cdca0b,WomenStrong International,,A,completa,bronze,0,,baixa,depende
op-3043edf7c806,YouTube do BNDES,,V,parcial,bronze,2,,baixa,depende
op-e447cd656ca7,Zurich Seguros abre edital de programa de capacitação e mentoria para organizações sociais,,A,completa,bronze,0,,baixa,sim
op-db32e97cc7a4,Zurich abre edital nacional para apoiar projetos sociais via leis de incentivo fiscal,,V,completa,bronze,0,,baixa,
op-dc44e75786b7,contratação dos serviços de cantores e bandas locais e regionais para apresentações em eventos da prefeitura… — MUNICIPIO DE CASA NOVA,MUNICIPIO DE CASA NOVA,D,completa,bronze,0,,baixa,não
op-1361aa4befd8,"credenciamento de artistas e profissionais do setor artístico para a prestação de serviços culturais, visando… — MUNICIPIO DE RIO FORMOSO",MUNICIPIO DE RIO FORMOSO,D,completa,bronze,0,,baixa,não
op-ac8d13318a8c,"credenciamento de artistas, grupos e/ou bandas para apresentação musical em eventos do calendário festivo do… — MUNICIPIO DE BARRA",MUNICIPIO DE BARRA,D,completa,bronze,0,,baixa,não
op-8834768d4158,"credenciamento de atividades, artistas, grupos e coletivos artísticos, interessados na prestação de serviços… — MUNICIPIO DE BALNEARIO ARROIO DO SILVA",MUNICIPIO DE BALNEARIO ARROIO DO SILVA,D,completa,bronze,0,,baixa,não
op-179a5fe5b56c,"credenciamento de bandas, artistas em diferentes estilos musicais e grupos de manifestações culturais, a fim… — MUNICIPIO DE CASTRO ALVES",MUNICIPIO DE CASTRO ALVES,D,completa,bronze,0,,baixa,não
op-e28482b50d38,"credenciamento de bandas, artistas em diferentes estilos musicais, a fim de atender com apresentações… — MUNICIPIO DE GOVERNADOR NEWTON BELLO",MUNICIPIO DE GOVERNADOR NEWTON BELLO,D,completa,bronze,0,,baixa,não
op-7df7ad9a72f8,"credenciamento de bandas, artistas, músicos e profissionais de arte e cultura locais para compor a… — MUNICIPIO DE JAGUAQUARA",MUNICIPIO DE JAGUAQUARA,D,completa,bronze,0,,baixa,não
op-ddbd925548bf,credenciamento de microempreendedor individuais para a prestação de serviços artísticos — MUNICIPIO DE JANDAIA,MUNICIPIO DE JANDAIA,D,completa,bronze,0,,baixa,não
op-c6263415eeb1,"credenciamento de microempreendedores individuais, microempresas ou pessoas jurídicas interessadas na… — MUNICIPIO DE AIMORES",MUNICIPIO DE AIMORES,D,completa,bronze,0,,baixa,não
op-5500a3439f3d,i3s.org.br/edital/,Motor do Piloto — busca aberta no terceiro setor,D,completa,prata,0,,baixa,sim
op-067bb76f97c8,iFood Chega Junto 2026,iFood,A,completa,prata,0,,baixa,depende
op-1d732030c24f,"o Chamamento Público nº 002/2026, destinado à seleção de projetos culturais para execução de oficinas de música, mediante celebração de Termo de Execução Cultur",,P,pendente,bronze,5,,baixa,
op-17dda5a29761,parceirosvoluntarios.org.br/wp-content/uploads/2026/01/Edital-Programa-Impulsionar-2026.pdf,Motor do Piloto — busca aberta no terceiro setor,D,completa,bronze,0,,baixa,não
op-1c26bab9cf4e,"plataforma editais terceiro setor ""brasil""",,D,completa,bronze,0,,baixa,não
op-9f5a677ee70e,plataforma_pid | Linktree,Funarte,A,completa,bronze,0,,baixa,Possível
op-e9f71fc7fd89,sfo3.digitaloceanspaces.com/iweventos/imagens/ccm/2026-06/EDITAL_ONGS_CONGRESSO_SBOC_2026.pdf,Motor do Piloto — busca aberta no terceiro setor,D,completa,bronze,0,,baixa,não
op-2cb2345b3786,Últimos dias para o encerramento das nossas convocatórias 2026,,D,completa,bronze,12,,baixa,
op-a2fd8ddff650,Últimos días para el cierre de nuestras convocatorias 2026,,D,completa,bronze,12,,baixa,
op-5366e4cb496c,"“CHAMAMENTO PÚBLICO PARA CREDENCIAMENTO DE ARTISTAS LOCAIS/REGIONAIS”, mediante pagamento de cachê, com base… — MUNICIPIO DE ALMIRANTE TAMANDARE",,D,completa,bronze,0,,baixa,não
op-cadfb96d5365,"️ A Conjunta considera que este edital apoia o desenvolvimento institucional de organizações da sociedade civil , pois apoia organizações que promovem e fortale",,V,completa,bronze,0,,baixa,
op-4f37da4ae3cc,"﻿O Fundo Nacional do Meio Ambiente torna público em 21/09/2026, o resultado preliminar do Edital FNMA nº 1/2026 - Iniciativa Arborizacidades",Fundo Nacional do Meio Ambiente,D,completa,bronze,0,,baixa,não
op-2f91ba3ea481,2º Desafio Fundo Catalisador 2030 – acesso à água e mudança do clima,Catalyst 2030 Brasil (recursos da AMA/Ambev),A,completa,prata,0,,baixa,depende
op-e8d0d11786f4,5º Prêmio de Comunicação Fundação José Luiz Setúbal,Fundação José Luiz Setúbal,D,completa,bronze,0,,baixa,não
op-2fd0615cf0bd,Amazônia Resiliente – Fortalecendo Soluções Comunitárias Frente às Mudanças Climáticas,Fundo Casa Socioambiental (apoio: Comic Relief),A,completa,prata,0,,baixa,não
op-eb51e4ab1a5c,Amazônia Viva – Fortalecendo a Autonomia e Resiliência dos Povos da Floresta,Fundo Casa Socioambiental (apoio: Gordon and Betty Moore Foundation),A,completa,prata,0,,baixa,não
op-5cb1ff8e3757,Apoio a Grupos de Base no Enfrentamento de Emergências Climáticas Provocadas a partir dos Incêndios Florestais,"Fundo Casa Socioambiental (apoio: Wellspring Philanthropic Fund, MacKenzie Scott)",A,completa,ouro,0,"set/2027 (prevista: mesmo mês das edições de 2023, 2024, 2026)",média,sim
op-23d17a445c06,Apoio a grupos locais no enfrentamento de Emergências Climáticas provocadas a partir dos Incêndios Florestais,"Fundo Casa Socioambiental (apoio: Instituto Itaúsa, Alliance for the Amazon and Beyond)",A,completa,ouro,0,"set/2027 (prevista: mesmo mês das edições de 2023, 2024, 2026)",média,sim
op-c0289af6330d,Black STEM – 1ª edição,Fundo Baobá para Equidade Racial (parceria B3 Social e BRASA),D,completa,bronze,0,,baixa,não
op-1cb1957ab4c8,Bolsa Funarte Brasil Conexões Internacionais 2024,Funarte,A,completa,prata,0,,baixa,depende
op-13fa9a35a173,Bolsa Funarte Brasil Conexões Internacionais 2025 - Temporada Cultural Brasil-França - Participação de jovens criadores(as) no Festival OFF Avignon e na Bienal de Dança de Lyon,Funarte,A,completa,prata,0,"jul/2027 (prevista, a confirmar)",baixa,depende
op-2e6186c74724,Bolsa Funarte de Mobilidade Artística Internacional,Funarte,A,completa,bronze,0,,baixa,depende
op-0d967bab6abb,Bolsas de pós-graduação,Fundação Maria Emília,D,completa,bronze,0,,baixa,não
op-cd7c576fd820,Cadastro Nacional de Pontos e Pontões de Cultura,,R,completa,bronze,0,,baixa,"sim, como certificação"
op-7dd5fc241767,Chamamento Público Nº 005/2026 para Seleção de Projetos para firmar Termo de execução Cultural com Recursos… — FUNDO MUNICIPAL DE EDUCACAO DE ALVORADA DO NORTE,Fundo Municipal de Educação de Alvora do Norte,A,completa,bronze,0,,baixa,Possível
op-d0b14166b0ce,"Chamamento Público nº 2/2025 SE/MS – Pronas/PCD (serviços médico-assistenciais, formação de RH e pesquisa)",Ministério da Saúde – Secretaria-Executiva,A,completa,prata,0,out–nov/2026 (prevista),baixa,depende
op-035581c627a1,"Chamamento Público nº 3/2025 SE/MS – Pronon (serviços médico-assistenciais, formação de RH e pesquisa)",Ministério da Saúde – Secretaria-Executiva,A,completa,prata,0,out–nov/2026 (prevista),baixa,depende
op-b3a554dc5ab7,Comunidades tradicionais da Amazônia,Fundo Casa Socioambiental,D,completa,bronze,0,"2027, não confirmada",baixa,"Sim, se orçamento até R$ 500 mil e atuar com comunidades da Amazônia"
op-6e95e4233463,Criança Esperança 2023/2024 (prorrogação),Criança Esperança / UNESCO,V,completa,bronze,0,,baixa,depende
op-22c0f9a5fc02,DEFENSORIA PUBLICA DO ESTADO DO PARANA — O objeto do presente credenciamento selecionar associações e/ou cooperativas de catadores de materiais recicláveis para,DEFENSORIA PUBLICA DO ESTADO DO PARANA,V,completa,prata,0,,baixa,não
op-ae3d51f0c9ac,Edital 01/2023 Viva Periferia – pessoa idosa,Secretaria Nacional dos Direitos da Pessoa Idosa (MDHC),A,completa,prata,0,,baixa,depende
op-06d586236f9c,Edital 2023 — Fundo de Equidade de Gênero,BrazilFoundation,A,completa,bronze,0,Nova rodada sem confirmação; em 2026 houve seleção por carta-convite (Meio Ambiente e Gênero),baixa,depende
op-b0c740ac2e05,Edital 2023 — Fundo de Meio Ambiente & Mudanças Climáticas,BrazilFoundation,A,completa,bronze,0,Nova rodada sem confirmação; em 2026 houve seleção por carta-convite (Meio Ambiente e Gênero),baixa,depende
op-700d0568d9a2,Edital ACT de financiamento de projetos em controle do tabaco,ACT Promoção da Saúde,A,completa,prata,0,,baixa,depende
op-1aa6b7c21701,Edital Ambev 2026: R$ 67M para Cultura e Esporte,,A,parcial,bronze,1,,baixa,sim
op-8bf4f201ccc1,Edital Ambev 2026: R$ 67M para Cultura e Esporte — Ambev,AMBEV,V,parcial,prata,2,prevista: nov/2026 (nova edição 2027),baixa,depende
op-c638d756c6bc,Edital Comunidades Tradicionais Lutando por Justiça Climática,Fundo Brasil de Direitos Humanos,A,completa,prata,0,,baixa,sim
op-960a607b22ce,Edital Fundo de Educação (Edital 2023),BrazilFoundation,A,completa,bronze,0,Nova rodada sem confirmação; em 2026 houve seleção por carta-convite (Meio Ambiente e Gênero),baixa,depende
op-7c410d703075,Edital Geral 2024 – Vozes por Direitos e Justiça: fortalecendo a autonomia e a ação da sociedade civil,Fundo Brasil de Direitos Humanos,A,completa,ouro,0,"dez/2026 (prevista, a confirmar)",média,sim
op-b0eb8c8aebca,Edital Itaú Viver Mais 2025 (7ª edição),Itaú Viver Mais / Fundo de Direitos da Pessoa Idosa,A,parcial,ouro,6,"mai/2027 (prevista: mesmo mês das edições de 2025, 2026)",média,depende
op-df2b26cf73c2,Edital Já É: Educação e Equidade Racial – 2ª edição,Fundo Baobá para Equidade Racial,D,completa,bronze,0,,baixa,não
op-49a93b05cb7d,Edital Labora – trabalhadores informais,Labora / Fundo Brasil de Direitos Humanos,A,completa,prata,0,"dez/2026–fev/2027 (prevista, sem confirmação)",baixa,depende
op-5f2b01f0099c,Edital de Chamamento Público nº 1/2025 – adaptação climática em periferias urbanas,Ministério das Cidades / Ministério do Meio Ambiente,A,parcial,prata,2,,baixa,depende
op-95ec751cc7e5,Edital de Termo de Execução Cultural referente ao Inventário Participativo,Iphan — Instituto do Patrimônio Histórico e Artístico Nacional,A,completa,prata,0,,baixa,depende
op-428c988f8ab5,Edital de fortalecimento de redes de economia solidária,Ministério do Trabalho e Emprego / SENAES,A,completa,bronze,0,,baixa,depende
op-2e12f3fadcbc,Edital nº 01/2024 – Plano de Desenvolvimento Sustentável dos Povos e Comunidades Tradicionais,Ministério do Meio Ambiente,P,pendente,bronze,11,,baixa,depende
op-c3b1e9469558,Edital nº 1/2023 – formação de mulheres em autonomia econômica e cuidado,Ministério das Mulheres,A,completa,prata,0,,baixa,depende
op-1a802f3ca907,Edital nº 2/2023 – educação para prevenção às violências contra mulheres,Ministério das Mulheres,A,completa,prata,0,,baixa,depende
op-c2877c517acb,Edital socioeconômico para mulheres negras,Fundação Banco do Brasil,D,completa,bronze,11,,baixa,depende
op-99938dad1ffc,Educação para o bem-viver – Apoio às comunidades indígenas pela equidade na educação,Fundo Casa Socioambiental (apoio: Imaginable Futures),A,completa,ouro,0,"jan/2027 (prevista: mesmo mês das edições de 2025, 2026)",baixa,não
op-c2f74cd53913,Educação para o bem-viver: apoio às comunidades quilombolas por uma educação antirracista,Fundo Casa Socioambiental (apoio: Imaginable Futures),A,completa,ouro,0,"fev/2027 (prevista: mesmo mês das edições de 2025, 2026)",baixa,não
op-0da47b0cfa76,Enfrentando o Racismo a partir da Base – 2024,Fundo Brasil de Direitos Humanos,A,completa,prata,0,,baixa,depende
op-d2e4bee2701b,FND Online - 3ª edição,"Festival Norte Dança (Porto, Portugal)",D,completa,bronze,0,,baixa,não
op-03c70c51481b,FUNDACAO UBERLANDENSE DO TURISMO ESPORTE E LAZER — Credenciamento de interessados (terceiro facilitador) na captação de recursos vinculados à lei estadual de in,FUNDACAO UBERLANDENSE DO TURISMO ESPORTE E LAZER,D,completa,bronze,0,,baixa,não
op-fd9cce2ef7a1,FUNDO MUNICIPAL DE ASSISTENCIA SOCIAL DE JOACABA — Credenciamento de organizações da sociedade civil para a prestação de serviços de acolhimento institucional d,FUNDO MUNICIPAL DE ASSISTENCIA SOCIAL DE JOACABA,V,parcial,prata,3,,baixa,depende
op-ad462c829bb1,"FUNDO MUNICIPAL DE ASSISTENCIA SOCIAL DE NOVA VENECIA — Contratação de vagas em Instituição de Longa Permanência para Pessoa Idosa-ILPI, especializadas na prest",FUNDO MUNICIPAL DE ASSISTENCIA SOCIAL DE NOVA VENECIA,V,parcial,prata,3,,baixa,depende
op-76e3c21e8461,"Fortalecendo Soluções de Povos Indígenas, Comunidades Tradicionais e Trabalhadores(as) rumo à Justiça Climática e à Transição Justa",Fundo Brasil de Direitos Humanos,A,completa,ouro,0,"mar/2027 (prevista: mesmo mês das edições de 2025, 2026)",média,sim
op-2c03cbc9c493,Fortalecendo Trabalhadores Informais na Luta por Direitos 2024,Fundo Brasil de Direitos Humanos,A,completa,prata,0,,baixa,sim
op-d8a423620811,Fortalecendo juventudes no enfrentamento ao racismo ambiental,"Fundo Casa Socioambiental (apoio: MacKenzie Scott, Grupo São Joaquim)",A,completa,ouro,0,"abr/2027 (prevista: mesmo mês das edições de 2024, 2026)",baixa,depende
op-3273c023dab8,Global Innovation Challenge (pessoas em situação de rua),Citi Foundation,P,pendente,bronze,3,,baixa,depende
op-432b81cf46f8,IA para sustentabilidade,Instituto Clima e Sociedade (iCS),A,completa,prata,0,,baixa,depende
op-c728cfc13d76,IA ponto 3 – capacitação de OSCs em inteligência artificial,IDIS / Google.org,A,completa,prata,0,"Chamada da Turma 2 (formação a partir de fev/2027), datas não publicadas (prevista)",média,sim
op-f31a36c44cc9,IX Concurso Internacional de Poetrix - AIP 2024,Academia Internacional Poetrix (AIP),D,completa,bronze,0,,baixa,não
op-f053150cafb5,Incidência Popular em Segurança Pública,Fundo Brasil de Direitos Humanos,A,completa,prata,0,,baixa,sim
op-f1ca705ce530,"MINISTERIO PUBLICO DO ESTADO DO PARANA — Selecionar associação e/ou cooperativa de catadores de materiais recicláveis, sem fins lucrativos, apta a realizar a co",MINISTERIO PUBLICO DO ESTADO DO PARANA,V,parcial,prata,3,,baixa,depende
op-0dfd6fb42c37,"MUNICIPIO DE ARTUR NOGUEIRA — CREDENCIAMENTO PARA FIRMAR ACORDO DE COOPERAÇÃO TÉCNICA, SEM ÔNUS PARA A ADMINISTRAÇÃO PÚBLICA COM EMPRESA DE ENGENHARIA ESPECIALI",MUNICIPIO DE ARTUR NOGUEIRA,D,completa,bronze,0,,baixa,não
op-59b917a8d20c,MUNICIPIO DE ARTUR NOGUEIRA — EDITAL DE CREDENCIAMENTO DE ORGANIZAÇÃO DE SOCIEDADE CIVIL (OSC´S) PARA PRESTAÇÃO DE SERVIÇOS EM ATENDIMENTO À DEMANDA DESTA SECRE,MUNICIPIO DE ARTUR NOGUEIRA,V,parcial,prata,4,,baixa,depende
op-b140f48b9f42,MUNICIPIO DE ARTUR NOGUEIRA — EDITAL DE CREDENCIAMENTO PARA PARCERIA EM REGIME DE COLABORAÇÃO ENTRE A SECRETARIA DE EDUCAÇÃO E ORGANIZAÇÃO DA SOCIEDADE CIVIL. A,MUNICIPIO DE ARTUR NOGUEIRA,V,parcial,prata,4,,baixa,depende
op-28d5ee680f80,MUNICIPIO DE BOM PRINCIPIO — Serviços de acolhimento institucional,MUNICIPIO DE BOM PRINCIPIO,D,completa,bronze,0,,baixa,depende
op-6d6589c5cc54,MUNICIPIO DE CARAZINHO — Atendimento de matrículas na educação infantil oferecida em escolas ou centros de educação infantil para crianças de zero até cinco ano,MUNICIPIO DE CARAZINHO,V,parcial,bronze,3,,baixa,depende
op-3f7791ae99be,"MUNICIPIO DE CARAZINHO — Celebração de termo de colaboração, com Organização da Sociedade Civil (OSC), em regime de mútua cooperação com a Administração Pública",MUNICIPIO DE CARAZINHO,V,parcial,bronze,3,,baixa,depende
op-9c6a3a9e8029,"MUNICIPIO DE CRICIUMA — CREDENCIAMENTO de Organizações da Sociedade Civil de Interesse Público (OSCIP), Sociedade de Crédito ao Microempreendedor e à Empresa de",MUNICIPIO DE CRICIUMA,D,completa,bronze,0,,baixa,não
op-0925b197576b,"MUNICIPIO DE CRICIUMA — Convocação de pessoas jurídicas, com ou sem fins lucrativos, interessadas em se credenciar para a prestação do serviço de acolhimento in",MUNICIPIO DE CRICIUMA,V,parcial,bronze,3,,baixa,depende
op-38d483143939,"MUNICIPIO DE DOIS VIZINHOS — Credenciamento de Instituições de Longa Permanência para Idosos – ILPI, para prestação de serviços de acolhimento institucional de ",MUNICIPIO DE DOIS VIZINHOS,D,completa,bronze,0,,baixa,não
op-13febe4fd16a,"MUNICIPIO DE ENTRE RIOS DO OESTE — Credenciamento acima indicado, tendo por objeto a credenciamento de cooperativas de crédito, agências Bancarias e agências de",MUNICIPIO DE ENTRE RIOS DO OESTE,D,completa,bronze,0,,baixa,não
op-774f3ae3d4ac,MUNICIPIO DE SAO JOSE DOS PINHAIS — Credenciar preferencialmente Cooperativas e Associações de Produtores Rurais vinculados á Agricultura Familiar do Município ,MUNICIPIO DE SAO JOSE DOS PINHAIS,D,completa,bronze,0,,baixa,não
op-64ec7a7c26cd,"MUNICIPIO DE SAO JOSE DOS PINHAIS — credenciar empresas instituições e/ou entidades socioassistenciais, regularmente constituídas, que tenham interesse em prest",MUNICIPIO DE SAO JOSE DOS PINHAIS,R,parcial,prata,4,,baixa,depende
op-575b9463fb1b,"MUNICIPIO DE SAPUCAIA DO SUL — O presente Termo de Colaboração tem por objeto estabelecer as condições para o atendimento à 50 crianças, em turno integral, admi",MUNICIPIO DE SAPUCAIA DO SUL,V,parcial,prata,4,,baixa,depende
op-91c2f4f3673b,"MUNICIPIO DE SERRO — CREDENCIAMENTO de Agricultores Familiares, Feirantes e Cooperativa da Agricultura Familiar do Serro, que possuem CAF (Cadastro Nacional da ",MUNICIPIO DE SERRO,D,completa,bronze,0,,baixa,não
op-5bef9637599b,Mata Atlântica Viva – apoiando soluções para conservação e regeneração,"Fundo Casa Socioambiental (apoio: Global Greengrants Fund, Instituto Itaúsa, Alliance for the Amazon and Beyond, Hempel Foundation)",A,completa,prata,0,,baixa,depende
op-3e36a30aaa79,Porta de Saída 2024: Direitos e Cidadania das Pessoas Egressas do Sistema Prisional,Fundo Brasil de Direitos Humanos,A,completa,prata,0,,baixa,depende
op-6bb9c6f483f2,Povos Indígenas Lutando por Justiça Climática,Fundo Brasil de Direitos Humanos,A,completa,prata,0,,baixa,depende
op-3c58d64d808f,Programa BTG Soma Empreendedorismo,BTG Pactual / AGO Social,P,pendente,bronze,12,,baixa,depende
op-3aa3c41ab683,Programa Funarte de Apoio a Ações Continuadas 2025 - Teatro,Funarte,A,completa,prata,0,,baixa,depende
op-789c308663e0,Programa Funarte de Difusão Nacional 2025 - Circuito Myriam Muniz de Teatro,Funarte,A,completa,prata,0,,baixa,depende
op-5d9a47874ee5,Programa Ibercena 2024,Funarte / Programa Ibercena,A,completa,prata,0,não prevista,baixa,depende
op-c58696af01ff,Programa de Apoio a Projetos de Equidade Racial no Câncer,Instituto Oncoguia,A,completa,prata,0,"set–out/2026 (prevista, sem confirmação; nenhuma edição 2026 vista)",baixa,depende
op-cc360a72c619,Projetos sustentáveis no Cerrado e na Caatinga,Fundo Ecos (ISPN),V,completa,prata,0,"nov/2027 (prevista: mesmo mês das edições de 2025, 2026)",média,não
op-b1fae525bf78,Pronon 2024 – Formação de RH e pesquisas clínicas/epidemiológicas,Ministério da Saúde – Secretaria-Executiva,A,parcial,prata,1,,baixa,depende
op-6bde8eb82f6a,Proteção de defensores de direitos humanos,Fundo Brasil de Direitos Humanos,R,completa,bronze,0,,baixa,depende
op-394704f3082e,Prêmio Educação para Gentileza e Generosidade 2025,Plataforma EGG,D,completa,bronze,0,,baixa,não
op-31d1eb1cb9a9,Prêmio Funarte Mestras e Mestres das Artes 2025,Funarte,A,completa,bronze,0,não prevista; edição 2026 não confirmada,baixa,não
op-a65d310953d3,Prêmio Fundação Banco do Brasil de Tecnologia Social – 13ª edição,Fundação Banco do Brasil,A,completa,prata,0,não prevista,baixa,depende
op-0c7e07aa8d59,Prêmio LED 2025,Globo (Movimento LED),A,completa,bronze,0,Prêmio LED Globo seguinte (2028) sem datas,baixa,depende
op-ca7005d8d675,Prêmio VIVALEITURA 2025,Ministério da Cultura (livro e leitura),A,parcial,prata,1,"jun–jul/2027 (prevista, se houver nova edição)",baixa,depende
op-e863d54e9e07,REGIÃO CENTRO-OESTE: Agente Territorial de Cultura,Ministério da Cultura,D,completa,bronze,0,,baixa,não
op-dbf4d8cbaf7d,"Raízes: Comunidades Tradicionais, Quilombolas e Povos Indígenas Lutando por Justiça Climática",Fundo Brasil de Direitos Humanos,A,completa,ouro,0,"dez/2027 (prevista: mesmo mês das edições de 2024, 2026)",baixa,depende
op-1e602de57e22,Reforço imediato: Apoio Emergencial às Brigadas Voluntárias e Comunitárias,Fundo Casa Socioambiental (apoio: Instituto Itaúsa),A,completa,prata,0,,baixa,depende
op-24c7db2f8dcd,Resiliência Climática e Equidade de Gênero: Fortalecendo Comunidades para Promoção da Inclusão e Diversidade,"Fundo Casa Socioambiental (apoio: Aliança GAGGA, Global Greengrants Fund)",A,completa,prata,0,,baixa,depende
op-9a309ff852f6,SCDC/MinC - Prêmio Construção Nacional da Cultura Hip Hop 2023,Secretaria de Cidadania e Diversidade Cultural (SCDC/MinC),A,completa,prata,0,,baixa,depende
op-ec56a16100f7,SCDC/MinC - REABERTURA Edital nº 09/2023 Cultura Viva - Fomento a Pontões,Secretaria de Cidadania e Diversidade Cultural (SCDC/MinC),A,completa,bronze,0,,baixa,depende
op-7b9431e7cb2c,Segurança Integral de Defensoras/es de Direitos Humanos: Apoiando a Linha de Frente em Defesa da Democracia,Fundo Brasil de Direitos Humanos,A,completa,prata,0,,baixa,depende
op-50fec6c9f268,Selo Organização Parceira ChildFund (Legacy Fund) 2023,ChildFund Brasil,A,completa,prata,0,,baixa,sim
op-66ca048d7db5,TRIBUNAL DE JUSTICA DO ESTADO DO TOCANTINS — Credenciamento de associação e/ou cooperativa de catadores de materiais recicláveis por meio do Projeto Coleta Sele,TRIBUNAL DE JUSTICA DO ESTADO DO TOCANTINS,A,parcial,prata,2,,baixa,depende
op-73ab9be95221,TRIBUNAL SUPERIOR DO TRABALHO — CHAMAMENTO PÚBLICO DE INSTITUIÇÕES DE ENSINO SUPERIOR (IES) INTERESSADAS EM CELEBRAR ACORDO DE COOPERAÇÃO TÉCNICA E ACORDO DE CO,TRIBUNAL SUPERIOR DO TRABALHO,D,completa,bronze,0,,baixa,não
op-6b8887bef5bb,TRIBUNAL SUPERIOR DO TRABALHO — Credenciamento TRT4 n° 01/2023 Credenciamento de associações e/ou cooperativas de catadores de materiais recicláveis para recolh,TRIBUNAL SUPERIOR DO TRABALHO,R,parcial,prata,2,,baixa,depende
op-33aa6c17b941,"TRIBUNAL SUPERIOR DO TRABALHO — Credenciamento, visando a contratação onerosa de associações, cooperativas e/ou centrais de cooperativas de catadores de materia",TRIBUNAL SUPERIOR DO TRABALHO,D,completa,bronze,0,,baixa,não
op-282b8b176c85,TRIBUNAL SUPERIOR DO TRABALHO — Seleção de associações e cooperativas de catadores de materiais recicláveis aptas a recolherem os resíduos destinados à reciclag,TRIBUNAL SUPERIOR DO TRABALHO,R,parcial,prata,2,,baixa,depende
op-cc39b07683ca,"TRIBUNAL SUPERIOR ELEITORAL — Credenciamento de associações e/ou cooperativas de catadores de materiais recicláveis, para recolhimento e processamento de materi",TRIBUNAL SUPERIOR ELEITORAL,R,parcial,prata,2,,baixa,depende
op-d4907746c6f3,Teia da Sociobiodiversidade – 2024,Fundo Casa Socioambiental (apoio: Fundo Socioambiental CAIXA (FSA CAIXA)),A,completa,prata,0,,baixa,depende
op-ea07eb292d01,"Transição Justa e Trabalho Digno: Bem Viver para Trabalhadores dos Campos, das Águas e das Florestas",Fundo Brasil de Direitos Humanos,A,completa,prata,0,,baixa,depende
op-4884ee0deb27,UNDEF 18th annual call for proposals (Rodada 18) — janela 1 a 30 de novembro de 2023,Fundo das Nações Unidas para a Democracia (UNDEF) — UN Office for Partnerships,A,completa,prata,0,Chamada anual 2026: datas ainda não publicadas na página oficial (prevista),média,depende
op-ae7fc0847fed,Zurich Seguros – edital de apoio a projetos sociais com incentivo fiscal 2025,Zurich Seguros (apoio técnico IDIS),V,completa,bronze,0,set–out/2027 (prevista),baixa,depende
op-bdda6f400ec9,iFood Chega Junto – 2ª edição,iFood,A,completa,prata,0,,baixa,depende
